canonical_smiles,standard_value,mol
B.CP(c1ccccc1)c1ccc(O)cc1,9800.0,<rdkit.Chem.rdchem.Mol object at 0x000001F2C84906D0>
B.Oc1ccc(P(c2ccccc2)c2ccccc2)cc1,12000.0,<rdkit.Chem.rdchem.Mol object at 0x000001F2C8490740>
Br.C=CCOC(C)C1=CC(C)(C)Nc2ccc(-c3cc(F)ccc3OC)cc21,2000.0,<rdkit.Chem.rdchem.Mol object at 0x000001F2C84907B0>
BrC1=CN2NC(c3cc4ccccc4n3Cc3ccccc3)=NC2N=C1,539.18,<rdkit.Chem.rdchem.Mol object at 0x000001F2C8490820>
Brc1ccc(-c2nnc(-c3cccnc3)c3conc23)cc1,6621.2,<rdkit.Chem.rdchem.Mol object at 0x000001F2C8490890>
Brc1ccc2[nH]c(-c3cc4ccccc4[nH]3)nc2c1,80.36,<rdkit.Chem.rdchem.Mol object at 0x000001F2C8490900>
Brc1ccc2[nH]c(-c3cc4ccccc4n3Cc3ccccc3)nc2c1,73.61,<rdkit.Chem.rdchem.Mol object at 0x000001F2C8490970>
Brc1ccccc1-c1nnc(CSc2nnnn2-c2ccccc2)o1,50000.0,<rdkit.Chem.rdchem.Mol object at 0x000001F2C84909E0>
Brc1cnc2[nH]c(-c3cc4ccccc4n3Cc3ccccc3)nc2c1,300.43,<rdkit.Chem.rdchem.Mol object at 0x000001F2C8490A50>
C#CCN(c1ccc(C(=O)N[C@@H](CCC(=O)N[C@H](CCC(=O)O)C(=O)O)C(=O)O)cc1)C1CCc2cc3nc(CO)[nH]c(=O)c3cc21,1.0,<rdkit.Chem.rdchem.Mol object at 0x000001F2C8490AC0>
C#CCN1CC(Oc2cc(F)c([C@@H]3c4[nH]c5ccccc5c4C[C@@H](C)N3CC(C)(C)F)c(F)c2)C1,0.083,<rdkit.Chem.rdchem.Mol object at 0x000001F2C8490B30>
C#CC[C@]12CC[C@H](O)CC1=CCC1C2CC[C@@]2(C)C1CC[C@@H]2O,4643.0,<rdkit.Chem.rdchem.Mol object at 0x000001F2C8490BA0>
C#C[C@]1(O)CCC2C3CC=C4C[C@@H](O)CC[C@]4(C=C)C3CC[C@@]21C,147.0,<rdkit.Chem.rdchem.Mol object at 0x000001F2C8490C10>
C#C[C@]1(O)CC[C@H]2[C@@H]3CC=C4C=C(C)CC[C@]4(C=C)[C@H]3CC[C@@]21C,1850.0,<rdkit.Chem.rdchem.Mol object at 0x000001F2C8490C80>
C#C[C@]1(O)CC[C@H]2[C@@H]3CC=C4C[C@@H](O)CC[C@]4(C=C)[C@H]3CC[C@@]21C,150.0,<rdkit.Chem.rdchem.Mol object at 0x000001F2C8490CF0>
C#C[C@]1(O)CC[C@H]2[C@@H]3CCC4=CC(=O)CC[C@@H]4[C@H]3CC[C@@]21C,808.0,<rdkit.Chem.rdchem.Mol object at 0x000001F2C8490D60>
C#C[C@]1(O)CC[C@H]2[C@@H]3CCC4=Cc5oncc5C[C@]4(C)[C@H]3CC[C@@]21C,17790.0,<rdkit.Chem.rdchem.Mol object at 0x000001F2C8490DD0>
C#C[C@]1(O)CC[C@H]2[C@@H]3CCc4cc(O)ccc4[C@H]3CC[C@@]21C,2.0,<rdkit.Chem.rdchem.Mol object at 0x000001F2C8490E40>
C#C[C@]1(O)CC[C@H]2[C@@H]3CCc4cc(OC)ccc4[C@H]3CC[C@@]21C,18.0,<rdkit.Chem.rdchem.Mol object at 0x000001F2C8490EB0>
C#C[C@]1(O)CC[C@H]2[C@@H]3[C@H](C)CC4=C(CCC(=O)C4)[C@H]3CC[C@@]21C,433.3,<rdkit.Chem.rdchem.Mol object at 0x000001F2C8490F20>
C#C[C@]12CC[C@H](O)CC1=CCC1C2CC[C@@]2(C)C1CC[C@@H]2O,425.0,<rdkit.Chem.rdchem.Mol object at 0x000001F2C8490F90>
C#Cc1cc(-c2cc(F)c(O)c(F)c2)nc2ccc(O)cc12,4820.0,<rdkit.Chem.rdchem.Mol object at 0x000001F2C8491000>
C#Cc1cc(-c2ccc(O)c(F)c2)cc2ccc(O)cc12,247.0,<rdkit.Chem.rdchem.Mol object at 0x000001F2C8491070>
C#Cc1cc(-c2ccc(O)c(F)c2)nc2ccc(O)cc12,1309.0,<rdkit.Chem.rdchem.Mol object at 0x000001F2C84910E0>
C#Cc1cc(-c2ccc(O)cc2)nc2ccc(O)cc12,1500.0,<rdkit.Chem.rdchem.Mol object at 0x000001F2C8491150>
C#Cc1cc(O)cc2ccc(-c3ccc(O)c(F)c3)cc12,73.0,<rdkit.Chem.rdchem.Mol object at 0x000001F2C84911C0>
C#Cc1cc(O)cc2nc(-c3ccc(O)cc3)oc12,481.0,<rdkit.Chem.rdchem.Mol object at 0x000001F2C8491230>
C#Cc1ccccc1-c1sc2cc(O)ccc2c1Oc1ccc(/C=C/C(=O)O)cc1,890.0,<rdkit.Chem.rdchem.Mol object at 0x000001F2C84912A0>
C(=C/c1ccccc1)\CN1CCN(C(c2ccccc2)c2ccccc2)CC1,50000.0,<rdkit.Chem.rdchem.Mol object at 0x000001F2C8491310>
C/C(=C(/c1ccc(O)cc1)c1ccc(OCCN(C)C)cc1)c1ccccc1,1.3,<rdkit.Chem.rdchem.Mol object at 0x000001F2C8491380>
C/C(=C(/c1ccc(O)cc1)c1ccc(OCCN2CCCC2)cc1)c1ccccc1,0.8,<rdkit.Chem.rdchem.Mol object at 0x000001F2C84913F0>
C/C(=C(/c1ccc(O)cc1)c1ccc(OCCN2CCCCC2)cc1)c1ccccc1,0.4,<rdkit.Chem.rdchem.Mol object at 0x000001F2C8491460>
C/C(=C\C(=O)O)c1ccc(Oc2c(-c3ccc(O)cc3)sc3cc(O)ccc23)cc1,316.0,<rdkit.Chem.rdchem.Mol object at 0x000001F2C84914D0>
C/C(=C\c1ccc(Oc2c(-c3ccc(O)cc3)sc3cc(O)ccc23)cc1)C(=O)O,886.0,<rdkit.Chem.rdchem.Mol object at 0x000001F2C8491540>
C/C=C/C1=CC2=C(CO1)C(=O)[C@]1(C)OC(=O)[C@H](C(O)CCCCC)C1C2,16000.0,<rdkit.Chem.rdchem.Mol object at 0x000001F2C84915B0>
C/C=C/COC(=O)c1[nH]c2c(c1C)C(=O)CC(c1ccco1)C2,24676.33,<rdkit.Chem.rdchem.Mol object at 0x000001F2C8491620>
C/C=C/[C@]12CC[C@H](O)CC1=CCC1C2CC[C@@]2(C)C1CC[C@@H]2O,1164.0,<rdkit.Chem.rdchem.Mol object at 0x000001F2C8491690>
C/C=C/c1cccc2c(=O)oc3c(C)c(O)ccc3c12,3030.0,<rdkit.Chem.rdchem.Mol object at 0x000001F2C8491700>
C/C=C1/C(=O)C[C@H]2[C@@H]3CCC4=CC(=O)CC[C@]4(C)[C@H]3CC[C@]12C,62000.0,<rdkit.Chem.rdchem.Mol object at 0x000001F2C8491770>
C/C=C1/[C@H](O)C[C@H]2[C@@H]3CCc4cc(OC)ccc4[C@H]3CC[C@]12C,5490.0,<rdkit.Chem.rdchem.Mol object at 0x000001F2C84917E0>
C/C=C\[C@]12CC[C@H](O)CC1=CCC1C2CC[C@@]2(C)C1CC[C@@H]2O,1956.0,<rdkit.Chem.rdchem.Mol object at 0x000001F2C8491850>
C/C=C\[C@]12CC[C@H](O)CC1=CC[C@H]1[C@@H]3CC[C@H](O)[C@@]3(C)CC[C@@H]12,1956.0,<rdkit.Chem.rdchem.Mol object at 0x000001F2C84918C0>
C/C=C\c1cc(O)cc2nc(-c3ccc(O)cc3)oc12,775.0,<rdkit.Chem.rdchem.Mol object at 0x000001F2C8491930>
C/C=C\c1cc(O)cc2nc(-c3ccc(O)cc3F)oc12,539.0,<rdkit.Chem.rdchem.Mol object at 0x000001F2C84919A0>
C/N=C1\SC(CC(=O)Nc2ccc(C(C)=O)cc2)C(=O)N1C,50000.0,<rdkit.Chem.rdchem.Mol object at 0x000001F2C8491A10>
C1=C(c2ccccc2)C2(Cc3ccccc3C2)c2ccccc21,10000.0,<rdkit.Chem.rdchem.Mol object at 0x000001F2C8491A80>
C1CCC(c2nn3c(-c4[nH]nc5c4CCC5)nnc3s2)CC1,50000.0,<rdkit.Chem.rdchem.Mol object at 0x000001F2C8491AF0>
C=C(C)C(O)Cc1c(O)c(CC=C(C)C)c(O)c2c(=O)c(-c3ccc(O)c(O)c3)coc12,18000.0,<rdkit.Chem.rdchem.Mol object at 0x000001F2C8491B60>
C=C(C)C(O)Cc1c(O)c(CC=C(C)C)c2occ(-c3ccc(O)c(O)c3)c(=O)c2c1O,29000.0,<rdkit.Chem.rdchem.Mol object at 0x000001F2C8491BD0>
C=C(C)c1cc(O)cc2ncn(-c3ccc(O)cc3)c(=O)c12,43968.0,<rdkit.Chem.rdchem.Mol object at 0x000001F2C8491C40>
C=C1C=C2CC[C@H]3[C@@H]4CC[C@H](O)[C@@]4(C)CC[C@@H]3[C@@]2(C)CC1,640.0,<rdkit.Chem.rdchem.Mol object at 0x000001F2C8491CB0>
C=C1CC[C@@H](O)[C@]2(C)CC[C@@](O)(C(C)C)[C@H](O)[C@@H]12,2800000.0,<rdkit.Chem.rdchem.Mol object at 0x000001F2C8491D20>
C=CC(=O)N1CCN(c2cc(F)c([C@@H]3c4[nH]c5ccccc5c4C[C@@H](C)N3CC(C)(C)F)c(F)c2)CC1,1000.0,<rdkit.Chem.rdchem.Mol object at 0x000001F2C8491D90>
C=CCC(NC(=O)[C@H](CC(C)C)NC(=O)[C@@H](NC(=O)[C@@H](CC=C)NC(=O)[C@@H](N)CCCNC(=N)N)[C@@H](C)CC)C(=O)N[C@@H](CCCNC(=N)N)C(=O)NC(CC(C)(C)C)C(=O)N[C@@H](CC(C)C)C(=O)N[C@@H](CCC(N)=O)C(N)=O,1000.0,<rdkit.Chem.rdchem.Mol object at 0x000001F2C8491E00>
C=CCC1(C)Oc2c(ccc(O)c2C)-c2c(C)cc(O)c(C)c21,157.0,<rdkit.Chem.rdchem.Mol object at 0x000001F2C8491E70>
C=CCCC[C@](C)(NC(=O)[C@H](CCCCN)NC(=O)[C@H](Cc1cnc[nH]1)NC(C)=O)C(=O)N[C@@H](CC(C)C)C(=O)N[C@@H](Cc1cnc[nH]1)C(=O)N[C@@H](CCC(N)=O)C(=O)N[C@@](C)(CCCC=C)C(=O)N[C@@H](CC(C)C)C(=O)N[C@@H](CCC(N)=O)C(=O)N[C@@H](CC(=O)O)C(=O)N[C@@H](CO)C(N)=O,1200.0,<rdkit.Chem.rdchem.Mol object at 0x000001F2C8491EE0>
C=CCC[C@H](O)[C@H]1CCCC2=Cc3c(cnn3-c3ccc(F)cc3)C[C@@]21C,1000.0,<rdkit.Chem.rdchem.Mol object at 0x000001F2C8491F50>
C=CCN1CC(Oc2cc(F)c([C@@H]3c4[nH]c5ccccc5c4C[C@@H](C)N3CC(C)(C)F)c(F)c2)C1,0.15,<rdkit.Chem.rdchem.Mol object at 0x000001F2C8491FC0>
C=CCNc1nc(-c2cccc(OC)c2O)nc2ccccc12,50000.0,<rdkit.Chem.rdchem.Mol object at 0x000001F2C8492030>
C=CCOC(C)C1=CC(C)(C)Nc2ccc(-c3cc(F)ccc3OC)cc21,2000.0,<rdkit.Chem.rdchem.Mol object at 0x000001F2C84920A0>
C=CCOC(C)C1=CC(C)(C)Nc2ccc(-c3cc(F)ccc3OC)cc21.Cl,2000.0,<rdkit.Chem.rdchem.Mol object at 0x000001F2C8492110>
C=CCOc1ccc(CC2C(=O)N(C)C(=O)N(C)C2=O)cc1,50000.0,<rdkit.Chem.rdchem.Mol object at 0x000001F2C8492180>
C=CCSC1=N/C(=C\C=C\c2ccco2)C(=O)S1,50000.0,<rdkit.Chem.rdchem.Mol object at 0x000001F2C84921F0>
C=CCSCC1=CC(C)(C)Nc2ccc(-c3cc(F)ccc3OC)cc21,2000.0,<rdkit.Chem.rdchem.Mol object at 0x000001F2C8492260>
C=CC[C@@H]1C2=CC[C@H]3[C@@H]4CC[C@H](O)[C@@]4(C)CC[C@@H]3[C@@]2(C=C)CC[C@@H]1O,10000.0,<rdkit.Chem.rdchem.Mol object at 0x000001F2C84922D0>
C=CC[C@@]12CC[C@](O)(C#CC)C[C@H]1CCc1cc(O)ccc12,93.0,<rdkit.Chem.rdchem.Mol object at 0x000001F2C8492340>
C=CC[C@]12CC[C@H](O)CC1=CCC1C2CC[C@@]2(C)C1CC[C@@H]2O,1738.0,<rdkit.Chem.rdchem.Mol object at 0x000001F2C84923B0>
C=CCc1cc(C)cc2c(=O)oc3c(C)c(O)ccc3c12,10000.0,<rdkit.Chem.rdchem.Mol object at 0x000001F2C8492420>
C=CCc1cc(O)cc2nc(-c3ccc(O)c(F)c3)oc12,1100.0,<rdkit.Chem.rdchem.Mol object at 0x000001F2C8492490>
C=CCc1cc(O)cc2nc(-c3ccc(O)cc3)oc12,727.0,<rdkit.Chem.rdchem.Mol object at 0x000001F2C8492500>
C=CCc1cc(O)cc2nc(-c3ccc(O)cc3F)oc12,98.0,<rdkit.Chem.rdchem.Mol object at 0x000001F2C8492570>
C=CCn1c(=O)[nH]c2cc(C(=O)N3CCN(c4ccc(C(C)=O)cc4)CC3)ccc2c1=O,50000.0,<rdkit.Chem.rdchem.Mol object at 0x000001F2C84925E0>
C=CCn1c(=O)c(C#N)cc2c(=O)n3ccccc3nc21,44689.26,<rdkit.Chem.rdchem.Mol object at 0x000001F2C8492650>
C=CCn1c(COc2cccc(C)c2)nnc1SCC(=O)NC(=O)NCc1ccco1,14821.67,<rdkit.Chem.rdchem.Mol object at 0x000001F2C84926C0>
C=CCn1c(SCC(=O)NC(=O)NCc2ccco2)nc2sc(CC)cc2c1=O,10088.75,<rdkit.Chem.rdchem.Mol object at 0x000001F2C8492730>
C=CCn1c(SCC(=O)NC2CCCCC2)nnc1C(C)NC(=O)c1cccs1,50000.0,<rdkit.Chem.rdchem.Mol object at 0x000001F2C84927A0>
C=CCn1nc(-c2ccc(O)cc2C)c2cccc(C(F)(F)F)c21,59.0,<rdkit.Chem.rdchem.Mol object at 0x000001F2C8492810>
C=CCn1nc(-c2ccc(O)cc2O)c2cccc(C(F)(F)F)c21,696.5,<rdkit.Chem.rdchem.Mol object at 0x000001F2C8492880>
C=C[C@H]1OC2(CCC3=Cc4c(cnn4-c4ccc(F)cc4)C[C@@]32C)O[C@@H]1C=C,10000.0,<rdkit.Chem.rdchem.Mol object at 0x000001F2C84928F0>
C=C[C@H]1OC2(CCCC3=Cc4c(cnn4-c4ccc(F)cc4)C[C@@]32C)O[C@@H]1C=C,10000.0,<rdkit.Chem.rdchem.Mol object at 0x000001F2C8492960>
C=C[C@]12CCC(=C)C=C1CC[C@H]1[C@@H]3CC[C@H](O)[C@@]3(C)CC[C@@H]12,10000.0,<rdkit.Chem.rdchem.Mol object at 0x000001F2C84929D0>
C=C[C@]12CCC(=O)C=C1CCC1C2CC[C@@]2(C)C1CC[C@@H]2O,10000.0,<rdkit.Chem.rdchem.Mol object at 0x000001F2C8492A40>
C=C[C@]12CCC(=O)C=C1CC[C@H]1[C@@H]3CC[C@H](O)[C@@]3(C)CC[C@@H]12,10000.0,<rdkit.Chem.rdchem.Mol object at 0x000001F2C8492AB0>
C=C[C@]12CCC(C)=CC1=CC[C@@H]1[C@@H]2CC[C@@]2(C)[C@H]1CC[C@]2(C)O,4380.0,<rdkit.Chem.rdchem.Mol object at 0x000001F2C8492B20>
C=C[C@]12CCC(C)=CC1=CC[C@H]1[C@@H]3CC[C@H](O)[C@@]3(C)CC[C@@H]12,1440.0,<rdkit.Chem.rdchem.Mol object at 0x000001F2C8492B90>
C=C[C@]12CCC(CC)=CC1=CC[C@H]1[C@@H]3CC[C@H](O)[C@@]3(C)CC[C@@H]12,3110.0,<rdkit.Chem.rdchem.Mol object at 0x000001F2C8492C00>
C=C[C@]12CCC(Cl)=CC1=CC[C@H]1[C@@H]3CC[C@H](O)[C@@]3(C)CC[C@@H]12,5740.0,<rdkit.Chem.rdchem.Mol object at 0x000001F2C8492C70>
C=C[C@]12CCC(c3ccccc3)=CC1=CC[C@H]1[C@@H]3CC[C@H](O)[C@@]3(C)CC[C@@H]12,10000.0,<rdkit.Chem.rdchem.Mol object at 0x000001F2C8492CE0>
C=C[C@]12CC[C@@](C)(O)CC1=CC[C@H]1[C@@H]3CC[C@H](O)[C@@]3(C)CC[C@@H]12,10000.0,<rdkit.Chem.rdchem.Mol object at 0x000001F2C8492D50>
C=C[C@]12CC[C@H](O)CC1=CCC1C2CC[C@@]2(C)C1CC[C@@H]2O,2236.0,<rdkit.Chem.rdchem.Mol object at 0x000001F2C8492DC0>
C=C[C@]12CC[C@H](O)CC1=CCC1C2CC[C@@]2(C)C1CC[C@]2(C)O,1053.0,<rdkit.Chem.rdchem.Mol object at 0x000001F2C8492E30>
C=C[C@]12CC[C@H](O)CC1=CC[C@@H]1[C@@H]2CC[C@@]2(C)[C@H]1CC[C@]2(C)O,1050.0,<rdkit.Chem.rdchem.Mol object at 0x000001F2C8492EA0>
C=C[C@]12CC[C@H](O)CC1=CC[C@H]1[C@@H]3CC[C@H](O)[C@@]3(C)CC[C@@H]12,2240.0,<rdkit.Chem.rdchem.Mol object at 0x000001F2C8492F10>
C=C[C@]12CC[C@](C)(O)CC1=CC[C@H]1[C@@H]3CC[C@H](O)[C@@]3(C)CC[C@@H]12,5300.0,<rdkit.Chem.rdchem.Mol object at 0x000001F2C8492F80>
C=Cc1c(Br)c(O)c(Br)c2nc(-c3ccc(O)c(F)c3)oc12,803.0,<rdkit.Chem.rdchem.Mol object at 0x000001F2C8492FF0>
C=Cc1cc(-c2ccc(O)c(F)c2)cc2ccc(O)cc12,254.0,<rdkit.Chem.rdchem.Mol object at 0x000001F2C8493060>
C=Cc1cc(-c2ccc(O)c(F)c2)nc2ccc(O)cc12,385.0,<rdkit.Chem.rdchem.Mol object at 0x000001F2C84930D0>
C=Cc1cc(-c2ccc(O)cc2)nc2ccc(O)cc12,504.0,<rdkit.Chem.rdchem.Mol object at 0x000001F2C8493140>
C=Cc1cc(C)cc2c(=O)oc3c(C)c(O)ccc3c12,10000.0,<rdkit.Chem.rdchem.Mol object at 0x000001F2C84931B0>
C=Cc1cc(O)c(Br)c2nc(-c3ccc(O)c(F)c3)oc12,1036.0,<rdkit.Chem.rdchem.Mol object at 0x000001F2C8493220>
C=Cc1cc(O)cc2c1-c1ccc(O)c(C)c1CC2,240.0,<rdkit.Chem.rdchem.Mol object at 0x000001F2C8493290>
C=Cc1cc(O)cc2ccc(-c3ccc(O)c(F)c3)cc12,527.0,<rdkit.Chem.rdchem.Mol object at 0x000001F2C8493300>
C=Cc1cc(O)cc2nc(-c3c(F)cc(O)cc3F)oc12,249.0,<rdkit.Chem.rdchem.Mol object at 0x000001F2C8493370>
C=Cc1cc(O)cc2nc(-c3cc(F)c(O)c(F)c3)oc12,10000.0,<rdkit.Chem.rdchem.Mol object at 0x000001F2C84933E0>
C=Cc1cc(O)cc2nc(-c3cc(F)c(O)cc3F)oc12,4040.0,<rdkit.Chem.rdchem.Mol object at 0x000001F2C8493450>
C=Cc1cc(O)cc2nc(-c3ccc(O)c(F)c3)oc12,1216.0,<rdkit.Chem.rdchem.Mol object at 0x000001F2C84934C0>
C=Cc1cc(O)cc2nc(-c3ccc(O)c(F)c3F)oc12,474.0,<rdkit.Chem.rdchem.Mol object at 0x000001F2C8493530>
C=Cc1cc(O)cc2nc(-c3ccc(O)cc3)oc12,447.0,<rdkit.Chem.rdchem.Mol object at 0x000001F2C84935A0>
C=Cc1cc(O)cc2nc(-c3ccc(O)cc3C)oc12,1116.0,<rdkit.Chem.rdchem.Mol object at 0x000001F2C8493610>
C=Cc1cc(O)cc2nc(-c3ccc(O)cc3F)oc12,227.0,<rdkit.Chem.rdchem.Mol object at 0x000001F2C8493680>
C=Cc1cc(OC)cc2c(=O)oc3c(C)c(O)ccc3c12,10000.0,<rdkit.Chem.rdchem.Mol object at 0x000001F2C84936F0>
C=Cc1ccc2c(c1)c(=O)oc1c(C)c(O)ccc12,4590.0,<rdkit.Chem.rdchem.Mol object at 0x000001F2C8493760>
C=Cc1cccc2c(=O)oc3c(C)c(O)ccc3c12,10000.0,<rdkit.Chem.rdchem.Mol object at 0x000001F2C84937D0>
CC#C[C@@]1(O)CC[C@@]2(CC)c3ccc(O)cc3CC[C@@H]2C1,89.0,<rdkit.Chem.rdchem.Mol object at 0x000001F2C8493840>
CC#C[C@@]1(O)CC[C@@]2(CC)c3ccc(OCc4cccnc4C)cc3CC[C@@H]2C1,10000.0,<rdkit.Chem.rdchem.Mol object at 0x000001F2C84938B0>
CC#C[C@@]1(O)CC[C@@]2(CC)c3ccc(OCc4ccncc4)cc3CC[C@@H]2C1,670.0,<rdkit.Chem.rdchem.Mol object at 0x000001F2C8493920>
CC#C[C@]1(O)CC[C@H]2[C@@H]3CCC4=CC(=O)CCC4=C3[C@@H](c3ccc(N(C)C)cc3)C[C@@]21C,5000.0,<rdkit.Chem.rdchem.Mol object at 0x000001F2C8493990>
CC#C[C@]1(O)C[C@H]2CCc3cc(O)ccc3[C@]2(CC)C[C@@H]1O,10000.0,<rdkit.Chem.rdchem.Mol object at 0x000001F2C8493A00>
CC#C[C@]1(O)C[C@H]2CCc3cc(O)ccc3[C@]2(CC)[C@H](O)C1,10000.0,<rdkit.Chem.rdchem.Mol object at 0x000001F2C8493A70>
CC#C[C@]1(O)C[C@H]2CCc3cc(OCc4cccnc4C)ccc3[C@]2(CC)C[C@@H]1O,10000.0,<rdkit.Chem.rdchem.Mol object at 0x000001F2C8493AE0>
CC#C[C@]12CC[C@H](O)CC1=CCC1C2CC[C@@]2(C)C1CC[C@@H]2O,8419.0,<rdkit.Chem.rdchem.Mol object at 0x000001F2C8493B50>
CC#Cc1cc(-c2ccc(O)c(F)c2)cc2ccc(O)cc12,343.0,<rdkit.Chem.rdchem.Mol object at 0x000001F2C8493BC0>
CC#Cc1cc(O)cc2ccc(-c3ccc(O)c(F)c3)cc12,180.0,<rdkit.Chem.rdchem.Mol object at 0x000001F2C8493C30>
CC(/C=N/NC(=N)N)=C(/Cl)c1ccccc1,37000.0,<rdkit.Chem.rdchem.Mol object at 0x000001F2C8493CA0>
CC(=C(c1ccc(O)cc1)c1ccc(O)cc1)c1c[nH]cn1,223.0,<rdkit.Chem.rdchem.Mol object at 0x000001F2C8493D10>
CC(=C(c1ccc(O)cc1)c1ccc(O)cc1)c1cccnc1,76.0,<rdkit.Chem.rdchem.Mol object at 0x000001F2C8493D80>
CC(=N)/C(C#N)=C(/O)CSc1nnc(-c2ccc(OC(F)F)cc2)o1,46575.4,<rdkit.Chem.rdchem.Mol object at 0x000001F2C8493DF0>
CC(=N)/C(C#N)=C(/O)CSc1nnc(COc2ccccc2Cl)o1,37218.71,<rdkit.Chem.rdchem.Mol object at 0x000001F2C8493E60>
CC(=N)/C(C#N)=C(/O)CSc1nnc(Cc2ccccc2F)n1N,50000.0,<rdkit.Chem.rdchem.Mol object at 0x000001F2C8493ED0>
CC(=O)/C=C/c1ccc(C2=C(c3ccc(O)cc3)CCOc3cc(F)ccc32)cc1,59.0,<rdkit.Chem.rdchem.Mol object at 0x000001F2C8493F40>
CC(=O)/C=C/c1ccc(Oc2c(-c3ccc(C(F)(F)F)cc3)sc3cc(O)ccc23)cc1,214.0,<rdkit.Chem.rdchem.Mol object at 0x000001F2C8498040>
CC(=O)/C=C/c1ccc(Oc2c(-c3ccc(F)cc3C(F)(F)F)sc3cc(O)ccc23)cc1,5.1,<rdkit.Chem.rdchem.Mol object at 0x000001F2C84980B0>
CC(=O)/C=C/c1ccc(Oc2c(-c3ccccc3C(C)C)sc3cc(O)ccc23)cc1,6.0,<rdkit.Chem.rdchem.Mol object at 0x000001F2C8498120>
CC(=O)C1(C(C)=O)Cc2ccc([C@]3(O)CC[C@H]4[C@@H]5CCc6cc(O)ccc6[C@H]5CC[C@@]43C)cc2C1,243.22,<rdkit.Chem.rdchem.Mol object at 0x000001F2C8498190>
CC(=O)N(C(C)=O)c1c(C#N)c(C)n(-c2ccccc2)c1C(=O)c1ccccc1,50000.0,<rdkit.Chem.rdchem.Mol object at 0x000001F2C8498200>
CC(=O)N1CCC(C2=C(C)c3cc(O)ccc3O[C@H]2c2ccc(OCCN3CC(CF)C3)cc2)CC1,100.0,<rdkit.Chem.rdchem.Mol object at 0x000001F2C8498270>
CC(=O)N1c2ccc(C3=C(c4ccc(O[C@H]5CCN(CCCF)C5)cc4)c4ccc(O)cc4CCC3)cc2CC1(C)C,22.0,<rdkit.Chem.rdchem.Mol object at 0x000001F2C84982E0>
CC(=O)NC(C)C(=O)OCC(=O)Nc1ccc(Br)cc1,50000.0,<rdkit.Chem.rdchem.Mol object at 0x000001F2C8498350>
CC(=O)NCCOC(=O)Nc1ccncc1,50000.0,<rdkit.Chem.rdchem.Mol object at 0x000001F2C84983C0>
CC(=O)N[C@@H](Cc1cnc[nH]1)C(=O)N[C@@H](CCCCN)C(=O)N[C@@]1(C)CCC/C=C\CCC[C@@](C)(C(=O)N[C@@H](CC(C)C)C(=O)N[C@@H](CCC(N)=O)C(=O)N[C@@H](CC(=O)O)C(=O)N[C@@H](CO)C(N)=O)NC(=O)[C@H](CCC(N)=O)NC(=O)[C@H](Cc2cnc[nH]2)NC(=O)[C@H](CC(C)C)NC1=O,760.0,<rdkit.Chem.rdchem.Mol object at 0x000001F2C8498430>
CC(=O)N[C@@H](Cc1cnc[nH]1)C(=O)N[C@@H](CCCCN)C(=O)N[C@@]1(C)CCC/C=C\CCC[C@@](C)(C(=O)N[C@@H](CC(C)C)C(=O)N[C@@H](CCC(N)=O)C(=O)N[C@@H](CC(=O)O)C(=O)N[C@@H](CO)C(N)=O)NC(=O)[C@H](CCCNC(=N)N)NC(=O)[C@H](Cc2cnc[nH]2)NC(=O)[C@H](CC(C)C)NC1=O,390.0,<rdkit.Chem.rdchem.Mol object at 0x000001F2C84984A0>
CC(=O)N[C@@H](Cc1cnc[nH]1)C(=O)N[C@@H](CCCCN)C(=O)N[C@@]1(C)CCC/C=C\C[C@@H](C)C[C@@](C)(C(=O)N[C@@H](CC(C)C)C(=O)N[C@@H](CCC(N)=O)C(=O)N[C@@H](CC(=O)O)C(=O)N[C@@H](CO)C(N)=O)NC(=O)[C@H](CCCNC(=N)N)NC(=O)[C@H](Cc2cnc[nH]2)NC(=O)[C@H](CC(C)C)NC1=O,1800.0,<rdkit.Chem.rdchem.Mol object at 0x000001F2C8498510>
CC(=O)N[C@@H](Cc1cnc[nH]1)C(=O)N[C@@H](CCCCN)C(=O)N[C@@]1(C)C[C@@H](C)C/C=C\CCC[C@@](C)(C(=O)N[C@@H](CC(C)C)C(=O)N[C@@H](CCC(N)=O)C(=O)N[C@@H](CC(=O)O)C(=O)N[C@@H](CO)C(N)=O)NC(=O)[C@H](CCCNC(=N)N)NC(=O)[C@H](Cc2cnc[nH]2)NC(=O)[C@H](CC(C)C)NC1=O,89.0,<rdkit.Chem.rdchem.Mol object at 0x000001F2C8498580>
CC(=O)N[C@@H](Cc1cnc[nH]1)C(=O)N[C@@H](CCCCN)C(=O)N[C@@]1(C)C[C@H](C)C/C=C\CCC[C@@](C)(C(=O)N[C@@H](CC(C)C)C(=O)N[C@@H](CCC(N)=O)C(=O)N[C@@H](CC(=O)O)C(=O)N[C@@H](CO)C(N)=O)NC(=O)[C@H](CCCNC(=N)N)NC(=O)[C@H](Cc2cnc[nH]2)NC(=O)[C@H](CC(C)C)NC1=O,96.0,<rdkit.Chem.rdchem.Mol object at 0x000001F2C84985F0>
CC(=O)Nc1ccc(/N=C/c2nc(-c3ccc(C)cc3)oc2O)cc1,8195.18,<rdkit.Chem.rdchem.Mol object at 0x000001F2C8498660>
CC(=O)Nc1ccc2c(c1)C(C)=C(c1ccc(F)cc1)[C@H](c1ccc(OCCN3CC(CF)C3)cc1)O2,100.0,<rdkit.Chem.rdchem.Mol object at 0x000001F2C84986D0>
CC(=O)Nc1ccc2nc(C)cc(O)c2c1,20985.72,<rdkit.Chem.rdchem.Mol object at 0x000001F2C8498740>
CC(=O)Nc1nc(C=C(Cl)Cl)cs1,50000.0,<rdkit.Chem.rdchem.Mol object at 0x000001F2C84987B0>
CC(=O)OC1CC(C)(C)N(OC(=O)c2ccc(N)cc2)C(C)(C)C1,26347.17,<rdkit.Chem.rdchem.Mol object at 0x000001F2C8498820>
CC(=O)O[C@H]1CC[C@@]2(C)C(=C([N+](=O)[O-])C[C@@H]3[C@@H]2CC[C@]2(C)/C(=C/c4ccccn4)CC[C@@H]32)C1,100000.0,<rdkit.Chem.rdchem.Mol object at 0x000001F2C8498890>
CC(=O)O[C@H]1CC[C@@]2(C)C(=CC[C@@H]3[C@@H]2CC[C@]2(C)/C(=C/c4ccccn4)CC[C@@H]32)C1,100000.0,<rdkit.Chem.rdchem.Mol object at 0x000001F2C8498900>
CC(=O)O[C@H]1CC[C@@]2(C)C(=CC[C@@H]3[C@@H]2CC[C@]2(C)/C(=C/c4ccccn4)[C@@H](O)C[C@@H]32)C1,100000.0,<rdkit.Chem.rdchem.Mol object at 0x000001F2C8498970>
CC(=O)Oc1cc2c(c(OC(C)=O)c1)C(=O)OCCCCCCCCCC2,10000.0,<rdkit.Chem.rdchem.Mol object at 0x000001F2C84989E0>
CC(=O)Oc1cc2c(c(OC(C)=O)c1)C(=O)O[C@H](C)CCCCCCC2,8360.0,<rdkit.Chem.rdchem.Mol object at 0x000001F2C8498A50>
CC(=O)Oc1ccc(/C(=C(/C)c2ccccc2)c2ccc(OCCN3CCCC3)cc2)cc1,7.7,<rdkit.Chem.rdchem.Mol object at 0x000001F2C8498AC0>
CC(=O)Oc1ccc(/C(=C(/C)c2ccccc2)c2ccc(OCCN3CCCCC3)cc2)cc1,12.4,<rdkit.Chem.rdchem.Mol object at 0x000001F2C8498B30>
CC(=O)Oc1ccc(/C(=C(\C)c2ccccc2)c2ccc(OCCN(C)C)cc2)cc1,22.0,<rdkit.Chem.rdchem.Mol object at 0x000001F2C8498BA0>
CC(=O)Oc1ccc(C(=C2CCCCC2)c2ccc(OC(C)=O)cc2)cc1,27.0,<rdkit.Chem.rdchem.Mol object at 0x000001F2C8498C10>
CC(=O)Oc1ccc2c(Oc3ccc(/C=C/C(=O)O)cc3)c(-c3ccccc3C(C)C)sc2c1,11.0,<rdkit.Chem.rdchem.Mol object at 0x000001F2C8498C80>
CC(=O)S[C@@H]1CC2=CC(=O)CC[C@]2(C)[C@H]2CC[C@@]3(C)[C@@H](CC[C@@]34CCC(=O)O4)[C@H]12,20000.0,<rdkit.Chem.rdchem.Mol object at 0x000001F2C8498CF0>
CC(=O)[C@H]1CC[C@H]2[C@@H]3CCC4=CC(=O)CC[C@]4(C)[C@H]3CC[C@]12C,1000.0,<rdkit.Chem.rdchem.Mol object at 0x000001F2C8498D60>
CC(=O)c1c(C)[nH]c(C(=O)COc2ccc(C#N)cc2)c1C,34038.51,<rdkit.Chem.rdchem.Mol object at 0x000001F2C8498DD0>
CC(=O)c1c(COC(=O)c2ccco2)nc2ccccc2[n+]1[O-],29237.26,<rdkit.Chem.rdchem.Mol object at 0x000001F2C8498E40>
CC(=O)c1cc(-c2ccc(O)c(F)c2)nc2ccc(O)cc12,3370.0,<rdkit.Chem.rdchem.Mol object at 0x000001F2C8498EB0>
CC(=O)c1cc(-c2ccc(O)cc2)nc2ccc(O)cc12,3138.0,<rdkit.Chem.rdchem.Mol object at 0x000001F2C8498F20>
CC(=O)c1cc(O)cc2cc(-c3ccc(O)cc3)oc12,103.0,<rdkit.Chem.rdchem.Mol object at 0x000001F2C8498F90>
CC(=O)c1ccc(NCC(=O)N2CCN(c3ccccc3)CC2)cc1,5018.36,<rdkit.Chem.rdchem.Mol object at 0x000001F2C8499000>
CC(=O)c1cccc(NC(=O)CN2C(=O)NC3(CCCCCCC3)C2=O)c1,48193.15,<rdkit.Chem.rdchem.Mol object at 0x000001F2C8499070>
CC(=O)c1cccc(NC(=O)Cc2cccs2)c1,18544.2,<rdkit.Chem.rdchem.Mol object at 0x000001F2C84990E0>
CC(=O)c1ccccc1-c1sc2cc(O)ccc2c1Oc1ccc(/C=C/C(=O)O)cc1,112.5,<rdkit.Chem.rdchem.Mol object at 0x000001F2C8499150>
CC(C)(C#N)c1cc(CSc2ccc(OS(N)(=O)=O)cc2)cc(Cn2cncn2)c1,3.5,<rdkit.Chem.rdchem.Mol object at 0x000001F2C84991C0>
CC(C)(C)C(=O)Oc1ccc2c(c1)O[C@@H](c1ccc(OCCN3CCCCC3)cc1)C1=C2COc2cc(OC(=O)C(C)(C)C)ccc21,1000.0,<rdkit.Chem.rdchem.Mol object at 0x000001F2C8499230>
CC(C)(C)C(=O)Oc1ccc2c(c1)O[C@H](c1ccc(OCCN3CCCCC3)cc1)C1=C2COc2cc(OC(=O)C(C)(C)C)ccc21,10000.0,<rdkit.Chem.rdchem.Mol object at 0x000001F2C84992A0>
CC(C)(C)Cc1c(O)cc(O)c2c1O[C@H](c1ccc(O)cc1)CC2=O,216.0,<rdkit.Chem.rdchem.Mol object at 0x000001F2C8499310>
CC(C)(C)OC(=O)C1=C(N)Oc2cc(O)ccc2C1c1ccc(OCCN2CCCC2)cc1,10.0,<rdkit.Chem.rdchem.Mol object at 0x000001F2C8499380>
CC(C)(C)OC(=O)C1=C(N)Oc2cc(O)ccc2C1c1ccc(OCCN2CCCCC2)cc1,90.0,<rdkit.Chem.rdchem.Mol object at 0x000001F2C84993F0>
CC(C)(C)OC(=O)N1CC=C(C2=C(c3ccc(O[C@H]4CCN(CCCF)C4)cc3)c3ccc(O)cc3CCC2)CC1,475.0,<rdkit.Chem.rdchem.Mol object at 0x000001F2C8499460>
CC(C)(C)OC(=O)N1CCN(c2ccc(/C(=C(/CCCO)c3ccccc3)c3ccc(Br)cc3)cc2)CC1,8800.0,<rdkit.Chem.rdchem.Mol object at 0x000001F2C84994D0>
CC(C)(C)OC(=O)N1CCOc2ccc(C3=C(c4ccc(O[C@H]5CCN(CCCF)C5)cc4)c4ccc(O)cc4CCC3)cc21,885.0,<rdkit.Chem.rdchem.Mol object at 0x000001F2C8499540>
CC(C)(C)OC(=O)N[C@@H](Cc1c[nH]c2ccccc12)C(=O)NCCCCOc1ccc(C(=C2C3CC4CC(C3)CC2C4)c2ccc(O)cc2)cc1,0.5,<rdkit.Chem.rdchem.Mol object at 0x000001F2C84995B0>
CC(C)(C)OC(=O)[C@@H](CCC(=O)N1CCN(c2ccc(C#N)cc2)CC1)n1c(=S)[nH]c2ccccc2c1=O,80.0,<rdkit.Chem.rdchem.Mol object at 0x000001F2C8499620>
CC(C)(C)[C@H]1Sc2cc(O)ccc2O[C@H]1c1ccc(OCCN2CCCCC2)cc1,11.0,<rdkit.Chem.rdchem.Mol object at 0x000001F2C8499690>
CC(C)(C)c1cc(-c2nc3ccc(O)cc3o2)ccc1O,5000.0,<rdkit.Chem.rdchem.Mol object at 0x000001F2C8499700>
CC(C)(C)c1cc(C2=C(c3ccc(O[C@H]4CCN(CCCF)C4)cc3)c3ccc(O)cc3CCC2)cc(F)n1,1495.0,<rdkit.Chem.rdchem.Mol object at 0x000001F2C8499770>
CC(C)(C)c1cc(O)c(C(C)(C)C)cc1O,250000.0,<rdkit.Chem.rdchem.Mol object at 0x000001F2C84997E0>
CC(C)(C)c1ccc(-c2sc3cc(O)ccc3c2Oc2ccc(/C=C/C(=O)O)cc2)cc1,442.5,<rdkit.Chem.rdchem.Mol object at 0x000001F2C8499850>
CC(C)(C)c1ccc(C2=C(c3ccc(O[C@H]4CCN(CCCF)C4)cc3)c3ccc(O)c(F)c3CCC2)cc1,323.0,<rdkit.Chem.rdchem.Mol object at 0x000001F2C84998C0>
CC(C)(C)c1ccc(C2=C(c3ccc(O[C@H]4CCN(CCCF)C4)cc3)c3ccc(O)cc3CCC2)cc1,498.0,<rdkit.Chem.rdchem.Mol object at 0x000001F2C8499930>
CC(C)(C)c1ccc(N2CCc3cc(O)ccc3C2(C)c2ccc(/C=C/C(=O)O)cc2)cc1,302.0,<rdkit.Chem.rdchem.Mol object at 0x000001F2C84999A0>
CC(C)(C)c1ccccc1-c1sc2cc(O)ccc2c1Oc1ccc(/C=C/C(=O)O)cc1,18.5,<rdkit.Chem.rdchem.Mol object at 0x000001F2C8499A10>
CC(C)(COc1ccc([C@@H]2Oc3ccc(O)cc3S[C@@H]2c2ccc(O)cc2)cc1)N1CCCC1,0.7,<rdkit.Chem.rdchem.Mol object at 0x000001F2C8499A80>
CC(C)(F)CN1C(c2c(F)cc(/C=C/C(=O)O)cc2F)c2[nH]c3ccccc3c2CC1(C)C,870.0,<rdkit.Chem.rdchem.Mol object at 0x000001F2C8499AF0>
CC(C)(F)CN1C(c2c(F)cc(OCCN3CC(CF)C3)cc2F)c2ccc3[nH]ncc3c2CC1(C)C,1.0,<rdkit.Chem.rdchem.Mol object at 0x000001F2C8499B60>
CC(C)(F)CN1C(c2ccc(/C=C/C(=O)O)cc2)c2[nH]c3ccccc3c2CC1(C)C,2600.0,<rdkit.Chem.rdchem.Mol object at 0x000001F2C8499BD0>
CC(C)(F)CN1C2CCCC2c2c([nH]c3ccccc23)[C@H]1c1c(F)cc(/C=C/C(=O)O)cc1F,8.6,<rdkit.Chem.rdchem.Mol object at 0x000001F2C8499C40>
CC(C)(F)CN1CCc2cc(O)ccc2C1c1ccc(C(=O)NO)cc1,96.3,<rdkit.Chem.rdchem.Mol object at 0x000001F2C8499CB0>
CC(C)(F)CN1CCc2cc(O)ccc2C1c1ccc(OC2CN(CC(=O)NO)C2)cc1,78.2,<rdkit.Chem.rdchem.Mol object at 0x000001F2C8499D20>
CC(C)(F)CN1CCc2cc(O)ccc2C1c1ccc(OCCCCCC(=O)NO)cc1,102.4,<rdkit.Chem.rdchem.Mol object at 0x000001F2C8499D90>
CC(C)(F)CN1CCc2cc(O)ccc2C1c1ccc(OCCCCCCC(=O)NO)cc1,90.8,<rdkit.Chem.rdchem.Mol object at 0x000001F2C8499E00>
CC(C)(F)CN1CCc2cc(O)ccc2C1c1ccc(OCCCOc2ccc(C(=O)NO)cc2)cc1,132.4,<rdkit.Chem.rdchem.Mol object at 0x000001F2C8499E70>
CC(C)(F)CN1[C@@H]2C=CC[C@@]1(c1c(F)cc(/C=C/C(=O)O)cc1F)c1[nH]c3ccccc3c1C2,1.108,<rdkit.Chem.rdchem.Mol object at 0x000001F2C8499EE0>
CC(C)(F)CN1[C@@H]2CCC[C@@]1(c1c(F)cc(/C=C/C(=O)O)cc1F)c1[nH]c3ccccc3c1C2,8.32215,<rdkit.Chem.rdchem.Mol object at 0x000001F2C8499F50>
CC(C)(F)CN1[C@@H]2CCC[C@@]1(c1c(F)cc(OCCN3CC(CF)C3)cc1F)c1[nH]c3ccccc3c1C2,1.995,<rdkit.Chem.rdchem.Mol object at 0x000001F2C8499FC0>
CC(C)(F)CN1[C@H](C(F)F)Cc2c(ccc3[nH]ncc23)[C@@]1(C)c1c(F)cc(OCCN2CC(CF)C2)cc1F,0.5,<rdkit.Chem.rdchem.Mol object at 0x000001F2C849A030>
CC(C)(F)CN1[C@H](CF)Cc2c([nH]c3ccccc23)[C@H]1c1c(F)cc(/C=C/C(=O)O)cc1F,20.6,<rdkit.Chem.rdchem.Mol object at 0x000001F2C849A0A0>
CC(C)(F)CN1[C@H](c2c(F)cc(/C=C/C(=O)O)cc2F)c2[nH]c3ccccc3c2CC12CC2,720.6,<rdkit.Chem.rdchem.Mol object at 0x000001F2C849A110>
CC(C)(F)CN1[C@H](c2c(F)cc(OCCN3CC(CF)C3)cc2F)c2ccc3[nH]ncc3c2C[C@H]1C(F)F,0.52,<rdkit.Chem.rdchem.Mol object at 0x000001F2C849A180>
CC(C)(F)CN1[C@H](c2ccc(/C=C/C(=O)O)cc2)c2ccc(O)cc2CC1(C)C,4.35,<rdkit.Chem.rdchem.Mol object at 0x000001F2C849A1F0>
CC(C)(F)c1cc(F)ccc1-c1sc2c(ccc3[nH]ncc32)c1Oc1ccc(NC2CN(CCCF)C2)cc1,1.0,<rdkit.Chem.rdchem.Mol object at 0x000001F2C849A260>
CC(C)(F)c1cc(F)ccc1-c1sc2c(ccc3[nH]ncc32)c1Oc1ccc(OC2CN(CCCF)C2)c(F)c1,1.2,<rdkit.Chem.rdchem.Mol object at 0x000001F2C849A2D0>
CC(C)(c1ccc(O)cc1)c1ccc(O)cc1,904.0,<rdkit.Chem.rdchem.Mol object at 0x000001F2C849A340>
CC(C)(c1ccc(O)cc1)c1cccc(C(C)(C)c2ccc(O)cc2)c1,2100.0,<rdkit.Chem.rdchem.Mol object at 0x000001F2C849A3B0>
CC(C)(c1ccccc1)c1ccc(O)cc1,82000.0,<rdkit.Chem.rdchem.Mol object at 0x000001F2C849A420>
CC(C)=CCC[C@](C)(O)C1CC[C@]2(C)C1[C@H](O)CC1[C@@]3(C)CC[C@H](O)C(C)(C)C3CC[C@]12C,26300.0,<rdkit.Chem.rdchem.Mol object at 0x000001F2C849A490>
CC(C)=CCc1c(O)cc(O)c2c1OC(c1ccc(O)cc1)CC2=O,57.0,<rdkit.Chem.rdchem.Mol object at 0x000001F2C849A500>
CC(C)=CCc1c([C@H]2CCc3ccc(O)cc3O2)cc(O)c(O)c1CC=C(C)C,151100.0,<rdkit.Chem.rdchem.Mol object at 0x000001F2C849A570>
CC(C)=CCc1c([C@H]2CCc3ccc(O)cc3O2)ccc(O)c1O,57200.0,<rdkit.Chem.rdchem.Mol object at 0x000001F2C849A5E0>
CC(C)=CCc1c2c(c3occ(-c4ccc(O)c(O)c4)c(=O)c3c1O)CC(C(C)(C)O)O2,13000.0,<rdkit.Chem.rdchem.Mol object at 0x000001F2C849A650>
CC(C)C1c2ccc(O)cc2CCN1c1ccccc1,42.7,<rdkit.Chem.rdchem.Mol object at 0x000001F2C849A6C0>
CC(C)CC(=O)Nc1ccc(C(=O)COc2ccc(-c3nnco3)cc2)cc1,22258.06,<rdkit.Chem.rdchem.Mol object at 0x000001F2C849A730>
CC(C)CCC[C@@H](C)CCC[C@@H](C)CCC[C@@H]1Cc2cc(O)ccc2[C@H]2CC[C@]3(C)[C@@H](O)CC[C@H]3[C@H]12,193.0,<rdkit.Chem.rdchem.Mol object at 0x000001F2C849A7A0>
CC(C)CCc1c(O)cc(O)c2c1O[C@H](c1ccc(O)cc1)CC2=O,140.0,<rdkit.Chem.rdchem.Mol object at 0x000001F2C849A810>
CC(C)CN(C(=O)COC(=O)c1cc2c(s1)CCC2)C1CCS(=O)(=O)C1,2947.59,<rdkit.Chem.rdchem.Mol object at 0x000001F2C849A880>
CC(C)CN1C(c2c(F)cc(OCCN3CC(CF)C3)cc2F)c2ccc3[nH]ncc3c2CC1(C)C,1.9,<rdkit.Chem.rdchem.Mol object at 0x000001F2C849A8F0>
CC(C)CN1CCN(c2ccc(C3c4ccc(O)cc4CCN3c3cccc(O)c3)cc2)CC1,75.25,<rdkit.Chem.rdchem.Mol object at 0x000001F2C849A960>
CC(C)CN1CCc2c(ccc3[nH]ccc23)C1c1ccc(/C=C/C(=O)O)cc1,189.66500000000002,<rdkit.Chem.rdchem.Mol object at 0x000001F2C849A9D0>
CC(C)CN1CCc2c(ccc3[nH]ncc23)[C@H]1c1ccc(/C=C/C(=O)O)cc1,15.715,<rdkit.Chem.rdchem.Mol object at 0x000001F2C849AA40>
CC(C)CN1CCc2cc(O)ccc2[C@@H]1c1ccc(/C=C/C(=O)O)cc1,571.0,<rdkit.Chem.rdchem.Mol object at 0x000001F2C849AAB0>
CC(C)CN1CCc2cc(O)ccc2[C@@]1(C)c1ccc(/C=C/C(=O)O)cc1,27.5,<rdkit.Chem.rdchem.Mol object at 0x000001F2C849AB20>
CC(C)CN1CCc2cc(O)ccc2[C@H]1c1ccc(/C=C/C(=O)O)cc1,14.760000000000002,<rdkit.Chem.rdchem.Mol object at 0x000001F2C849AB90>
CC(C)CN1CCc2cc(O)ccc2[C@]1(C)c1ccc(/C=C/C(=O)O)cc1,3195.0,<rdkit.Chem.rdchem.Mol object at 0x000001F2C849AC00>
CC(C)CN1CCc2cccc3[nH]cc(c23)C1c1ccc(/C=C/C(=O)O)cc1,24905.36,<rdkit.Chem.rdchem.Mol object at 0x000001F2C849AC70>
CC(C)CN1[C@@H](c2ccc(/C=C/C(=O)O)cc2)c2ccc(O)cc2CC1(C)C,960.0,<rdkit.Chem.rdchem.Mol object at 0x000001F2C849ACE0>
CC(C)CN1[C@H](C)Cc2cc(O)ccc2[C@@]1(C)c1ccc(/C=C/C(=O)O)cc1,8.75,<rdkit.Chem.rdchem.Mol object at 0x000001F2C849AD50>
CC(C)CN1[C@H](c2c(F)cc(/C=C/C(=O)O)cc2F)c2[nH]c3ccccc3c2C[C@H]1C,0.5624,<rdkit.Chem.rdchem.Mol object at 0x000001F2C849ADC0>
CC(C)CN1[C@H](c2c(F)cc(/C=C/C(=O)O)cc2F)c2ccc(O)cc2CC1(C)C,1.7000000000000002,<rdkit.Chem.rdchem.Mol object at 0x000001F2C849AE30>
CC(C)CN1[C@H](c2c(F)cc(/C=C/C(=O)O)cc2F)c2ccc3[nH]ncc3c2C[C@H]1C,1.02665,<rdkit.Chem.rdchem.Mol object at 0x000001F2C849AEA0>
CC(C)CN1[C@H](c2c(F)cc(OCCN3CC(CF)C3)cc2F)c2ccc3[nH]nc(F)c3c2C[C@H]1C,2.5,<rdkit.Chem.rdchem.Mol object at 0x000001F2C849AF10>
CC(C)CN1[C@H](c2c(F)cc(OCCN3CC(CF)C3)cc2F)c2ccc3[nH]ncc3c2C[C@H]1C,0.7943,<rdkit.Chem.rdchem.Mol object at 0x000001F2C849AF80>
CC(C)CN1[C@H](c2ccc(/C=C/C(=O)O)cc2)c2[nH]c3ccccc3c2C[C@H]1C,4.273,<rdkit.Chem.rdchem.Mol object at 0x000001F2C849AFF0>
CC(C)CN1[C@H](c2ccc(/C=C/C(=O)O)cc2)c2ccc(O)cc2CC1(C)C,23.0,<rdkit.Chem.rdchem.Mol object at 0x000001F2C849B060>
CC(C)CN1[C@H](c2ccc(/C=C/C(=O)O)cc2)c2ccc(O)cc2C[C@H]1C,10.15,<rdkit.Chem.rdchem.Mol object at 0x000001F2C849B0D0>
CC(C)CN1[C@H](c2ccc(/C=C/C(=O)O)cc2)c2ccc3[nH]ncc3c2CC1(C)C,10.7675,<rdkit.Chem.rdchem.Mol object at 0x000001F2C849B140>
CC(C)CN1[C@H](c2ccc(/C=C/C(=O)O)cc2)c2ccc3[nH]ncc3c2C[C@H]1C,5.3155,<rdkit.Chem.rdchem.Mol object at 0x000001F2C849B1B0>
CC(C)CN1[C@H](c2ccc(/C=C/C(=O)O)cc2)c2ccccc2C[C@H]1C,156.0,<rdkit.Chem.rdchem.Mol object at 0x000001F2C849B220>
CC(C)CN1[C@H](c2ccc(NC3CN(CCCF)C3)cn2)c2ccc3[nH]ncc3c2C[C@H]1C,8.9,<rdkit.Chem.rdchem.Mol object at 0x000001F2C849B290>
CC(C)CN1[C@H](c2ccc(OCCN3CC(CF)C3)cc2)c2ccc3[nH]ncc3c2C[C@H]1C,1.9,<rdkit.Chem.rdchem.Mol object at 0x000001F2C849B300>
CC(C)CN1[C@H](c2ccc(OCCN3CC(CF)C3)cn2)c2ccc3[nH]ncc3c2C[C@H]1C,9.4,<rdkit.Chem.rdchem.Mol object at 0x000001F2C849B370>
CC(C)CN1[C@H](c2ccc(OCCNCCC(F)F)cc2)c2[nH]c3ccccc3c2C[C@H]1C,3.7699999999999996,<rdkit.Chem.rdchem.Mol object at 0x000001F2C849B3E0>
CC(C)CN1[C@H](c2ccc(OCCNCCCF)cc2)c2[nH]c3ccccc3c2C[C@H]1C,2.3649999999999998,<rdkit.Chem.rdchem.Mol object at 0x000001F2C849B450>
CC(C)CNC(=O)c1c(N)n(/N=C/c2ccccn2)c2nc3ccccc3nc12,15907.07,<rdkit.Chem.rdchem.Mol object at 0x000001F2C849B4C0>
CC(C)C[C@H]1Sc2cc(O)ccc2O[C@H]1c1ccc(OCCN2CCCCC2)cc1,3.0,<rdkit.Chem.rdchem.Mol object at 0x000001F2C849B530>
CC(C)Cc1c(O)cc(O)c2c1O[C@H](c1ccc(O)cc1)CC2=O,80.0,<rdkit.Chem.rdchem.Mol object at 0x000001F2C849B5A0>
CC(C)Cc1ccc(N2CCc3cc(O)ccc3C2(C)c2ccc(/C=C/C(=O)O)cc2)c(F)c1,3.7,<rdkit.Chem.rdchem.Mol object at 0x000001F2C849B610>
CC(C)Cc1ccc(N2CCc3cc(O)ccc3C2(C)c2ccc(/C=C/C(=O)O)cc2)cc1,5.9,<rdkit.Chem.rdchem.Mol object at 0x000001F2C849B680>
CC(C)N(CCOc1ccc([C@@H]2Oc3cc(O)ccc3C3=C2c2ccc(O)cc2OCC3)cc1)C(C)C,5.6,<rdkit.Chem.rdchem.Mol object at 0x000001F2C849B6F0>
CC(C)N(CCOc1ccc([C@H]2Oc3cc(O)ccc3C3=C2c2ccc(O)cc2OCC3)cc1)C(C)C,5.4,<rdkit.Chem.rdchem.Mol object at 0x000001F2C849B760>
CC(C)N1CC=C(c2ccc(/C(=C(/CCCO)c3ccccc3)c3ccc(O)cc3)cc2)CC1.Cl,1381.0,<rdkit.Chem.rdchem.Mol object at 0x000001F2C849B7D0>
CC(C)N1CC=C(c2ccc(/C(=C(/CCCO)c3ccccc3)c3cccc(O)c3)cc2)CC1.Cl,10000.0,<rdkit.Chem.rdchem.Mol object at 0x000001F2C849B840>
CC(C)N1CCC(c2ccc(/C(=C(/CCCO)c3ccc(F)cc3)c3ccc(O)cc3)cc2)CC1.Cl,2494.0,<rdkit.Chem.rdchem.Mol object at 0x000001F2C849B8B0>
CC(C)N1CCC(c2ccc(/C(=C(/CCCO)c3ccc(F)cc3F)c3ccc(O)cc3)cc2)CC1.Cl,1372.0,<rdkit.Chem.rdchem.Mol object at 0x000001F2C849B920>
CC(C)N1CCC(c2ccc(/C(=C(/CCCO)c3ccccc3)c3ccc(O)cc3)cc2)C1.Cl,4863.0,<rdkit.Chem.rdchem.Mol object at 0x000001F2C849B990>
CC(C)N1CCC(c2ccc(/C(=C(/CCCO)c3ccccc3)c3ccc(O)cc3)cc2)CC1,2876.0,<rdkit.Chem.rdchem.Mol object at 0x000001F2C849BA00>
CC(C)N1CCC(c2ccc(/C(=C(/CCCO)c3ccccc3)c3ccc(O)cc3)cc2)CC1.Cl,4371.0,<rdkit.Chem.rdchem.Mol object at 0x000001F2C849BA70>
CC(C)N1CCC(c2ccc(/C(=C(/CCCO)c3ccccc3)c3cccc(O)c3)cc2)CC1,10000.0,<rdkit.Chem.rdchem.Mol object at 0x000001F2C849BAE0>
CC(C)N1CCC(c2ccc(/C(=C(/CCCO)c3ccccc3)c3cccc(O)c3)cc2)CC1.Cl,10000.0,<rdkit.Chem.rdchem.Mol object at 0x000001F2C849BB50>
CC(C)N1CCN(c2ccc(/C(=C(/CCCO)c3ccccc3)c3ccc(Br)cc3)cc2)CC1,10000.0,<rdkit.Chem.rdchem.Mol object at 0x000001F2C849BBC0>
CC(C)N1CCN(c2ccc(/C(=C(/CCCO)c3ccccc3)c3ccc(Br)cc3)cc2)CC1.Cl.Cl,10000.0,<rdkit.Chem.rdchem.Mol object at 0x000001F2C849BC30>
CC(C)N1CCN(c2ccc(/C(=C(/CCCO)c3ccccc3)c3ccc(NCS(C)(=O)=O)cc3)cc2)CC1,413.0,<rdkit.Chem.rdchem.Mol object at 0x000001F2C849BCA0>
CC(C)N1CCN(c2ccc(/C(=C(/CCCO)c3ccccc3)c3ccc(NS(C)(=O)=O)cc3)cc2)CC1,413.0,<rdkit.Chem.rdchem.Mol object at 0x000001F2C849BD10>
CC(C)N1CCN(c2ccc(/C(=C(/CCCO)c3ccccc3)c3ccc(O)cc3)cc2)CC1,1240.0,<rdkit.Chem.rdchem.Mol object at 0x000001F2C849BD80>
CC(C)N1CCN(c2ccc(/C(=C(/CCCO)c3ccccc3)c3ccc(O)cc3)cc2)CC1.Cl.Cl,1240.0,<rdkit.Chem.rdchem.Mol object at 0x000001F2C849BDF0>
CC(C)N1CCN(c2ccc(/C(=C(/CCCO)c3ccccc3)c3cccc(Br)c3)cc2)CC1.Cl.Cl,10000.0,<rdkit.Chem.rdchem.Mol object at 0x000001F2C849BE60>
CC(C)N1CCN(c2ccc(/C(=C(/CCCO)c3ccccc3)c3cccc(O)c3)cc2)CC1,1943.0,<rdkit.Chem.rdchem.Mol object at 0x000001F2C849BED0>
CC(C)N1CCN(c2ccc(/C(=C(/CCCO)c3ccccc3)c3cccc(O)c3)cc2)CC1.Cl.Cl,1943.0,<rdkit.Chem.rdchem.Mol object at 0x000001F2C849BF40>
CC(C)N1CCN(c2ccc(C(=O)c3c(-c4ccc(O)cc4)sc4cc(O)ccc34)cc2)CC1,0.28,<rdkit.Chem.rdchem.Mol object at 0x000001F2C8488040>
CC(C)N1CCN(c2ccc(C3c4ccc(O)cc4CCN3c3cccc(O)c3)cc2)CC1,50.5,<rdkit.Chem.rdchem.Mol object at 0x000001F2C84880B0>
CC(C)NC(=O)CSc1nc2ccc(NC(=O)CSc3cccc(Cl)c3)cc2s1,6300.0,<rdkit.Chem.rdchem.Mol object at 0x000001F2C8488120>
CC(C)OC(=O)/C=C/c1ccc(Oc2c(-c3ccccc3C(C)C)sc3cc(O)ccc23)cc1,320.0,<rdkit.Chem.rdchem.Mol object at 0x000001F2C8488190>
CC(C)Oc1cc(F)ccc1-c1sc2cc(O)ccc2c1Oc1ccc(/C=C/C(=O)O)cc1,223.0,<rdkit.Chem.rdchem.Mol object at 0x000001F2C8488200>
CC(C)[C@@H](COc1ccc([C@@H]2Oc3ccc(O)cc3S[C@@H]2c2ccc(O)cc2)cc1)N1CCCC1,0.7,<rdkit.Chem.rdchem.Mol object at 0x000001F2C8488270>
CC(C)[C@@H]1C(=O)c2ccc(O)cc2O[C@@H]1c1ccc(OCCN2CCCCC2)cc1,89.0,<rdkit.Chem.rdchem.Mol object at 0x000001F2C84882E0>
CC(C)[C@@H]1CCN(CCOc2ccc([C@@H]3Oc4ccc(O)cc4S[C@@H]3c3ccc(O)cc3)cc2)C1,0.4,<rdkit.Chem.rdchem.Mol object at 0x000001F2C8488350>
CC(C)[C@H](COc1ccc([C@@H]2Oc3ccc(O)cc3S[C@@H]2c2ccc(O)cc2)cc1)N1CCCC1,0.5,<rdkit.Chem.rdchem.Mol object at 0x000001F2C84883C0>
CC(C)[C@H](NC(=O)C(C)(F)F)[C@H](Oc1ccc2c(cnn2-c2ccc(=O)n(C)c2)c1)c1ccccc1,100000.0,<rdkit.Chem.rdchem.Mol object at 0x000001F2C8488430>
CC(C)[C@H]1C(=O)c2ccc(O)cc2O[C@@H]1c1ccc(OCCN2CCCCC2)cc1,109.0,<rdkit.Chem.rdchem.Mol object at 0x000001F2C84884A0>
CC(C)[C@H]1CCN(CCOc2ccc([C@@H]3Oc4ccc(O)cc4S[C@@H]3c3ccc(O)cc3)cc2)C1,0.3,<rdkit.Chem.rdchem.Mol object at 0x000001F2C8488510>
CC(C)[C@H]1Sc2cc(O)ccc2O[C@H]1c1ccc(OCCN2CCCCC2)cc1,7.0,<rdkit.Chem.rdchem.Mol object at 0x000001F2C8488580>
CC(C)c1cc(F)ccc1-c1sc2cc(O)ccc2c1Oc1ccc(/C=C/C(=O)O)cc1,12.25,<rdkit.Chem.rdchem.Mol object at 0x000001F2C84885F0>
CC(C)c1cc(O)cc2nc(-c3ccc(O)cc3)oc12,1200.0,<rdkit.Chem.rdchem.Mol object at 0x000001F2C8488660>
CC(C)c1ccc(N2CCc3cc(O)ccc3C2(C)c2ccc(/C=C/C(=O)O)cc2)c(F)c1,318.0,<rdkit.Chem.rdchem.Mol object at 0x000001F2C84886D0>
CC(C)c1ccc(N2CCc3cc(O)ccc3C2(C)c2ccc(/C=C/C(=O)O)cc2)cc1,1.9500000000000002,<rdkit.Chem.rdchem.Mol object at 0x000001F2C8488740>
CC(C)c1ccc(N2CCc3cc(O)ccc3C2(C)c2ccc(/C=C/C(=O)O)cc2)cc1F,55.5,<rdkit.Chem.rdchem.Mol object at 0x000001F2C84887B0>
CC(C)c1ccc(N2CCc3cc(O)ccc3C2(C)c2ccc(/C=C/C(=O)O)cc2)cn1,586.5,<rdkit.Chem.rdchem.Mol object at 0x000001F2C8488820>
CC(C)c1ccc(N2CCc3cc(O)ccc3C2(C)c2ccc(OCCN3CCCC3)cc2)cc1,23.275000000000002,<rdkit.Chem.rdchem.Mol object at 0x000001F2C8488890>
CC(C)c1ccc(N2CCc3cc(O)ccc3C2(C)c2ccc(OCCN3CCCCC3)cc2)cc1,38.08,<rdkit.Chem.rdchem.Mol object at 0x000001F2C8488900>
CC(C)c1ccc(N2CCc3cc(O)ccc3C2(c2ccc(/C=C/C(=O)O)cc2)C(F)(F)F)cc1,139.0,<rdkit.Chem.rdchem.Mol object at 0x000001F2C8488970>
CC(C)c1ccc(N2CCc3cc(O)ccc3C2(c2ccc(/C=C/C(=O)O)cc2)C(F)F)cc1,110.0,<rdkit.Chem.rdchem.Mol object at 0x000001F2C84889E0>
CC(C)c1ccc(N2CCc3cc(O)ccc3[C@@]2(C)c2ccc(/C=C/C(=O)O)cc2)cc1,34.0,<rdkit.Chem.rdchem.Mol object at 0x000001F2C8488A50>
CC(C)c1ccc(N2CCc3cc(O)ccc3[C@@]2(c2ccc(/C=C/C(=O)O)cc2)C(F)(F)F)cc1,1138.0,<rdkit.Chem.rdchem.Mol object at 0x000001F2C8488AC0>
CC(C)c1ccc(N2CCc3cc(O)ccc3[C@@]2(c2ccc(/C=C/C(=O)O)cc2)C(F)F)cc1,37500.0,<rdkit.Chem.rdchem.Mol object at 0x000001F2C8488B30>
CC(C)c1ccc(N2CCc3cc(O)ccc3[C@]2(C)c2ccc(/C=C/C(=O)O)cc2)cc1,27.0,<rdkit.Chem.rdchem.Mol object at 0x000001F2C8488BA0>
CC(C)c1ccc(N2CCc3cc(O)ccc3[C@]2(c2ccc(/C=C/C(=O)O)cc2)C(F)(F)F)cc1,125.0,<rdkit.Chem.rdchem.Mol object at 0x000001F2C8488C10>
CC(C)c1ccc(N2CCc3cc(O)ccc3[C@]2(c2ccc(/C=C/C(=O)O)cc2)C(F)F)cc1,77.0,<rdkit.Chem.rdchem.Mol object at 0x000001F2C8488C80>
CC(C)c1cccc(-c2sc3cc(O)ccc3c2Oc2ccc(/C=C/C(=O)O)cc2)c1,194.3,<rdkit.Chem.rdchem.Mol object at 0x000001F2C8488CF0>
CC(C)c1cccc(N2CCc3cc(O)ccc3C2(C)c2ccc(/C=C/C(=O)O)cc2)c1,239.0,<rdkit.Chem.rdchem.Mol object at 0x000001F2C8488D60>
CC(C)c1cccc(N2CCc3cc(O)ccc3C2(C)c2ccc(OCCN3CCCCC3)cc2)c1,31.055,<rdkit.Chem.rdchem.Mol object at 0x000001F2C8488DD0>
CC(C)c1ccccc1-c1sc2c(F)c(O)ccc2c1Oc1ccc(/C=C/C(=O)O)cc1,2.2,<rdkit.Chem.rdchem.Mol object at 0x000001F2C8488E40>
CC(C)c1ccccc1-c1sc2cc(O)ccc2c1N(C)c1ccc(/C=C/C(=O)O)cc1,57.6,<rdkit.Chem.rdchem.Mol object at 0x000001F2C8488EB0>
CC(C)c1ccccc1-c1sc2cc(O)ccc2c1Nc1ccc(/C=C/C(=O)O)cc1,35.4,<rdkit.Chem.rdchem.Mol object at 0x000001F2C8488F20>
CC(C)c1ccccc1-c1sc2cc(O)ccc2c1Oc1ccc(/C=C/C(=O)O)cc1,3.2,<rdkit.Chem.rdchem.Mol object at 0x000001F2C8488F90>
CC(C)c1ccccc1-c1sc2cc(O)ccc2c1Oc1ccc(/C=C/C(=O)O)nc1,54.0,<rdkit.Chem.rdchem.Mol object at 0x000001F2C8489000>
CC(C)c1ccccc1-c1sc2cc(O)ccc2c1Oc1ccc(/C=C/C(=O)OCCN2CCOCC2)cc1,5.8,<rdkit.Chem.rdchem.Mol object at 0x000001F2C8489070>
CC(C)c1ccccc1-c1sc2cc(O)ccc2c1Oc1ccc(/C=C/c2nnc(C3CC3)o2)cc1,32.0,<rdkit.Chem.rdchem.Mol object at 0x000001F2C84890E0>
CC(C)c1ccccc1-c1sc2cc(O)ccc2c1Oc1ccc(CCC(=O)O)cc1,36.8,<rdkit.Chem.rdchem.Mol object at 0x000001F2C8489150>
CC(C)c1ccccc1-c1sc2cc(OC(=O)C(C)(C)C)ccc2c1Oc1ccc(/C=C/C(=O)O)cc1,61.0,<rdkit.Chem.rdchem.Mol object at 0x000001F2C84891C0>
CC(C)c1ccccc1-c1sc2cc(OC(=O)[C@@H](N)C(C)C)ccc2c1Oc1ccc(/C=C/C(=O)O)cc1,7.0,<rdkit.Chem.rdchem.Mol object at 0x000001F2C8489230>
CC(C)c1ccccc1-c1sc2cc(OCN3C(=O)c4ccccc4S3(=O)=O)ccc2c1Oc1ccc(/C=C/C(=O)O)cc1,44.0,<rdkit.Chem.rdchem.Mol object at 0x000001F2C84892A0>
CC(C)c1ccccc1C1=C(c2ccc(O[C@H]3CCN(CCCF)C3)cc2)c2ccc(O)cc2CCC1,204.0,<rdkit.Chem.rdchem.Mol object at 0x000001F2C8489310>
CC(C)c1ccccc1N1CCc2cc(O)ccc2C1(C)c1ccc(/C=C/C(=O)O)cc1,10000.0,<rdkit.Chem.rdchem.Mol object at 0x000001F2C8489380>
CC(C)c1nc2cc(O)cc(O)c2c(=O)n1-c1ccc(O)cc1,70399.0,<rdkit.Chem.rdchem.Mol object at 0x000001F2C84893F0>
CC(C)c1ncoc1-c1sc2cc(O)ccc2c1Oc1ccc(/C=C/C(=O)O)cc1,136.15,<rdkit.Chem.rdchem.Mol object at 0x000001F2C8489460>
CC(C)n1nc(-c2ccc(O)cc2)c2cccc(C(F)(F)F)c21,3.0,<rdkit.Chem.rdchem.Mol object at 0x000001F2C84894D0>
CC(CCC(=O)O)(c1ccc(O)cc1)c1ccc(O)cc1,19000.0,<rdkit.Chem.rdchem.Mol object at 0x000001F2C8489540>
CC(CCc1c[nH]cn1)=C(c1ccc(O)cc1)c1ccc(O)cc1,1737.0,<rdkit.Chem.rdchem.Mol object at 0x000001F2C84895B0>
CC(CCc1ccc(O)cc1)NC(=O)Cc1c(-c2ccccc2)[nH]c2ccccc12,1.0,<rdkit.Chem.rdchem.Mol object at 0x000001F2C8489620>
CC(CCc1ccccc1)NC(=O)Cc1c(-c2ccccc2)[nH]c2ccccc12,11.0,<rdkit.Chem.rdchem.Mol object at 0x000001F2C8489690>
CC(CCc1cccnc1)=C(c1ccc(O)cc1)c1ccc(O)cc1,313.0,<rdkit.Chem.rdchem.Mol object at 0x000001F2C8489700>
CC(CN1CCCC2CCCNC21)OCC(=O)N1NC2c3ccc(O)cc3OCC2c2ccc(O)cc21,168.41,<rdkit.Chem.rdchem.Mol object at 0x000001F2C8489770>
CC(CN1CCCC2CCCNC21)OCC(=O)N1Nc2cc(O)ccc2C2COc3cc(O)ccc3C21,50.335,<rdkit.Chem.rdchem.Mol object at 0x000001F2C84897E0>
CC(CN1[C@H](c2c(Cl)ccc(OCCNCCCF)c2Cl)c2[nH]c3ccc(F)cc3c2C[C@H]1C)C(=O)O,2.2,<rdkit.Chem.rdchem.Mol object at 0x000001F2C8489850>
CC(CNCCCF)Oc1cc(F)c([C@@H]2c3[nH]c4ccccc4c3C[C@@H](C)N2CC(C)(C)F)c(F)c1,1.455,<rdkit.Chem.rdchem.Mol object at 0x000001F2C84898C0>
CC(Cc1ccc(O)c(O)c1)C(C)Cc1ccc(O)c(O)c1,22193.67,<rdkit.Chem.rdchem.Mol object at 0x000001F2C8489930>
CC(Cc1cccnc1)=C(c1ccc(O)cc1)c1ccc(O)cc1,1770.0,<rdkit.Chem.rdchem.Mol object at 0x000001F2C84899A0>
CC(Cn1ccnc1)=C(c1ccc(O)cc1)c1ccc(O)cc1,4950.0,<rdkit.Chem.rdchem.Mol object at 0x000001F2C8489A10>
CC(F)(F)c1cc(-c2sc3cc(O)ccc3c2Oc2ccc(/C=C/C(=O)O)cc2)ccc1F,6.5,<rdkit.Chem.rdchem.Mol object at 0x000001F2C8489A80>
CC(F)(F)c1cc(Cl)ccc1-c1sc2c(ccc3[nH]ncc32)c1Oc1ccc(NC2CN(CCCF)C2)cc1,14.850000000000001,<rdkit.Chem.rdchem.Mol object at 0x000001F2C8489AF0>
CC(F)(F)c1cc(Cl)ccc1-c1sc2c(ccc3[nH]ncc32)c1Oc1ccc(OC2CN(CCCF)C2)cc1,13.200000000000001,<rdkit.Chem.rdchem.Mol object at 0x000001F2C8489B60>
CC(F)(F)c1cc(F)c(F)cc1-c1sc2c(ccc3[nH]ncc32)c1Oc1ccc(NC2CN(CCCF)C2)cc1,2.6,<rdkit.Chem.rdchem.Mol object at 0x000001F2C8489BD0>
CC(F)(F)c1cc(F)c(F)cc1-c1sc2c(ccc3[nH]ncc32)c1Oc1ccc(OC2CN(CCCF)C2)c(F)c1,5.3,<rdkit.Chem.rdchem.Mol object at 0x000001F2C8489C40>
CC(F)(F)c1cc(F)c(F)cc1-c1sc2c(ccc3[nH]ncc32)c1Oc1ccc(OC2CN(CCCF)C2)cc1,2.5,<rdkit.Chem.rdchem.Mol object at 0x000001F2C8489CB0>
CC(F)(F)c1cc(F)ccc1-c1sc2c(ccc3[nH]ncc32)c1Oc1ccc(NC2CN(CCCF)C2)c(F)c1,1.1,<rdkit.Chem.rdchem.Mol object at 0x000001F2C8489D20>
CC(F)(F)c1cc(F)ccc1-c1sc2c(ccc3[nH]ncc32)c1Oc1ccc(OC2CN(CCCF)C2)c(F)c1,1.0,<rdkit.Chem.rdchem.Mol object at 0x000001F2C8489D90>
CC(F)(F)c1cc(F)ccc1-c1sc2cc(O)ccc2c1Oc1ccc(/C=C/C(=O)O)cc1,6.0,<rdkit.Chem.rdchem.Mol object at 0x000001F2C8489E00>
CC(F)(F)c1ccc(C2=C(c3ccc(O[C@H]4CCN(CCCF)C4)cc3)c3ccc(O)cc3CCC2)cc1,67.0,<rdkit.Chem.rdchem.Mol object at 0x000001F2C8489E70>
CC(F)(F)c1ccccc1-c1sc2cc(O)ccc2c1Oc1ccc(/C=C/C(=O)O)cc1,5.6,<rdkit.Chem.rdchem.Mol object at 0x000001F2C8489EE0>
CC(F)CN1[C@H](c2ccc(NC3CN(CCCF)C3)cn2)c2ccc3[nH]ncc3c2C[C@H]1C,5.75,<rdkit.Chem.rdchem.Mol object at 0x000001F2C8489F50>
CC(F)c1ccccc1-c1sc2cc(O)ccc2c1Oc1ccc(/C=C/C(=O)O)cc1,12.65,<rdkit.Chem.rdchem.Mol object at 0x000001F2C8489FC0>
CC(NC(=O)CCSc1nc(-c2ccc3c(c2)OCO3)cc(C(F)(F)F)n1)c1ccccc1,50000.0,<rdkit.Chem.rdchem.Mol object at 0x000001F2C848A030>
CC(O)c1cc(-c2ccc(O)c(F)c2)nc2ccc(O)cc12,5000.0,<rdkit.Chem.rdchem.Mol object at 0x000001F2C848A0A0>
CC(c1ccc(O)cc1)c1ccc(O)cc1,6160.0,<rdkit.Chem.rdchem.Mol object at 0x000001F2C848A110>
CC(c1ccccc1)(c1ccc(O)cc1)c1ccc(O)cc1,12000.0,<rdkit.Chem.rdchem.Mol object at 0x000001F2C848A180>
CC/C(=C(/CC)c1ccc(O)cc1)c1ccc(O)cc1,0.8425,<rdkit.Chem.rdchem.Mol object at 0x000001F2C848A1F0>
CC/C(=C(/c1ccc(/C=C/C(=O)O)cc1)c1cc2ccccc2[nH]1)c1c(C)cccc1Cl,42.0,<rdkit.Chem.rdchem.Mol object at 0x000001F2C848A260>
CC/C(=C(/c1ccc(/C=C/C(=O)O)cc1)c1cc2ccccc2[nH]1)c1cc(Cl)ccc1Cl,13.2,<rdkit.Chem.rdchem.Mol object at 0x000001F2C848A2D0>
CC/C(=C(/c1ccc(/C=C/C(=O)O)cc1)c1cc2ccccc2[nH]1)c1ccc(C#N)cc1,723.0,<rdkit.Chem.rdchem.Mol object at 0x000001F2C848A340>
CC/C(=C(/c1ccc(/C=C/C(=O)O)cc1)c1cc2ccccc2[nH]1)c1ccc(C#N)cc1Cl,15.585,<rdkit.Chem.rdchem.Mol object at 0x000001F2C848A3B0>
CC/C(=C(/c1ccc(/C=C/C(=O)O)cc1)c1cc2ccccc2[nH]1)c1ccc(C(F)(F)F)cc1,163.0,<rdkit.Chem.rdchem.Mol object at 0x000001F2C848A420>
CC/C(=C(/c1ccc(/C=C/C(=O)O)cc1)c1cc2ccccc2[nH]1)c1ccc(C(F)(F)F)cc1Cl,3.49,<rdkit.Chem.rdchem.Mol object at 0x000001F2C848A490>
CC/C(=C(/c1ccc(/C=C/C(=O)O)cc1)c1cc2ccccc2[nH]1)c1ccc(Cl)c(C(F)(F)F)c1,2449.0,<rdkit.Chem.rdchem.Mol object at 0x000001F2C848A500>
CC/C(=C(/c1ccc(/C=C/C(=O)O)cc1)c1cc2ccccc2[nH]1)c1ccc(Cl)c(C)c1,1389.0,<rdkit.Chem.rdchem.Mol object at 0x000001F2C848A570>
CC/C(=C(/c1ccc(/C=C/C(=O)O)cc1)c1cc2ccccc2[nH]1)c1ccc(Cl)cc1,136.37,<rdkit.Chem.rdchem.Mol object at 0x000001F2C848A5E0>
CC/C(=C(/c1ccc(/C=C/C(=O)O)cc1)c1cc2ccccc2[nH]1)c1ccc(Cl)cc1C#N,9.08,<rdkit.Chem.rdchem.Mol object at 0x000001F2C848A650>
CC/C(=C(/c1ccc(/C=C/C(=O)O)cc1)c1cc2ccccc2[nH]1)c1ccc(Cl)cc1C(F)(F)F,1.38,<rdkit.Chem.rdchem.Mol object at 0x000001F2C848A6C0>
CC/C(=C(/c1ccc(/C=C/C(=O)O)cc1)c1cc2ccccc2[nH]1)c1ccc(Cl)cc1Cl,5.26,<rdkit.Chem.rdchem.Mol object at 0x000001F2C848A730>
CC/C(=C(/c1ccc(/C=C/C(=O)O)cc1)c1cc2ccccc2[nH]1)c1ccc(F)cc1Cl,11.3,<rdkit.Chem.rdchem.Mol object at 0x000001F2C848A7A0>
CC/C(=C(/c1ccc(/C=C/C(=O)O)cc1)c1cc2ccccc2[nH]1)c1ccc(OC)cc1,15.11,<rdkit.Chem.rdchem.Mol object at 0x000001F2C848A810>
CC/C(=C(/c1ccc(/C=C/C(=O)O)cc1)c1cc2ccccc2[nH]1)c1cccc(C(F)(F)F)c1,66.375,<rdkit.Chem.rdchem.Mol object at 0x000001F2C848A880>
CC/C(=C(/c1ccc(/C=C/C(=O)O)cc1)c1cc2ccccc2[nH]1)c1cccc(C)c1,35.23,<rdkit.Chem.rdchem.Mol object at 0x000001F2C848A8F0>
CC/C(=C(/c1ccc(/C=C/C(=O)O)cc1)c1cc2ccccc2[nH]1)c1cccc(Cl)c1Cl,249.09,<rdkit.Chem.rdchem.Mol object at 0x000001F2C848A960>
CC/C(=C(/c1ccc(/C=C/C(=O)O)cc1)c1cc2ccccc2[nH]1)c1cccc(F)c1C#N,24.585,<rdkit.Chem.rdchem.Mol object at 0x000001F2C848A9D0>
CC/C(=C(/c1ccc(/C=C/C(=O)O)cc1)c1cc2ccccc2[nH]1)c1cccc(OC(F)(F)F)c1,36.355,<rdkit.Chem.rdchem.Mol object at 0x000001F2C848AA40>
CC/C(=C(/c1ccc(/C=C/C(=O)O)cc1)c1cc2ccccc2[nH]1)c1ccccc1,33.44,<rdkit.Chem.rdchem.Mol object at 0x000001F2C848AAB0>
CC/C(=C(/c1ccc(/C=C/C(=O)O)cc1)c1cc2ccccc2[nH]1)c1ccccc1C,4.585,<rdkit.Chem.rdchem.Mol object at 0x000001F2C848AB20>
CC/C(=C(/c1ccc(/C=C/C(=O)O)cc1)c1cc2ccccc2[nH]1)c1ccccc1C#N,4.62,<rdkit.Chem.rdchem.Mol object at 0x000001F2C848AB90>
CC/C(=C(/c1ccc(/C=C/C(=O)O)cc1)c1cc2ccccc2[nH]1)c1ccccc1C(F)(F)F,2.435,<rdkit.Chem.rdchem.Mol object at 0x000001F2C848AC00>
CC/C(=C(/c1ccc(/C=C/C(=O)O)cc1)c1cc2ccccc2[nH]1)c1ccccc1Cl,14.72,<rdkit.Chem.rdchem.Mol object at 0x000001F2C848AC70>
CC/C(=C(/c1ccc(/C=C/C(=O)O)cc1)c1cc2ccccc2[nH]1)c1ccccc1OC(F)(F)F,47.705,<rdkit.Chem.rdchem.Mol object at 0x000001F2C848ACE0>
CC/C(=C(/c1ccc(/C=C/C(=O)O)cc1)c1ccc2[nH]ncc2c1)c1ccc(F)cc1Cl,5.31,<rdkit.Chem.rdchem.Mol object at 0x000001F2C848AD50>
CC/C(=C(/c1ccc(O)cc1)c1ccc(/C=C/C(=O)NCCCCCNC(=O)/C=C/c2ccc(/C(=C(\CC)c3ccccc3)c3ccc(O)cc3)cc2)cc1)c1ccccc1,81.76,<rdkit.Chem.rdchem.Mol object at 0x000001F2C848ADC0>
CC/C(=C(/c1ccc(O)cc1)c1ccc(/C=C/C(=O)NCCCCNC(=O)/C=C/c2ccc(/C(=C(\CC)c3ccccc3)c3ccc(O)cc3)cc2)cc1)c1ccccc1,154.45,<rdkit.Chem.rdchem.Mol object at 0x000001F2C848AE30>
CC/C(=C(/c1ccc(O)cc1)c1ccc(/C=C/C(=O)NCCCNC(=O)/C=C/c2ccc(/C(=C(\CC)c3ccccc3)c3ccc(O)cc3)cc2)cc1)c1ccccc1,68.64,<rdkit.Chem.rdchem.Mol object at 0x000001F2C848AEA0>
CC/C(=C(/c1ccc(O)cc1)c1ccc(/C=C/C(=O)NCCN)cc1)c1ccccc1.O=C(O)C(F)(F)F.O=C(O)C(F)(F)F.O=C(O)C(F)(F)F,9.465,<rdkit.Chem.rdchem.Mol object at 0x000001F2C848AF10>
CC/C(=C(/c1ccc(O)cc1)c1ccc(/C=C/C(=O)NCCNC(=O)/C=C/c2ccc(/C(=C(\CC)c3ccccc3)c3ccc(O)cc3)cc2)cc1)c1ccccc1,137.55,<rdkit.Chem.rdchem.Mol object at 0x000001F2C848AF80>
CC/C(=C(/c1ccc(O)cc1)c1ccc(OCCN(C)C)cc1)c1ccccc1,2.26,<rdkit.Chem.rdchem.Mol object at 0x000001F2C848AFF0>
CC/C(=C(/c1ccc(O)cc1)c1cccc(OCC(=O)O)c1)c1ccccc1,11.0,<rdkit.Chem.rdchem.Mol object at 0x000001F2C848B060>
CC/C(=C(/c1ccc(OCC(=O)O)cc1)c1cccc(O)c1)c1ccccc1,1440.0,<rdkit.Chem.rdchem.Mol object at 0x000001F2C848B0D0>
CC/C(=C(\c1ccc(O)cc1)c1ccc(/C=C/C(=O)O)cc1)c1ccccc1,7.0,<rdkit.Chem.rdchem.Mol object at 0x000001F2C848B140>
CC/C(=C(\c1ccc(O)cc1)c1ccc(OCC(=O)O)cc1)c1ccccc1,500.0,<rdkit.Chem.rdchem.Mol object at 0x000001F2C848B1B0>
CC/C(=C(\c1ccc(O)cc1)c1ccc(OCCN(C)C(=O)CCC(=O)Oc2cc(/C=C\c3cc(OC)c(OC)c(OC)c3)ccc2OC)cc1)c1ccccc1,52.1,<rdkit.Chem.rdchem.Mol object at 0x000001F2C848B220>
CC/C(=C(\c1ccc(O)cc1)c1ccc(OCCN(C)C)cc1)c1ccc(C(=O)NO)cc1,1120.0,<rdkit.Chem.rdchem.Mol object at 0x000001F2C848B290>
CC/C(=C(\c1ccc(O)cc1)c1ccc(OCCN(C)C)cc1)c1ccc(CCC(=O)NO)cc1,1940.0,<rdkit.Chem.rdchem.Mol object at 0x000001F2C848B300>
CC/C(=C(\c1ccc(O)cc1)c1ccc(OCCN(C)C)cc1)c1ccc(CCCCC(=O)NO)cc1,820.0,<rdkit.Chem.rdchem.Mol object at 0x000001F2C848B370>
CC/C(=C(\c1ccc(O)cc1)c1ccc(OCCN(C)C)cc1)c1ccc(OCCCCC(=O)NO)cc1,800.0,<rdkit.Chem.rdchem.Mol object at 0x000001F2C848B3E0>
CC/C(=C(\c1ccc(O)cc1)c1ccc(OCCN(C)C)cc1)c1ccccc1,3.0,<rdkit.Chem.rdchem.Mol object at 0x000001F2C848B450>
CC/C(=C(\c1ccc(O)cc1)c1ccc(OCCNC)cc1)c1ccccc1,30.0,<rdkit.Chem.rdchem.Mol object at 0x000001F2C848B4C0>
CC/C(=C(\c1ccc(O)cc1)c1ccc(OCCNCCCCCCCCCCF)cc1)c1ccccc1,3.4,<rdkit.Chem.rdchem.Mol object at 0x000001F2C848B530>
CC/C(=C(\c1ccc(O)cc1)c1ccc(OCCNCCCCCCCCCCO)cc1)c1ccccc1,210.0,<rdkit.Chem.rdchem.Mol object at 0x000001F2C848B5A0>
CC/C(=C(\c1ccc(O)cc1)c1ccc(OCCNCCCCCCNC(=O)CCC2=[N+]3C(=CC4=CC=C(C)C4[B-]3(F)F)C=C2)cc1)c1ccccc1,30.0,<rdkit.Chem.rdchem.Mol object at 0x000001F2C848B610>
CC/C(=C(\c1ccc(O)cc1)c1cccc(OCCCN(C)C)c1)c1ccccc1,8.8,<rdkit.Chem.rdchem.Mol object at 0x000001F2C848B680>
CC/C(=C(\c1ccc(O)cc1)c1cccc(OCCCN(CC)CC)c1)c1ccccc1,15.1,<rdkit.Chem.rdchem.Mol object at 0x000001F2C848B6F0>
CC/C(=C(\c1ccc(O)cc1)c1cccc(OCCCN2CCCC2)c1)c1ccccc1,10.7,<rdkit.Chem.rdchem.Mol object at 0x000001F2C848B760>
CC/C(=C(\c1ccc(O)cc1)c1cccc(OCCCN2CCCCC2)c1)c1ccccc1,39.1,<rdkit.Chem.rdchem.Mol object at 0x000001F2C848B7D0>
CC/C(=C(\c1ccc(O)cc1)c1cccc(OCCN(C)C)c1)c1ccccc1,24.3,<rdkit.Chem.rdchem.Mol object at 0x000001F2C848B840>
CC/C(=C(\c1ccc(O)cc1)c1cccc(OCCN(CC)CC)c1)c1ccccc1,35.5,<rdkit.Chem.rdchem.Mol object at 0x000001F2C848B8B0>
CC/C(=C(\c1ccc(O)cc1)c1cccc(OCCN2CCCC2)c1)c1ccccc1,16.3,<rdkit.Chem.rdchem.Mol object at 0x000001F2C848B920>
CC/C(=C(\c1ccc(O)cc1)c1cccc(OCCN2CCCCC2)c1)c1ccccc1,21.0,<rdkit.Chem.rdchem.Mol object at 0x000001F2C848B990>
CC/C(=C(\c1ccccc1)c1ccc(/C=C/C(=O)O)cc1)c1ccc(O)cc1,116.9,<rdkit.Chem.rdchem.Mol object at 0x000001F2C848BA00>
CC/C(=C(\c1ccccc1)c1ccc(/C=C/C(=O)O)cc1)c1ccccc1,767.0,<rdkit.Chem.rdchem.Mol object at 0x000001F2C848BA70>
CC/C(=C(\c1ccccc1)c1ccc(OCCN(C)C)cc1)c1ccccc1,85.0,<rdkit.Chem.rdchem.Mol object at 0x000001F2C848BAE0>
CC/C(=C(\c1ccccc1)c1ccc(OCCN(C)C)cc1)c1ccccc1.O=C(O)CC(O)(CC(=O)O)C(=O)O,1700.0,<rdkit.Chem.rdchem.Mol object at 0x000001F2C848BB50>
CC/C(=C(\c1ccccc1)c1ccc(OCCN(C)Cc2ccc(-c3cn(CCCCCC(=O)NO)nn3)cc2)cc1)c1ccccc1,248.0,<rdkit.Chem.rdchem.Mol object at 0x000001F2C848BBC0>
CC/C(=C(\c1ccccc1)c1ccc(OCCN(C)Cc2ccc(NC(=O)CCCCCCC(=O)NO)cc2)cc1)c1ccccc1,127.0,<rdkit.Chem.rdchem.Mol object at 0x000001F2C848BC30>
CC/C(=C(\c1ccccc1)c1cccc(OCCCN(C)C)c1)c1ccccc1,124.0,<rdkit.Chem.rdchem.Mol object at 0x000001F2C848BCA0>
CC/C(=C(\c1ccccc1)c1cccc(OCCCN(CC)CC)c1)c1ccccc1,348.0,<rdkit.Chem.rdchem.Mol object at 0x000001F2C848BD10>
CC/C(=C(\c1ccccc1)c1cccc(OCCCN2CCCC2)c1)c1ccccc1,359.0,<rdkit.Chem.rdchem.Mol object at 0x000001F2C848BD80>
CC/C(=C(\c1ccccc1)c1cccc(OCCCN2CCCCC2)c1)c1ccccc1,333.0,<rdkit.Chem.rdchem.Mol object at 0x000001F2C848BDF0>
CC/C(=C(\c1ccccc1)c1cccc(OCCN(C)C)c1)c1ccccc1,255.0,<rdkit.Chem.rdchem.Mol object at 0x000001F2C848BE60>
CC/C(=C(\c1ccccc1)c1cccc(OCCN(CC)CC)c1)c1ccccc1,571.0,<rdkit.Chem.rdchem.Mol object at 0x000001F2C848BED0>
CC/C(=C(\c1ccccc1)c1cccc(OCCN2CCCC2)c1)c1ccccc1,81.0,<rdkit.Chem.rdchem.Mol object at 0x000001F2C848BF40>
CC/C(=C(\c1ccccc1)c1cccc(OCCN2CCCCC2)c1)c1ccccc1,422.0,<rdkit.Chem.rdchem.Mol object at 0x000001F2C8358040>
CC/C(=C\c1ccc(Oc2c(-c3ccc(O)cc3)sc3cc(O)ccc23)cc1)C(=O)O,216.0,<rdkit.Chem.rdchem.Mol object at 0x000001F2C83580B0>
CC/C(=C\c1ccc(Oc2c(-c3ccccc3C(C)C)sc3cc(O)ccc23)cc1)C(=O)O,32.1,<rdkit.Chem.rdchem.Mol object at 0x000001F2C8358120>
CC/C=C/c1cc2c(cc1Br)c(=O)oc1c(C)c(O)ccc12,1090.0,<rdkit.Chem.rdchem.Mol object at 0x000001F2C8358190>
CC/C=C\[C@]12CC[C@H](O)CC1=CCC1C2CC[C@@]2(C)C1CC[C@@H]2O,3042.0,<rdkit.Chem.rdchem.Mol object at 0x000001F2C8358200>
CC/N=C1/C(c2ccc(O)cc2)=C(O)c2cc(O)cc(O)c21,5000.0,<rdkit.Chem.rdchem.Mol object at 0x000001F2C8358270>
CC1(C)CC(=O)C2=C(C1)OC1=C(C(=O)CC(C)(C)C1)C2c1cc2ccccc2n1Cc1ccccc1,60780.0,<rdkit.Chem.rdchem.Mol object at 0x000001F2C83582E0>
CC1(C)CC(=O)C2=C(C1)OC1=C(C(=O)CCC1(C)C)C2c1cc2ccccc2n1Cc1ccccc1,587190.0,<rdkit.Chem.rdchem.Mol object at 0x000001F2C8358350>
CC1(C)CC(=O)C2=C(C1)OC1=C(C(=O)CCC1)C2c1cc2ccccc2n1Cc1ccccc1,18410.0,<rdkit.Chem.rdchem.Mol object at 0x000001F2C83583C0>
CC1(C)CC(=O)c2cnc(NCC3CCCO3)nc2C1,50000.0,<rdkit.Chem.rdchem.Mol object at 0x000001F2C8358430>
CC1(C)CC2(CC(C)(C)C3C=CC(O)=CC32)C2C=C(O)C=CC21,250000.0,<rdkit.Chem.rdchem.Mol object at 0x000001F2C83584A0>
CC1(C)CCC(=O)C2=C1OC1=C(C(=O)CCC1)C2c1cc2ccccc2n1Cc1ccccc1,55000.0,<rdkit.Chem.rdchem.Mol object at 0x000001F2C8358510>
CC1(C)CCCN1CCOc1ccc([C@@H]2Oc3ccc(O)cc3S[C@@H]2c2ccc(O)cc2)cc1,0.9,<rdkit.Chem.rdchem.Mol object at 0x000001F2C8358580>
CC1(C)CCN(CCOc2ccc([C@@H]3Oc4ccc(O)cc4S[C@@H]3c3ccc(O)cc3)cc2)C1,1.0,<rdkit.Chem.rdchem.Mol object at 0x000001F2C83585F0>
CC1(C)CN(Cc2ccccc2)C(=O)[C@@H]1Oc1ccc(C#N)c(C(F)(F)F)c1,10000.0,<rdkit.Chem.rdchem.Mol object at 0x000001F2C8358660>
CC1(C)Cc2c(ccc3[nH]ncc23)C(c2ccc(OCCN3CC(CF)C3)cn2)N1CC(F)F,7.1,<rdkit.Chem.rdchem.Mol object at 0x000001F2C83586D0>
CC1(C)Cc2c(ccc3[nH]ncc23)[C@@H](c2ccc(NC3CN(CCCF)C3)cn2)N1CC(F)(F)F,2.9,<rdkit.Chem.rdchem.Mol object at 0x000001F2C8358740>
CC1(C)Cc2c(ccc3[nH]ncc23)[C@@H](c2ccc(NC3CN(CCCF)C3)cn2)N1CC(F)F,3.2809999999999997,<rdkit.Chem.rdchem.Mol object at 0x000001F2C83587B0>
CC1(C)Cc2c(sc3c4nnnn4c4nnnn4c23)CO1,4112.5,<rdkit.Chem.rdchem.Mol object at 0x000001F2C8358820>
CC1(C)Cc2cc(C3=C(c4ccc(O[C@H]5CCN(CCCF)C5)cc4)c4ccc(C(=O)O)cc4CCC3)ccc2N1,14.0,<rdkit.Chem.rdchem.Mol object at 0x000001F2C8358890>
CC1(C)Cc2cc(C3=C(c4ccc(O[C@H]5CCN(CCCF)C5)cc4)c4ccc(O)cc4CCC3)ccc2O1,12.0,<rdkit.Chem.rdchem.Mol object at 0x000001F2C8358900>
CC1(C)OC(=S)Nc2ccc(S(=O)(=O)N3c4ccccc4COc4cc(F)ccc43)cc21,2000.0,<rdkit.Chem.rdchem.Mol object at 0x000001F2C8358970>
CC1(C)Oc2cc(O)cc(O)c2N=C1c1ccc(O)c(Br)c1,6000.0,<rdkit.Chem.rdchem.Mol object at 0x000001F2C83589E0>
CC1(C)Oc2cc(O)ccc2N=C1c1ccc(O)cc1,8600.0,<rdkit.Chem.rdchem.Mol object at 0x000001F2C8358A50>
CC1(C)[C@H](O)CC[C@]2(C)[C@@]3(C)c4[nH]c5ccccc5c4C[C@@H]3CC[C@@]12O,10000.0,<rdkit.Chem.rdchem.Mol object at 0x000001F2C8358AC0>
CC1(c2ccc(/C=C/C(=O)NCC(F)F)cc2)c2ccc(O)cc2CCN1c1ccc(F)cc1,1174.0,<rdkit.Chem.rdchem.Mol object at 0x000001F2C8358B30>
CC1(c2ccc(/C=C/C(=O)NCCC(F)(F)F)cc2)c2ccc(O)cc2CCN1c1ccc(F)cc1,46.0,<rdkit.Chem.rdchem.Mol object at 0x000001F2C8358BA0>
CC1(c2ccc(/C=C/C(=O)O)cc2)c2ccc(O)cc2CCN1c1ccc(C(F)(F)F)cc1,119.0,<rdkit.Chem.rdchem.Mol object at 0x000001F2C8358C10>
CC1(c2ccc(/C=C/C(=O)O)cc2)c2ccc(O)cc2CCN1c1ccc(C2CC2)cc1,19.7,<rdkit.Chem.rdchem.Mol object at 0x000001F2C8358C80>
CC1(c2ccc(/C=C/C(=O)O)cc2)c2ccc(O)cc2CCN1c1ccc(C2CCC2)cc1,26.8,<rdkit.Chem.rdchem.Mol object at 0x000001F2C8358CF0>
CC1(c2ccc(/C=C/C(=O)O)cc2)c2ccc(O)cc2CCN1c1ccc(CC(F)(F)F)cc1,13.75,<rdkit.Chem.rdchem.Mol object at 0x000001F2C8358D60>
CC1(c2ccc(/C=C/C(=O)O)cc2)c2ccc(O)cc2CCN1c1ccc(CC2CC2)cc1,3.55,<rdkit.Chem.rdchem.Mol object at 0x000001F2C8358DD0>
CC1(c2ccc(/C=C/C(=O)O)cc2)c2ccc(O)cc2CCN1c1ccc(F)cc1,104.5,<rdkit.Chem.rdchem.Mol object at 0x000001F2C8358E40>
CC1(c2ccc(/C=C/C(=O)O)cc2)c2ccc(O)cc2CCN1c1cccc(F)c1,505.0,<rdkit.Chem.rdchem.Mol object at 0x000001F2C8358EB0>
CC1(c2ccc(/C=C/C(=O)O)cc2)c2ccc(O)cc2CCN1c1ccccc1,200.5,<rdkit.Chem.rdchem.Mol object at 0x000001F2C8358F20>
CC1(c2ccc(/C=C/c3cnc[nH]3)cc2)c2ccc(O)cc2CCN1c1ccc(F)cc1,55.0,<rdkit.Chem.rdchem.Mol object at 0x000001F2C8358F90>
CC1(c2ccc(/C=C/c3nn[nH]n3)cc2)c2ccc(O)cc2CCN1c1ccc(F)cc1,1030.0,<rdkit.Chem.rdchem.Mol object at 0x000001F2C8359000>
CC1(c2ccc(/C=C/c3nnc(CO)o3)cc2)c2ccc(O)cc2CCN1c1ccc(F)cc1,43.0,<rdkit.Chem.rdchem.Mol object at 0x000001F2C8359070>
CC1(c2ccc(CCC(=O)O)cc2)c2ccc(O)cc2CCN1c1ccc(F)cc1,219.0,<rdkit.Chem.rdchem.Mol object at 0x000001F2C83590E0>
CC1(c2ccc(OCCN3CCCC3)cc2)c2ccc(O)cc2CCN1c1ccc(Cl)cc1,15.142,<rdkit.Chem.rdchem.Mol object at 0x000001F2C8359150>
CC1(c2ccc(OCCN3CCCC3)cc2)c2ccc(O)cc2CCN1c1ccc(F)cc1,16.285,<rdkit.Chem.rdchem.Mol object at 0x000001F2C83591C0>
CC1(c2ccc(OCCN3CCCC3)cc2)c2ccc(O)cc2CCN1c1cccc(Cl)c1,34.45,<rdkit.Chem.rdchem.Mol object at 0x000001F2C8359230>
CC1(c2ccc(OCCN3CCCC3)cc2)c2ccc(O)cc2CCN1c1cccc(F)c1,20.995,<rdkit.Chem.rdchem.Mol object at 0x000001F2C83592A0>
CC1(c2ccc(OCCN3CCCC3)cc2)c2ccc(O)cc2CCN1c1cccc(O)c1,15.785,<rdkit.Chem.rdchem.Mol object at 0x000001F2C8359310>
CC1(c2ccc(OCCN3CCCC3)cc2)c2ccc(O)cc2CCN1c1ccccc1,19.9,<rdkit.Chem.rdchem.Mol object at 0x000001F2C8359380>
CC1(c2ccc(OCCN3CCCCC3)cc2)c2ccc(O)cc2CCN1c1ccc(Cl)cc1,19.045,<rdkit.Chem.rdchem.Mol object at 0x000001F2C83593F0>
CC1(c2ccc(OCCN3CCCCC3)cc2)c2ccc(O)cc2CCN1c1ccc(F)cc1,3.0,<rdkit.Chem.rdchem.Mol object at 0x000001F2C8359460>
CC1(c2ccc(OCCN3CCCCC3)cc2)c2ccc(O)cc2CCN1c1cccc(Cl)c1,26.74,<rdkit.Chem.rdchem.Mol object at 0x000001F2C83594D0>
CC1(c2ccc(OCCN3CCCCC3)cc2)c2ccc(O)cc2CCN1c1cccc(O)c1,17.330000000000002,<rdkit.Chem.rdchem.Mol object at 0x000001F2C8359540>
CC1(c2ccc(OCCN3CCCCC3)cc2)c2ccc(O)cc2CCN1c1ccccc1,15.785,<rdkit.Chem.rdchem.Mol object at 0x000001F2C83595B0>
CC1(c2ccc(OCCN3CCCCCC3)cc2)c2ccc(O)cc2CCN1c1ccccc1,28.74,<rdkit.Chem.rdchem.Mol object at 0x000001F2C8359620>
CC12CCC(=O)C(Br)=C1c1ccc(O)cc1C2,883.0,<rdkit.Chem.rdchem.Mol object at 0x000001F2C8359690>
CC12CCC(=O)C(Br)=C1c1ccc3[nH]ncc3c1C2,1990.0,<rdkit.Chem.rdchem.Mol object at 0x000001F2C8359700>
CC12CCC(=O)C=C1c1ccc(O)cc1C2,4245.0,<rdkit.Chem.rdchem.Mol object at 0x000001F2C8359770>
CC1=C(C#N)[C@@H](c2ccc(F)cc2Cl)C(C(=O)OC(C)(C)C)=C(C)N1,10000.0,<rdkit.Chem.rdchem.Mol object at 0x000001F2C83597E0>
CC1=C(C2=CCNCC2)[C@H](c2ccc(OCCN3CC(CF)C3)cc2)Oc2ccc(O)cc21,72.0,<rdkit.Chem.rdchem.Mol object at 0x000001F2C8359850>
CC1=C(C2CCC(F)(F)CC2)[C@H](c2ccc(OCCN3CC(CF)C3)cc2)Oc2ccc(O)cc21,0.17,<rdkit.Chem.rdchem.Mol object at 0x000001F2C83598C0>
CC1=C(C2CCC(O)CC2)[C@H](c2ccc(OCCN3CC(CF)C3)cc2)Oc2ccc(O)cc21,0.28,<rdkit.Chem.rdchem.Mol object at 0x000001F2C8359930>
CC1=C(C2CCCCC2)[C@H](c2ccc(OCCN3CC(CF)C3)cc2)Oc2ccc(O)cc21,0.07,<rdkit.Chem.rdchem.Mol object at 0x000001F2C83599A0>
CC1=C(SCCC#N)S/C(=C2\SC(C)=C(SCCC#N)S2)S1,5104.59,<rdkit.Chem.rdchem.Mol object at 0x000001F2C8359A10>
CC1=C(c2cc(F)cc(F)c2)[C@H](c2ccc(/C=C/CN3CC(CF)C3)cc2)Oc2cc(O)ccc21,0.3,<rdkit.Chem.rdchem.Mol object at 0x000001F2C8359A80>
CC1=C(c2ccc(=O)[nH]c2)[C@H](c2ccc(OCCN3CC(CF)C3)cc2)Oc2ccc(O)cc21,100.0,<rdkit.Chem.rdchem.Mol object at 0x000001F2C8359AF0>
CC1=C(c2ccc(C#N)cc2)C(c2ccc(OCCN3CC(CF)C3)cc2)Oc2ccc(O)cc21,0.2,<rdkit.Chem.rdchem.Mol object at 0x000001F2C8359B60>
CC1=C(c2ccc(C#N)cc2)C(c2ccc(OC[C@H](C)N3CC[C@@H](C)C3)cc2)Oc2ccc(O)cc21,1.5,<rdkit.Chem.rdchem.Mol object at 0x000001F2C8359BD0>
CC1=C(c2ccc(F)cc2)C(c2ccc(OCCN3CC(CF)C3)cc2)Oc2ccc(O)cc21,0.4,<rdkit.Chem.rdchem.Mol object at 0x000001F2C8359C40>
CC1=C(c2ccc(F)cc2)C(c2ccc(OC[C@H](C)N3CC[C@@H](C)C3)cc2)Oc2ccc(O)cc21,0.4,<rdkit.Chem.rdchem.Mol object at 0x000001F2C8359CB0>
CC1=C(c2ccc(F)cc2)[C@@H](c2ccc(OCCN3CC(CF)C3)cc2)Oc2ccc(O)cc21,15.0,<rdkit.Chem.rdchem.Mol object at 0x000001F2C8359D20>
CC1=C(c2ccc(F)cc2)[C@H](c2ccc(OCCN3CC(CF)C3)cc2)Oc2c(O)cccc21,0.42,<rdkit.Chem.rdchem.Mol object at 0x000001F2C8359D90>
CC1=C(c2ccc(F)cc2)[C@H](c2ccc(OCCN3CC(CF)C3)cc2)Oc2cc(Cl)c(O)cc21,1.0,<rdkit.Chem.rdchem.Mol object at 0x000001F2C8359E00>
CC1=C(c2ccc(F)cc2)[C@H](c2ccc(OCCN3CC(CF)C3)cc2)Oc2cc(F)c(O)cc21,0.58,<rdkit.Chem.rdchem.Mol object at 0x000001F2C8359E70>
CC1=C(c2ccc(F)cc2)[C@H](c2ccc(OCCN3CC(CF)C3)cc2)Oc2cc3[nH]ncc3cc21,27.0,<rdkit.Chem.rdchem.Mol object at 0x000001F2C8359EE0>
CC1=C(c2ccc(F)cc2)[C@H](c2ccc(OCCN3CC(CF)C3)cc2)Oc2cc3cn[nH]c3cc21,5.7,<rdkit.Chem.rdchem.Mol object at 0x000001F2C8359F50>
CC1=C(c2ccc(F)cc2)[C@H](c2ccc(OCCN3CC(CF)C3)cc2)Oc2ccc(F)cc21,3.0,<rdkit.Chem.rdchem.Mol object at 0x000001F2C8359FC0>
CC1=C(c2ccc(F)cc2)[C@H](c2ccc(OCCN3CC(CF)C3)cc2)Oc2ccc(N)cc21,2.5,<rdkit.Chem.rdchem.Mol object at 0x000001F2C835A030>
CC1=C(c2ccc(F)cc2)[C@H](c2ccc(OCCN3CC(CF)C3)cc2)Oc2ccc(O)c(Cl)c21,0.03,<rdkit.Chem.rdchem.Mol object at 0x000001F2C835A0A0>
CC1=C(c2ccc(F)cc2)[C@H](c2ccc(OCCN3CC(CF)C3)cc2)Oc2ccc(O)c(F)c21,0.2,<rdkit.Chem.rdchem.Mol object at 0x000001F2C835A110>
CC1=C(c2ccc(F)cc2)[C@H](c2ccc(OCCN3CC(CF)C3)cc2)Oc2ccc(O)cc21,0.2,<rdkit.Chem.rdchem.Mol object at 0x000001F2C835A180>
CC1=C(c2ccc(N)nc2)[C@H](c2ccc(OCCN3CC(CF)C3)cc2)Oc2ccc(O)cc21,0.3,<rdkit.Chem.rdchem.Mol object at 0x000001F2C835A1F0>
CC1=C(c2ccc(O)cc2)C(=O)c2c(O)cc(O)cc21,31.0,<rdkit.Chem.rdchem.Mol object at 0x000001F2C835A260>
CC1=C(c2ccc(O)cc2)C(=O)c2cc(O)ccc21,55.0,<rdkit.Chem.rdchem.Mol object at 0x000001F2C835A2D0>
CC1=C(c2ccc(O)cc2)C(=O)c2ccc(O)cc21,6.0,<rdkit.Chem.rdchem.Mol object at 0x000001F2C835A340>
CC1=C(c2ccc(O)cc2)C(c2ccc(OC[C@H](C)N3CC[C@@H](C)C3)cc2)Oc2cc(O)ccc21,0.3,<rdkit.Chem.rdchem.Mol object at 0x000001F2C835A3B0>
CC1=C(c2ccc(O)cc2)C(c2ccc(OC[C@H](C)N3CC[C@@H](C)C3)cc2)Oc2ccc(O)cc21,0.1,<rdkit.Chem.rdchem.Mol object at 0x000001F2C835A420>
CC1=C(c2ccc(O)cc2)C2(Cc3ccccc3C2)c2ccc(O)cc21,19.0,<rdkit.Chem.rdchem.Mol object at 0x000001F2C835A490>
CC1=C(c2ccc(S(C)(=O)=O)cc2)C(c2ccc(OC[C@H](C)N3CC[C@@H](C)C3)cc2)Oc2ccc(O)cc21,5.7,<rdkit.Chem.rdchem.Mol object at 0x000001F2C835A500>
CC1=C(c2cccc(C#N)c2)C(c2ccc(OC[C@H](C)N3CC[C@@H](C)C3)cc2)Oc2ccc(O)cc21,0.7,<rdkit.Chem.rdchem.Mol object at 0x000001F2C835A570>
CC1=C(c2cccc(F)c2)C(c2ccc(OC[C@H](C)N3CC[C@@H](C)C3)cc2)Oc2ccc(O)cc21,0.5,<rdkit.Chem.rdchem.Mol object at 0x000001F2C835A5E0>
CC1=C(c2cccc(O)c2)C(c2ccc(OCCN3CC(C)C3)cc2)Oc2ccc(O)cc21,100.15,<rdkit.Chem.rdchem.Mol object at 0x000001F2C835A650>
CC1=C(c2cccc(O)c2)C(c2ccc(OCCN3CC(CF)C3)cc2)Oc2ccc(O)cc21,0.3,<rdkit.Chem.rdchem.Mol object at 0x000001F2C835A6C0>
CC1=C(c2cccc(O)c2)C(c2ccc(OCCN3CCC(C)CC3)cc2)Oc2ccc(O)cc21,0.2,<rdkit.Chem.rdchem.Mol object at 0x000001F2C835A730>
CC1=C(c2cccc(O)c2)C(c2ccc(OCCN3CCC(CF)CC3)cc2)Oc2ccc(O)cc21,0.1,<rdkit.Chem.rdchem.Mol object at 0x000001F2C835A7A0>
CC1=C(c2cccc(O)c2)C(c2ccc(OCCN3CCC3)cc2)Oc2ccc(O)cc21,0.3,<rdkit.Chem.rdchem.Mol object at 0x000001F2C835A810>
CC1=C(c2cccc(O)c2)C(c2ccc(OCCN3CCCC3)cc2)Oc2ccc(O)cc21,0.4,<rdkit.Chem.rdchem.Mol object at 0x000001F2C835A880>
CC1=C(c2cccc(O)c2)C(c2ccc(OCCN3CCCCC3)cc2)Oc2ccc(O)cc21,0.2,<rdkit.Chem.rdchem.Mol object at 0x000001F2C835A8F0>
CC1=C(c2cccc(O)c2)C(c2ccc(OCCN3CCCCCC3)cc2)Oc2ccc(O)cc21,0.2,<rdkit.Chem.rdchem.Mol object at 0x000001F2C835A960>
CC1=C(c2cccc(O)c2)C(c2ccc(OCCN3CCC[C@H]3CF)cc2)Oc2ccc(O)cc21,0.2,<rdkit.Chem.rdchem.Mol object at 0x000001F2C835A9D0>
CC1=C(c2cccc(O)c2)C(c2ccc(OCCN3CC[C@@H](C#N)C3)cc2)Oc2ccc(O)cc21,0.8,<rdkit.Chem.rdchem.Mol object at 0x000001F2C835AA40>
CC1=C(c2cccc(O)c2)C(c2ccc(OCCN3CC[C@@H](C(F)F)C3)cc2)Oc2ccc(O)cc21,0.2,<rdkit.Chem.rdchem.Mol object at 0x000001F2C835AAB0>
CC1=C(c2cccc(O)c2)C(c2ccc(OCCN3CC[C@@H](C)C3)cc2)Oc2ccc(O)cc21,0.4,<rdkit.Chem.rdchem.Mol object at 0x000001F2C835AB20>
CC1=C(c2cccc(O)c2)C(c2ccc(OCCN3CC[C@@H](CF)C3)cc2)Oc2ccc(O)cc21,0.1,<rdkit.Chem.rdchem.Mol object at 0x000001F2C835AB90>
CC1=C(c2cccc(O)c2)C(c2ccc(OCCN3CC[C@H](C)C3)cc2)Oc2ccc(O)cc21,0.2,<rdkit.Chem.rdchem.Mol object at 0x000001F2C835AC00>
CC1=C(c2cccc(O)c2)C(c2ccc(OC[C@@H](C)N3CCCC3)cc2)Oc2ccc(O)cc21,0.3,<rdkit.Chem.rdchem.Mol object at 0x000001F2C835AC70>
CC1=C(c2cccc(O)c2)C(c2ccc(OC[C@@H](C)N3CC[C@@H](C)C3)cc2)Oc2ccc(O)cc21,0.3,<rdkit.Chem.rdchem.Mol object at 0x000001F2C835ACE0>
CC1=C(c2cccc(O)c2)C(c2ccc(OC[C@@H](C)N3CC[C@H](C)C3)cc2)Oc2ccc(O)cc21,0.2,<rdkit.Chem.rdchem.Mol object at 0x000001F2C835AD50>
CC1=C(c2cccc(O)c2)C(c2ccc(OC[C@H](C)N3CC(CF)C3)cc2)Oc2ccc(O)cc21,0.2,<rdkit.Chem.rdchem.Mol object at 0x000001F2C835ADC0>
CC1=C(c2cccc(O)c2)C(c2ccc(OC[C@H](C)N3CCC3)cc2)Oc2ccc(O)cc21,50.45,<rdkit.Chem.rdchem.Mol object at 0x000001F2C835AE30>
CC1=C(c2cccc(O)c2)C(c2ccc(OC[C@H](C)N3CCCC3)cc2)Oc2ccc(O)cc21,0.4,<rdkit.Chem.rdchem.Mol object at 0x000001F2C835AEA0>
CC1=C(c2cccc(O)c2)C(c2ccc(OC[C@H](C)N3CCCCC3)cc2)Oc2ccc(O)cc21,0.2,<rdkit.Chem.rdchem.Mol object at 0x000001F2C835AF10>
CC1=C(c2cccc(O)c2)C(c2ccc(OC[C@H](C)N3CCCCCC3)cc2)Oc2ccc(O)cc21,0.2,<rdkit.Chem.rdchem.Mol object at 0x000001F2C835AF80>
CC1=C(c2cccc(O)c2)C(c2ccc(OC[C@H](C)N3CC[C@@H](C)C3)cc2)Oc2cc(O)ccc21,0.2,<rdkit.Chem.rdchem.Mol object at 0x000001F2C835AFF0>
CC1=C(c2cccc(O)c2)C(c2ccc(OC[C@H](C)N3CC[C@@H](C)C3)cc2)Oc2ccc(O)cc21,2.65,<rdkit.Chem.rdchem.Mol object at 0x000001F2C835B060>
CC1=C(c2cccc(O)c2)C(c2ccc(OC[C@H](C)N3CC[C@@H](CF)C3)cc2)Oc2ccc(O)cc21,0.2,<rdkit.Chem.rdchem.Mol object at 0x000001F2C835B0D0>
CC1=C(c2cccc(O)c2)C(c2ccc(OC[C@H](C)N3CC[C@@H](F)C3)cc2)Oc2ccc(O)cc21,200.0,<rdkit.Chem.rdchem.Mol object at 0x000001F2C835B140>
CC1=C(c2cccc(O)c2)C(c2ccc(OC[C@H](C)N3CC[C@H](C)C3)cc2)Oc2ccc(O)cc21,0.2,<rdkit.Chem.rdchem.Mol object at 0x000001F2C835B1B0>
CC1=C(c2cccc(O)c2)[C@@H](c2ccc(OCCN3CC(CF)C3)cc2)Oc2ccc(O)cc21,13.0,<rdkit.Chem.rdchem.Mol object at 0x000001F2C835B220>
CC1=C(c2cccc(O)c2)[C@@H](c2ccc(OC[C@H](C)N3CC[C@@H](C)C3)cc2)Oc2ccc(O)cc21,9.7,<rdkit.Chem.rdchem.Mol object at 0x000001F2C835B290>
CC1=C(c2cccc(O)c2)[C@@H](c2ccc(OC[C@H](C)N3CC[C@@H](CF)C3)cc2)Oc2ccc(O)cc21,11.0,<rdkit.Chem.rdchem.Mol object at 0x000001F2C835B300>
CC1=C(c2cccc(O)c2)[C@H](c2ccc(OCCN3CC(CF)C3)cc2)Oc2c(O)cccc21,0.05,<rdkit.Chem.rdchem.Mol object at 0x000001F2C835B370>
CC1=C(c2cccc(O)c2)[C@H](c2ccc(OCCN3CC(CF)C3)cc2)Oc2ccc(O)cc21,0.085,<rdkit.Chem.rdchem.Mol object at 0x000001F2C835B3E0>
CC1=C(c2cccc(O)c2)[C@H](c2ccc(OC[C@H](C)N3CC[C@@H](C)C3)cc2)Oc2ccc(O)cc21,0.115,<rdkit.Chem.rdchem.Mol object at 0x000001F2C835B450>
CC1=C(c2cccc(O)c2)[C@H](c2ccc(OC[C@H](C)N3CC[C@@H](CF)C3)cc2)Oc2ccc(O)cc21,0.1,<rdkit.Chem.rdchem.Mol object at 0x000001F2C835B4C0>
CC1=C(c2cccc(S(C)(=O)=O)c2)C(c2ccc(OC[C@H](C)N3CC[C@@H](C)C3)cc2)Oc2ccc(O)cc21,1.4,<rdkit.Chem.rdchem.Mol object at 0x000001F2C835B530>
CC1=C(c2ccccc2)C(c2ccc(OC[C@H](C)N3CC[C@@H](C)C3)cc2)Oc2ccc(O)cc21,0.4,<rdkit.Chem.rdchem.Mol object at 0x000001F2C835B5A0>
CC1=C(c2ccccc2)[C@H](c2ccc(OCCN3CC(CF)C3)cc2)Oc2ccc(N3CCOCC3)cc21,100.0,<rdkit.Chem.rdchem.Mol object at 0x000001F2C835B610>
CC1=C(c2ccccc2)[C@H](c2ccc(OCCN3CC(CF)C3)cc2)Oc2ccc(NS(C)(=O)=O)cc21,100.0,<rdkit.Chem.rdchem.Mol object at 0x000001F2C835B680>
CC1=C(c2ccccc2)[C@H](c2ccc(OCCN3CC(CF)C3)cc2)Oc2ccccc21,1.1,<rdkit.Chem.rdchem.Mol object at 0x000001F2C835B6F0>
CC1=C(c2cccnc2)[C@H](c2ccc(OCCN3CC(CF)C3)cc2)Oc2ccc(O)cc21,0.5,<rdkit.Chem.rdchem.Mol object at 0x000001F2C835B760>
CC1=C(c2cn[nH]c2)[C@H](c2ccc(OCCN3CC(CF)C3)cc2)Oc2ccc(O)cc21,0.08,<rdkit.Chem.rdchem.Mol object at 0x000001F2C835B7D0>
CC1=C2c3ccc(O)cc3CC2(C(C)C)CCC1=O,1420.0,<rdkit.Chem.rdchem.Mol object at 0x000001F2C835B840>
CC1=C2c3ccc(O)cc3CC2(C)CCC1=O,1190.0,<rdkit.Chem.rdchem.Mol object at 0x000001F2C835B8B0>
CC1=C2c3ccc(O)cc3CC2(CC(C)C)CCC1=O,195.0,<rdkit.Chem.rdchem.Mol object at 0x000001F2C835B920>
CC1=C2c3ccc(O)cc3CC2(CCO)CCC1=O,10000.0,<rdkit.Chem.rdchem.Mol object at 0x000001F2C835B990>
CC1=C2c3ccc(O)cc3CC2(Cc2ccc(Cl)cc2)CCC1=O,3411.0,<rdkit.Chem.rdchem.Mol object at 0x000001F2C835BA00>
CC1=C2c3ccc(O)cc3CC2(Cc2ccccc2)CCC1=O,1500.0,<rdkit.Chem.rdchem.Mol object at 0x000001F2C835BA70>
CC1=C2c3ccc(O)cc3CC2(c2ccccc2)CCC1=O,481.0,<rdkit.Chem.rdchem.Mol object at 0x000001F2C835BAE0>
CC1=C2c3ccc(O)cc3C[C@@]23CCC[C@H](C3)C1=O,414.0,<rdkit.Chem.rdchem.Mol object at 0x000001F2C835BB50>
CC1=C2c3ccc(O)cc3C[C@@]23CC[C@H](C3)C1=O,793.0,<rdkit.Chem.rdchem.Mol object at 0x000001F2C835BBC0>
CC1=C2c3ccc4[nH]ncc4c3CC2(C)CCC1=O,4410.0,<rdkit.Chem.rdchem.Mol object at 0x000001F2C835BC30>
CC1=C2c3ccc4[nH]ncc4c3CC2(Cc2ccc(F)cc2)CCC1=O,5041.0,<rdkit.Chem.rdchem.Mol object at 0x000001F2C835BCA0>
CC1=C2c3ccc4[nH]ncc4c3CC2(Cc2ccc3ccccc3c2)CCC1=O,5500.0,<rdkit.Chem.rdchem.Mol object at 0x000001F2C835BD10>
CC1=C2c3ccc4[nH]ncc4c3CC2(Cc2cccc(F)c2)CCC1=O,5220.0,<rdkit.Chem.rdchem.Mol object at 0x000001F2C835BD80>
CC1=C2c3ccc4[nH]ncc4c3CC2(Cc2ccccc2)CCC1=O,5080.0,<rdkit.Chem.rdchem.Mol object at 0x000001F2C835BDF0>
CC1=C2c3ccc4[nH]ncc4c3CC2(Cc2ccccc2F)CCC1=O,1770.0,<rdkit.Chem.rdchem.Mol object at 0x000001F2C835BE60>
CC1=C2c3ccc4[nH]nnc4c3CC2(Cc2ccc(F)cc2)CCC1=O,5170.0,<rdkit.Chem.rdchem.Mol object at 0x000001F2C835BED0>
CC1=C2c3ccc4[nH]nnc4c3CC2(Cc2ccccc2)CCC1=O,5600.0,<rdkit.Chem.rdchem.Mol object at 0x000001F2C835BF40>
CC1=CC2=CC[C@H]3[C@@H]4CC[C@H](O)[C@@]4(C)CC[C@@H]3[C@@]2(C)CC1,110.0,<rdkit.Chem.rdchem.Mol object at 0x000001F2C8374040>
CC1=CC[C@@]2(C)CC[C@@](O)(C(C)C)[C@@H]2[C@@H](OC(=O)c2ccc(O)cc2)C1,33.1,<rdkit.Chem.rdchem.Mol object at 0x000001F2C83740B0>
CC1=CC[C@@]2(CO)COC(c3ccc(O)cc3)[C@@H]1C2,3200.0,<rdkit.Chem.rdchem.Mol object at 0x000001F2C8374120>
CC1CC(=O)C2=C(C1)OC1=C(C(=O)CC(C)(C)C1)C2c1cc2ccccc2n1Cc1ccccc1,26640.0,<rdkit.Chem.rdchem.Mol object at 0x000001F2C8374190>
CC1CC(=O)C2=C(C1)OC1=C(C(=O)CC(C)C1)C2c1cc2ccccc2n1Cc1ccccc1,482300.0,<rdkit.Chem.rdchem.Mol object at 0x000001F2C8374200>
CC1CC(=O)C2=C(C1)OC1=C(C(=O)CCC1(C)C)C2c1cc2ccccc2n1Cc1ccccc1,355790.0,<rdkit.Chem.rdchem.Mol object at 0x000001F2C8374270>
CC1CC(=O)C2=C(C1)OC1=C(C(=O)CCC1)C2c1cc2ccccc2n1Cc1ccccc1,16550.0,<rdkit.Chem.rdchem.Mol object at 0x000001F2C83742E0>
CC1CC(C(F)(F)C(F)(F)F)n2nc(C(=O)O)cc2N1,19923.73,<rdkit.Chem.rdchem.Mol object at 0x000001F2C8374350>
CC1CC(C)(C)CC(c2ccc(O)cc2)(c2ccc(O)cc2)C1,450.0,<rdkit.Chem.rdchem.Mol object at 0x000001F2C83743C0>
CC1CCC2(CC1)NC(=O)N(CC(=O)c1ccc[nH]1)C2=O,50000.0,<rdkit.Chem.rdchem.Mol object at 0x000001F2C8374430>
CC1CCCC(C)N1CCOc1ccc([C@@H]2Oc3ccc(O)cc3S[C@@H]2c2cccc(O)c2)cc1,3.4,<rdkit.Chem.rdchem.Mol object at 0x000001F2C83744A0>
CC1CCCN(C(=O)COC(=O)c2[nH]nc3ccccc23)C1,50000.0,<rdkit.Chem.rdchem.Mol object at 0x000001F2C8374510>
CC1CCN(CCOc2ccc([C@@H]3Oc4ccc(O)cc4S[C@@H]3c3cccc(O)c3)cc2)CC1,0.8,<rdkit.Chem.rdchem.Mol object at 0x000001F2C8374580>
CC1CCN(S(=O)(=O)c2ccc(NC(=O)Cc3cccs3)cc2)CC1,9493.34,<rdkit.Chem.rdchem.Mol object at 0x000001F2C83745F0>
CC1CCc2c(sc(NC(=O)c3ccc(Cn4cc(Br)cn4)o3)c2C(N)=O)C1,50000.0,<rdkit.Chem.rdchem.Mol object at 0x000001F2C8374660>
CC1CCc2c(sc(NC(=O)c3ccc(Cn4cc([N+](=O)[O-])cn4)o3)c2C#N)C1,8345.14,<rdkit.Chem.rdchem.Mol object at 0x000001F2C83746D0>
CC1CN(CCOc2cc(F)c([C@@H]3c4[nH]c5ccccc5c4C[C@@H](C)N3CC(C)(C)F)c(F)c2)C1,0.19,<rdkit.Chem.rdchem.Mol object at 0x000001F2C8374740>
CC1CN(c2ccc(C3c4ccc(O)cc4CCN3c3ccccc3)cc2)CCN1C,51.95,<rdkit.Chem.rdchem.Mol object at 0x000001F2C83747B0>
CC1C[C@H](C)C2(CC[C@H]3[C@@H]4CCc5cc(O)ccc5[C@H]4CC[C@@]32C)O1,484.0,<rdkit.Chem.rdchem.Mol object at 0x000001F2C8374820>
CC1Cc2ccccc2N1C(=O)CSc1nnc(NC(=O)Cc2cccs2)s1,34005.5,<rdkit.Chem.rdchem.Mol object at 0x000001F2C8374890>
CC1Oc2cc(O)cc(O)c2N=C1c1ccc(O)cc1,2900.0,<rdkit.Chem.rdchem.Mol object at 0x000001F2C8374900>
CC1Oc2cc(O)ccc2N=C1c1ccc(O)cc1,1700.0,<rdkit.Chem.rdchem.Mol object at 0x000001F2C8374970>
CCC(=C(c1ccc(/C=C/C(=O)O)cc1)c1ccc(B(O)O)cc1)c1ccccc1,105.57,<rdkit.Chem.rdchem.Mol object at 0x000001F2C83749E0>
CCC(=C(c1ccc(O)cc1)c1ccc(/C=C/C(=O)NCCCCCCNC(=O)CCc2nc3cc(O)ccc3[nH]2)cc1)c1ccccc1,11.705,<rdkit.Chem.rdchem.Mol object at 0x000001F2C8374A50>
CCC(=C(c1ccc(O)cc1)c1ccc(/C=C/C(=O)NCCCCCCNC(=O)CCc2nc3cc(OC)ccc3[nH]2)cc1)c1ccccc1,6.005,<rdkit.Chem.rdchem.Mol object at 0x000001F2C8374AC0>
CCC(=C(c1ccc(O)cc1)c1ccc(/C=C/C(=O)NCCCCCNC(=O)CCc2nc3cc(O)ccc3[nH]2)cc1)c1ccccc1,33.614999999999995,<rdkit.Chem.rdchem.Mol object at 0x000001F2C8374B30>
CCC(=C(c1ccc(O)cc1)c1ccc(/C=C/C(=O)NCCCCCNC(=O)CCc2nc3ccc(OC)cc3[nH]2)cc1)c1ccccc1,118.8,<rdkit.Chem.rdchem.Mol object at 0x000001F2C8374BA0>
CCC(=C(c1ccc(O)cc1)c1ccc(/C=C/C(=O)NCCCCNC(=O)CCCCCCCn2c(=S)[nH]c3ccccc3c2=O)cc1)c1ccccc1,16.02,<rdkit.Chem.rdchem.Mol object at 0x000001F2C8374C10>
CCC(=C(c1ccc(O)cc1)c1ccc(/C=C/C(=O)NCCCCNC(=O)CCc2nc3cc(O)ccc3[nH]2)cc1)c1ccccc1,54.31,<rdkit.Chem.rdchem.Mol object at 0x000001F2C8374C80>
CCC(=C(c1ccc(O)cc1)c1ccc(/C=C/C(=O)NCCCCNC(=O)CCc2nc3cc(OC)ccc3[nH]2)cc1)c1ccccc1,18.36,<rdkit.Chem.rdchem.Mol object at 0x000001F2C8374CF0>
CCC(=C(c1ccc(O)cc1)c1ccc(/C=C/C(=O)NCCCNC(=O)CCCn2c(=S)[nH]c3ccccc3c2=O)cc1)c1ccccc1,17.105,<rdkit.Chem.rdchem.Mol object at 0x000001F2C8374D60>
CCC(=C(c1ccc(O)cc1)c1ccc(/C=C/C(=O)NCCCNC(=O)CCc2nc3cc(O)ccc3[nH]2)cc1)c1ccccc1,41.76,<rdkit.Chem.rdchem.Mol object at 0x000001F2C8374DD0>
CCC(=C(c1ccc(O)cc1)c1ccc(/C=C/C(=O)NCCCNC(=O)CCc2nc3ccc(OC)cc3[nH]2)cc1)c1ccccc1,12.805,<rdkit.Chem.rdchem.Mol object at 0x000001F2C8374E40>
CCC(=C(c1ccc(O)cc1)c1ccc(/C=C/C(=O)NCCCNC(=O)c2ccc(N3CCN(C(=O)CCCCCCCn4c(=S)[nH]c5ccccc5c4=O)CC3)cc2)cc1)c1ccccc1,459.115,<rdkit.Chem.rdchem.Mol object at 0x000001F2C8374EB0>
CCC(=C(c1ccc(O)cc1)c1ccc(/C=C/C(=O)NCCCNC(=O)c2ccc(N3CCN(C(=O)CCCn4c(=S)[nH]c5ccccc5c4=O)CC3)cc2)cc1)c1ccccc1,54.315,<rdkit.Chem.rdchem.Mol object at 0x000001F2C8374F20>
CCC(=C(c1ccc(O)cc1)c1ccc(/C=C/C(=O)NCCN)cc1)c1ccccc1.O=C(O)C(F)(F)F,5.3,<rdkit.Chem.rdchem.Mol object at 0x000001F2C8374F90>
CCC(=C(c1ccc(O)cc1)c1ccc(/C=C/C(=O)NCCNC(=O)CCc2nc3cc(O)ccc3[nH]2)cc1)c1ccccc1,13.725,<rdkit.Chem.rdchem.Mol object at 0x000001F2C8375000>
CCC(=C(c1ccc(O)cc1)c1ccc(/C=C/C(=O)NCCNC(=O)CCc2nc3cc(OC)ccc3[nH]2)cc1)c1ccccc1,6.225,<rdkit.Chem.rdchem.Mol object at 0x000001F2C8375070>
CCC(=C(c1ccc(O)cc1)c1ccc(/C=C/C(=O)O)cc1)c1ccccc1,5.35,<rdkit.Chem.rdchem.Mol object at 0x000001F2C83750E0>
CCC(=C(c1ccc(O)cc1)c1ccc(O)cc1)c1c[nH]cn1,1073.0,<rdkit.Chem.rdchem.Mol object at 0x000001F2C8375150>
CCC(=C(c1ccc(O)cc1)c1ccc(O)cc1)c1ccccc1,1.68,<rdkit.Chem.rdchem.Mol object at 0x000001F2C83751C0>
CCC(=C(c1ccc(O)cc1)c1ccc(O)cc1)c1cccnc1,10000.0,<rdkit.Chem.rdchem.Mol object at 0x000001F2C8375230>
CCC(=C(c1ccc(O)cc1)c1ccc(OCCN(C)C(=O)/C(=C/c2ccc(OC)c(O)c2)c2cc(OC)c(OC)c(OC)c2)cc1)c1ccc(O)cc1,4.7,<rdkit.Chem.rdchem.Mol object at 0x000001F2C83752A0>
CCC(=C(c1ccc(O)cc1)c1ccc(OCCN(C)C)cc1)c1ccccc1,8.295,<rdkit.Chem.rdchem.Mol object at 0x000001F2C8375310>
CCC(=C(c1ccc(O)cc1)c1ccc(OCCNCCCCCCN)cc1)c1ccccc1,15.0,<rdkit.Chem.rdchem.Mol object at 0x000001F2C8375380>
CCC(=C(c1ccc(O)cc1)c1ccc(OCCNCCCCCCNC(=O)CCC2=[N+]3C(C=C2)Cc2c(C)cc(C)n2[B-]3(F)F)cc1)c1ccccc1,30.0,<rdkit.Chem.rdchem.Mol object at 0x000001F2C83753F0>
CCC(=C(c1ccc(O)cc1)c1ccc(OCCNCCCCCCNC(=O)CCCCCNC(=O)CSc2c(Cl)c(Cl)c(C(=O)O)c(C3=c4cc5c(c(S(=O)(=O)O)c4Oc4c3cc3c(c4S(=O)(=O)O)NC(C)(C)CC3C)=NC(C)(C)CC5C)c2Cl)cc1)c1ccccc1,180.0,<rdkit.Chem.rdchem.Mol object at 0x000001F2C8375460>
CCC(=C(c1ccc(OCCN2CCCC2)cc1)c1ccc(OCCN2CCCC2)cc1)c1ccccc1,0.6,<rdkit.Chem.rdchem.Mol object at 0x000001F2C83754D0>
CCC(=O)N1CC[C@H](Nc2ncnc3c2CN(c2cnc(OC)c(C(F)(F)F)c2)CC3)C1,30000.0,<rdkit.Chem.rdchem.Mol object at 0x000001F2C8375540>
CCC(=O)Nc1nonc1-c1nc2ccccc2n1N(C(=O)CC)C(=O)CC,50000.0,<rdkit.Chem.rdchem.Mol object at 0x000001F2C83755B0>
CCC(=O)O[C@]1(C(=O)SCF)[C@H](C)C[C@H]2[C@@H]3C[C@H](F)C4=CC(=O)C=C[C@]4(C)[C@@]3(F)[C@@H](O)C[C@@]21C,10000.0,<rdkit.Chem.rdchem.Mol object at 0x000001F2C8375620>
CCC(=O)Oc1ccc2c(Oc3ccc(/C=C/C(=O)O)cc3)c(-c3ccccc3C(C)C)sc2c1,5.1,<rdkit.Chem.rdchem.Mol object at 0x000001F2C8375690>
CCC(=O)c1cc(O)cc2cc(-c3ccc(O)cc3)oc12,49.0,<rdkit.Chem.rdchem.Mol object at 0x000001F2C8375700>
CCC(C)NCCc1ccc(Oc2c(C(=O)c3c(C)cc(F)cc3C)sc3cc(O)ccc23)cc1,1000.0,<rdkit.Chem.rdchem.Mol object at 0x000001F2C8375770>
CCC(C)c1ccc(N2CCc3cc(O)ccc3C2(C)c2ccc(/C=C/C(=O)O)cc2)cc1,58.3,<rdkit.Chem.rdchem.Mol object at 0x000001F2C83757E0>
CCC(C)c1ccccc1-c1sc2cc(O)ccc2c1Oc1ccc(/C=C/C(=O)O)cc1,3.6,<rdkit.Chem.rdchem.Mol object at 0x000001F2C8375850>
CCC(C)n1[nH]c(=O)cc1N,50000.0,<rdkit.Chem.rdchem.Mol object at 0x000001F2C83758C0>
CCC(CC)(c1cc(C)c(O)c(C)c1)c1cc(C)c(O)c(C)c1,74.0,<rdkit.Chem.rdchem.Mol object at 0x000001F2C8375930>
CCC(CC)(c1ccc(N)c(C)c1)c1ccc(O)c(C)c1,98.0,<rdkit.Chem.rdchem.Mol object at 0x000001F2C83759A0>
CCC(CC)(c1ccc(O)c(C)c1)c1ccc(O)c(C)c1,14.265,<rdkit.Chem.rdchem.Mol object at 0x000001F2C8375A10>
CCC(CC)(c1ccc(O)c(C)c1)c1ccc(O)c(O)c1,664.0,<rdkit.Chem.rdchem.Mol object at 0x000001F2C8375A80>
CCC(CC)(c1ccc(O)cc1)c1ccc(O)c(C)c1,110.0,<rdkit.Chem.rdchem.Mol object at 0x000001F2C8375AF0>
CCC(CC)(c1ccc(O)cc1)c1ccc(O)c(O)c1,154.0,<rdkit.Chem.rdchem.Mol object at 0x000001F2C8375B60>
CCC(CC)(c1ccc(O)cc1)c1ccc(O)cc1,86.0,<rdkit.Chem.rdchem.Mol object at 0x000001F2C8375BD0>
CCC(CC)NCCc1ccc(Oc2c(C(=O)c3c(C)cc(F)cc3C)sc3cc(O)ccc23)cc1,1000.0,<rdkit.Chem.rdchem.Mol object at 0x000001F2C8375C40>
CCC(CCc1c[nH]cn1)=C(c1ccc(O)cc1)c1ccc(O)cc1,197.0,<rdkit.Chem.rdchem.Mol object at 0x000001F2C8375CB0>
CCC(CCc1cccnc1)=C(c1ccc(O)cc1)c1ccc(O)cc1,33.0,<rdkit.Chem.rdchem.Mol object at 0x000001F2C8375D20>
CCC(Cc1ccc(OC)cc1)=C(c1ccc(O)cc1)c1ccc(OCCCN(C)C)cc1,510.0,<rdkit.Chem.rdchem.Mol object at 0x000001F2C8375D90>
CCC(Cc1ccccc1)=C(c1ccc(O)cc1)c1ccc(OCCN2CCCC2)cc1,20.0,<rdkit.Chem.rdchem.Mol object at 0x000001F2C8375E00>
CCC(Cc1cccnc1)=C(c1ccc(O)cc1)c1ccc(O)cc1,19.0,<rdkit.Chem.rdchem.Mol object at 0x000001F2C8375E70>
CCC(Cn1ccnc1)=C(c1ccc(O)cc1)c1ccc(O)cc1,1801.5,<rdkit.Chem.rdchem.Mol object at 0x000001F2C8375EE0>
CCC(NC(=O)[C@@H](N)CCCNC(=N)N)C(=O)N[C@H](C(=O)N[C@@H](CC(C)C)C(=O)N[C@@H](Cc1cnc[nH]1)C(=O)N[C@@H](CCCNC(=N)N)C(=O)NC(CC(C)(C)C)C(=O)N[C@@H](CC(C)C)C(=O)N[C@@H](CCC(N)=O)C(N)=O)[C@@H](C)CC,1000.0,<rdkit.Chem.rdchem.Mol object at 0x000001F2C8375F50>
CCC(NC(=O)[C@H](CC(C)C)NC(=O)[C@@H](NC(=O)C(CC)NC(=O)[C@@H](N)CCCNC(=N)N)[C@@H](C)CC)C(=O)N[C@@H](CCCNC(=N)N)C(=O)NC(CC(C)(C)C)C(=O)N[C@@H](CC(C)C)C(=O)NCC(N)=O,670.0,<rdkit.Chem.rdchem.Mol object at 0x000001F2C8375FC0>
CCC(NC(=O)[C@H](CC(C)C)NC(=O)[C@@H](NC(=O)[C@H](Cc1cnc[nH]1)NC(=O)[C@@H](N)CCCNC(=N)N)[C@@H](C)CC)C(=O)N[C@@H](CCCNC(=N)N)C(=O)NC(CC(C)(C)C)C(=O)N[C@@H](CC(C)C)C(=O)N[C@@H](CCC(N)=O)C(N)=O,620.0,<rdkit.Chem.rdchem.Mol object at 0x000001F2C8376030>
CCC/C(=N/Nc1ccc(Cl)cc1)c1cnnc(-c2ccccc2)n1,3852.88,<rdkit.Chem.rdchem.Mol object at 0x000001F2C83760A0>
CCC1(C)NC(=O)N(CC(=O)Nc2sc3c(c2C(N)=O)CCC3)C1=O,18237.0,<rdkit.Chem.rdchem.Mol object at 0x000001F2C8376110>
CCC1(CC)NC(=O)N(CC(=O)Nc2sc3c(c2C(N)=O)CCC3)C1=O,1562.5,<rdkit.Chem.rdchem.Mol object at 0x000001F2C8376180>
CCC1(CC)NC(=O)N(CC(=O)c2ccc(Cl)s2)C1=O,50000.0,<rdkit.Chem.rdchem.Mol object at 0x000001F2C83761F0>
CCC12CCC(=O)C(Br)=C1c1ccc(O)cc1C2,319.0,<rdkit.Chem.rdchem.Mol object at 0x000001F2C8376260>
CCC12CCC(=O)C(Br)=C1c1ccc3[nH]nc(F)c3c1C2,197.0,<rdkit.Chem.rdchem.Mol object at 0x000001F2C83762D0>
CCC12CCC(=O)C(Br)=C1c1ccc3[nH]ncc3c1C2=O,352.0,<rdkit.Chem.rdchem.Mol object at 0x000001F2C8376340>
CCC12CCC(=O)C(Br)=C1c1ccc3[nH]nnc3c1C2,5170.0,<rdkit.Chem.rdchem.Mol object at 0x000001F2C83763B0>
CCC12CCC(=O)C(C(=O)OC)=C1c1ccc3[nH]ncc3c1C2,10000.0,<rdkit.Chem.rdchem.Mol object at 0x000001F2C8376420>
CCC12CCC(=O)C(C)=C1c1ccc(O)cc1C2,1210.0,<rdkit.Chem.rdchem.Mol object at 0x000001F2C8376490>
CCC12CCC(=O)C(C)=C1c1ccc3[nH]nc(Br)c3c1C2,5880.0,<rdkit.Chem.rdchem.Mol object at 0x000001F2C8376500>
CCC12CCC(=O)C(C)=C1c1ccc3[nH]nc(Cl)c3c1C2,2420.0,<rdkit.Chem.rdchem.Mol object at 0x000001F2C8376570>
CCC12CCC(=O)C(C)=C1c1ccc3[nH]ncc3c1C2=O,624.0,<rdkit.Chem.rdchem.Mol object at 0x000001F2C83765E0>
CCC12CCC(=O)C(C)=C1c1ccc3[nH]nnc3c1C2,1900.0,<rdkit.Chem.rdchem.Mol object at 0x000001F2C8376650>
CCC12CCC(=O)C(c3ccc(O)cc3)=C1c1ccc3[nH]nnc3c1C2,81.0,<rdkit.Chem.rdchem.Mol object at 0x000001F2C83766C0>
CCC12CCC(=O)C=C1c1ccc(O)cc1C2,10000.0,<rdkit.Chem.rdchem.Mol object at 0x000001F2C8376730>
CCC12CCC(=O)C=C1c1ccc3[nH]ncc3c1C2,10000.0,<rdkit.Chem.rdchem.Mol object at 0x000001F2C83767A0>
CCC12CCC(=O)C=C1c1ccc3[nH]nnc3c1C2,10000.0,<rdkit.Chem.rdchem.Mol object at 0x000001F2C8376810>
CCC1=C(c2cccc(O)c2)[C@H](c2ccc(OCCN3CC(CF)C3)cc2)Oc2ccc(O)cc21,0.5,<rdkit.Chem.rdchem.Mol object at 0x000001F2C8376880>
CCC1=C2c3ccc4[nH]ncc4c3CC2(CC)CCC1=O,223.0,<rdkit.Chem.rdchem.Mol object at 0x000001F2C83768F0>
CCC1=C2c3ccc4[nH]nnc4c3CC2(CC)CCC1=O,1322.0,<rdkit.Chem.rdchem.Mol object at 0x000001F2C8376960>
CCC1=C2c3ccc4[nH]nnc4c3C[C@@]2(CC)CCC1=O,10000.0,<rdkit.Chem.rdchem.Mol object at 0x000001F2C83769D0>
CCC1=C2c3ccc4[nH]nnc4c3C[C@]2(CC)CCC1=O,647.0,<rdkit.Chem.rdchem.Mol object at 0x000001F2C8376A40>
CCC1=NN2C(=N)/C(=C\c3ccc(SCc4ccco4)o3)C(=O)N=C2S1,21012.5,<rdkit.Chem.rdchem.Mol object at 0x000001F2C8376AB0>
CCC1=N[C@H](c2ccc(OCCN3CCCCC3)cc2)[C@H](c2ccc(O)cc2)N1,38.0,<rdkit.Chem.rdchem.Mol object at 0x000001F2C8376B20>
CCC1CN(c2ccc(C3c4ccc(O)cc4CCN3c3ccccc3)cc2)CCN1C,337.0,<rdkit.Chem.rdchem.Mol object at 0x000001F2C8376B90>
CCC1Oc2c(ccc(O)c2C)-c2c(C)cc(O)c(C)c21,129.0,<rdkit.Chem.rdchem.Mol object at 0x000001F2C8376C00>
CCC1Oc2c(ccc(O)c2C)-c2c(C)cc(O)cc21,435.0,<rdkit.Chem.rdchem.Mol object at 0x000001F2C8376C70>
CCC1Oc2c(ccc(O)c2C)-c2ccc(O)c(C)c21,101.0,<rdkit.Chem.rdchem.Mol object at 0x000001F2C8376CE0>
CCC1Oc2cc(O)cc(C)c2N=C1c1ccc(O)c(Br)c1,180.0,<rdkit.Chem.rdchem.Mol object at 0x000001F2C8376D50>
CCC1Oc2cc(O)cc(O)c2N=C1c1ccc(O)c(Br)c1,5300.0,<rdkit.Chem.rdchem.Mol object at 0x000001F2C8376DC0>
CCC1Oc2cc(O)cc(O)c2N=C1c1ccc(O)cc1,1200.0,<rdkit.Chem.rdchem.Mol object at 0x000001F2C8376E30>
CCC1Oc2cc(O)ccc2N=C1c1ccc(O)cc1,850.0,<rdkit.Chem.rdchem.Mol object at 0x000001F2C8376EA0>
CCCC(=O)Oc1ccc(/C(=C(/C)c2ccccc2)c2ccc(OCCN(C)C)cc2)cc1,34.5,<rdkit.Chem.rdchem.Mol object at 0x000001F2C8376F10>
CCCC(=O)Oc1ccc(/C(=C(/C)c2ccccc2)c2ccc(OCCN3CCCC3)cc2)cc1,27.1,<rdkit.Chem.rdchem.Mol object at 0x000001F2C8376F80>
CCCC(=O)Oc1ccc(/C(=C(/C)c2ccccc2)c2ccc(OCCN3CCCCC3)cc2)cc1,33.3,<rdkit.Chem.rdchem.Mol object at 0x000001F2C8376FF0>
CCCC(CCC)(c1ccc(N)c(C)c1)c1ccc(O)c(C)c1,4.8999999999999995,<rdkit.Chem.rdchem.Mol object at 0x000001F2C8377060>
CCCC(CCC)(c1ccc(O)c(C)c1)c1c[nH]c2cc(OCc3ccccc3)ccc12,613.0,<rdkit.Chem.rdchem.Mol object at 0x000001F2C83770D0>
CCCC(CCC)(c1ccc(O)c(C)c1)c1c[nH]c2cccc(OCc3ccccc3)c12,10000.0,<rdkit.Chem.rdchem.Mol object at 0x000001F2C8377140>
CCCC(CCC)(c1ccc(O)c(C)c1)c1cc(C)c(O)c(O)c1,271.0,<rdkit.Chem.rdchem.Mol object at 0x000001F2C83771B0>
CCCC(CCC)(c1ccc(O)c(C)c1)c1cc(C)cs1,1129.0,<rdkit.Chem.rdchem.Mol object at 0x000001F2C8377220>
CCCC(CCC)(c1ccc(O)c(C)c1)c1ccc(/C=C/C(=O)O)c(C)c1,279.5,<rdkit.Chem.rdchem.Mol object at 0x000001F2C8377290>
CCCC(CCC)(c1ccc(O)c(C)c1)c1ccc(/C=C/C(=O)OCC)c(C)c1,432.0,<rdkit.Chem.rdchem.Mol object at 0x000001F2C8377300>
CCCC(CCC)(c1ccc(O)c(C)c1)c1ccc(C(=O)O)[nH]1,10000.0,<rdkit.Chem.rdchem.Mol object at 0x000001F2C8377370>
CCCC(CCC)(c1ccc(O)c(C)c1)c1ccc(C(=O)O)n1C,10000.0,<rdkit.Chem.rdchem.Mol object at 0x000001F2C83773E0>
CCCC(CCC)(c1ccc(O)c(C)c1)c1ccc(C(=O)OCC)[nH]1,322.5,<rdkit.Chem.rdchem.Mol object at 0x000001F2C8377450>
CCCC(CCC)(c1ccc(O)c(C)c1)c1ccc(C(=O)OCC)n1C,1040.0,<rdkit.Chem.rdchem.Mol object at 0x000001F2C83774C0>
CCCC(CCC)(c1ccc(O)c(C)c1)c1ccc(N(C)C)c(C)c1,145.0,<rdkit.Chem.rdchem.Mol object at 0x000001F2C8377530>
CCCC(CCC)(c1ccc(O)c(C)c1)c1ccc(NC(C)=O)c(C)c1,283.5,<rdkit.Chem.rdchem.Mol object at 0x000001F2C83775A0>
CCCC(CCC)(c1ccc(O)c(C)c1)c1ccc(NC)c(C)c1,107.25,<rdkit.Chem.rdchem.Mol object at 0x000001F2C8377610>
CCCC(CCC)(c1ccc(O)c(C)c1)c1ccc(O)c(C)c1,4.9,<rdkit.Chem.rdchem.Mol object at 0x000001F2C8377680>
CCCC(CCC)(c1ccc(O)c(C)c1)c1ccc(O)c(O)c1,158.0,<rdkit.Chem.rdchem.Mol object at 0x000001F2C83776F0>
CCCC(CCC)(c1ccc(O)c(C)c1)c1ccc(OCC(=O)N(C)C)c(C)c1,96.5,<rdkit.Chem.rdchem.Mol object at 0x000001F2C8377760>
CCCC(CCC)(c1ccc(O)c(C)c1)c1ccc(OCC(=O)NC)c(C)c1,37.0,<rdkit.Chem.rdchem.Mol object at 0x000001F2C83777D0>
CCCC(CCC)(c1ccc(O)c(C)c1)c1ccc(OCC(=O)OC(C)C)c(C)c1,94.5,<rdkit.Chem.rdchem.Mol object at 0x000001F2C8377840>
CCCC(CCC)(c1ccc(O)c(C)c1)c1ccc(OCC(=O)OCC)c(C)c1,33.0,<rdkit.Chem.rdchem.Mol object at 0x000001F2C83778B0>
CCCC(CCC)(c1ccc(O)c(C)c1)c1ccc(OCC)c(C)c1,40.0,<rdkit.Chem.rdchem.Mol object at 0x000001F2C8377920>
CCCC(CCC)(c1ccc(O)c(C)c1)c1ccc(OCCC(C)C)c(C)c1,679.0,<rdkit.Chem.rdchem.Mol object at 0x000001F2C8377990>
CCCC(CCC)(c1ccc(O)c(C)c1)c1ccc(OCCN(C)C)c(C)c1,93.0,<rdkit.Chem.rdchem.Mol object at 0x000001F2C8377A00>
CCCC(CCC)(c1ccc(O)c(C)c1)c1ccc(OCCN)c(C)c1,78.0,<rdkit.Chem.rdchem.Mol object at 0x000001F2C8377A70>
CCCC(CCC)(c1ccc(O)c(C)c1)c1cccs1,4677.0,<rdkit.Chem.rdchem.Mol object at 0x000001F2C8377AE0>
CCCC(CCC)(c1ccc(O)c(CC)c1)c1ccc(O)c(CC)c1,493.0,<rdkit.Chem.rdchem.Mol object at 0x000001F2C8377B50>
CCCC(CCC)(c1ccc(O)cc1)c1ccc(O)c(O)c1,63.2,<rdkit.Chem.rdchem.Mol object at 0x000001F2C8377BC0>
CCCC(CCC)(c1ccc(O)cc1)c1ccc(O)cc1,99.0,<rdkit.Chem.rdchem.Mol object at 0x000001F2C8377C30>
CCCC(CCC)(c1ccc(OCCN(C)C)c(C)c1)c1ccc(O)c(O)c1,225.0,<rdkit.Chem.rdchem.Mol object at 0x000001F2C8377CA0>
CCCC12CCC(=O)C(Br)=C1c1ccc(O)cc1C2,79.0,<rdkit.Chem.rdchem.Mol object at 0x000001F2C8377D10>
CCCC12CCC(=O)C(Br)=C1c1ccc3[nH]ncc3c1C2,663.0,<rdkit.Chem.rdchem.Mol object at 0x000001F2C8377D80>
CCCC12CCC(=O)C(Br)=C1c1ccc3[nH]nnc3c1C2,3301.0,<rdkit.Chem.rdchem.Mol object at 0x000001F2C8377DF0>
CCCC12CCC(=O)C(C)=C1c1ccc(O)cc1C2,455.0,<rdkit.Chem.rdchem.Mol object at 0x000001F2C8377E60>
CCCC12CCC(=O)C(C)=C1c1ccc3[nH]ncc3c1C2,976.0,<rdkit.Chem.rdchem.Mol object at 0x000001F2C8377ED0>
CCCC12CCC(=O)C(C)=C1c1ccc3[nH]nnc3c1C2,6173.0,<rdkit.Chem.rdchem.Mol object at 0x000001F2C8377F40>
CCCC12CCC(=O)C(CC)=C1c1ccc3[nH]nnc3c1C2,612.0,<rdkit.Chem.rdchem.Mol object at 0x000001F2C8370040>
CCCC12CCC(=O)C=C1c1ccc(O)cc1C2,2530.0,<rdkit.Chem.rdchem.Mol object at 0x000001F2C83700B0>
CCCC1=C(C(=O)OCC)[C@H](c2ccnc3ccccc23)C(C#N)=C(C)N1,10000.0,<rdkit.Chem.rdchem.Mol object at 0x000001F2C8370120>
CCCC1=C2c3ccc4[nH]nnc4c3CC2(CC)CCC1=O,352.0,<rdkit.Chem.rdchem.Mol object at 0x000001F2C8370190>
CCCC1=C2c3ccc4[nH]nnc4c3CC2(CCC)CCC1=O,344.0,<rdkit.Chem.rdchem.Mol object at 0x000001F2C8370200>
CCCC1O[C@@H]2C[C@H]3[C@@H]4CCC5=CC(=O)C=C[C@]5(C)[C@H]4[C@@H](O)C[C@]3(C)[C@]2(C(=O)CO)O1,10000.0,<rdkit.Chem.rdchem.Mol object at 0x000001F2C8370270>
CCCC1Oc2c(ccc(O)c2C)-c2c(C)cc(O)cc21,626.0,<rdkit.Chem.rdchem.Mol object at 0x000001F2C83702E0>
CCCC1Oc2cc(O)ccc2N=C1c1ccc(O)cc1,1700.0,<rdkit.Chem.rdchem.Mol object at 0x000001F2C8370350>
CCCCC(CCCC)(c1ccc(O)c(C)c1)c1ccc(O)c(C)c1,14.0,<rdkit.Chem.rdchem.Mol object at 0x000001F2C83703C0>
CCCCC(CCCC)(c1ccc(O)c(CC)c1)c1ccc(O)c(CC)c1,2900.0,<rdkit.Chem.rdchem.Mol object at 0x000001F2C8370430>
CCCCC(CCCC)(c1ccc(O)cc1)c1ccc(O)cc1,79.0,<rdkit.Chem.rdchem.Mol object at 0x000001F2C83704A0>
CCCCC12CCC(=O)C(Br)=C1c1ccc(O)cc1C2,141.0,<rdkit.Chem.rdchem.Mol object at 0x000001F2C8370510>
CCCCC12CCC(=O)C(Br)=C1c1ccc3[nH]ncc3c1C2,1410.0,<rdkit.Chem.rdchem.Mol object at 0x000001F2C8370580>
CCCCC12CCC(=O)C(Br)=C1c1ccc3[nH]nnc3c1C2,141.0,<rdkit.Chem.rdchem.Mol object at 0x000001F2C83705F0>
CCCCC12CCC(=O)C(C#N)=C1c1ccc(O)cc1C2,1650.0,<rdkit.Chem.rdchem.Mol object at 0x000001F2C8370660>
CCCCC12CCC(=O)C(C(F)(F)F)=C1c1ccc(O)cc1C2,128.0,<rdkit.Chem.rdchem.Mol object at 0x000001F2C83706D0>
CCCCC12CCC(=O)C(C)=C1c1ccc(O)cc1C2,630.0,<rdkit.Chem.rdchem.Mol object at 0x000001F2C8370740>
CCCCC12CCC(=O)C(C)=C1c1ccc3[nH]ncc3c1C2,1050.0,<rdkit.Chem.rdchem.Mol object at 0x000001F2C83707B0>
CCCCC12CCC(=O)C(C)=C1c1ccc3[nH]nnc3c1C2,5982.0,<rdkit.Chem.rdchem.Mol object at 0x000001F2C8370820>
CCCCC12CCC(=O)C(C3CC3)=C1c1ccc3[nH]ncc3c1C2,422.0,<rdkit.Chem.rdchem.Mol object at 0x000001F2C8370890>
CCCCC12CCC(=O)C(CC)=C1c1ccc(O)cc1C2,264.0,<rdkit.Chem.rdchem.Mol object at 0x000001F2C8370900>
CCCCC12CCC(=O)C(CCC)=C1c1ccc(O)cc1C2,30.0,<rdkit.Chem.rdchem.Mol object at 0x000001F2C8370970>
CCCCC12CCC(=O)C(CCC)=C1c1ccc3[nH]nnc3c1C2,1249.0,<rdkit.Chem.rdchem.Mol object at 0x000001F2C83709E0>
CCCCC12CCC(=O)C(Cl)=C1c1ccc(O)cc1C2,114.0,<rdkit.Chem.rdchem.Mol object at 0x000001F2C8370A50>
CCCCC12CCC(=O)C(I)=C1c1ccc(O)cc1C2,124.0,<rdkit.Chem.rdchem.Mol object at 0x000001F2C8370AC0>
CCCCC12CCC(=O)C(c3ccccc3)=C1c1ccc(O)cc1C2,41.0,<rdkit.Chem.rdchem.Mol object at 0x000001F2C8370B30>
CCCCC12CCC(=O)C(c3ccco3)=C1c1ccc(O)cc1C2,196.0,<rdkit.Chem.rdchem.Mol object at 0x000001F2C8370BA0>
CCCCC12CCC(=O)C(c3ccco3)=C1c1ccc3[nH]nnc3c1C2,1119.0,<rdkit.Chem.rdchem.Mol object at 0x000001F2C8370C10>
CCCCC12CCC(=O)C(c3cccs3)=C1c1ccc(O)cc1C2,70.5,<rdkit.Chem.rdchem.Mol object at 0x000001F2C8370C80>
CCCCC12CCC(=O)C=C1c1ccc(O)cc1C2,6450.0,<rdkit.Chem.rdchem.Mol object at 0x000001F2C8370CF0>
CCCCC12CCC(=O)C=C1c1ccc3[nH]ncc3c1C2,10000.0,<rdkit.Chem.rdchem.Mol object at 0x000001F2C8370D60>
CCCCC1=C2c3ccc(O)cc3CC2(CCCC)CCC1=O,273.0,<rdkit.Chem.rdchem.Mol object at 0x000001F2C8370DD0>
CCCCC1=C2c3ccc(O)cc3CC2(Cc2ccccc2)CCC1=O,142.5,<rdkit.Chem.rdchem.Mol object at 0x000001F2C8370E40>
CCCCC1=C2c3ccc4[nH]nnc4c3CC2(CC)CCC1=O,1127.0,<rdkit.Chem.rdchem.Mol object at 0x000001F2C8370EB0>
CCCCC1C(=O)N(c2ccccc2)N(c2ccccc2)C1=O,50000.0,<rdkit.Chem.rdchem.Mol object at 0x000001F2C8370F20>
CCCCCC12CCC(=O)C=C1c1ccc(O)cc1C2,3740.0,<rdkit.Chem.rdchem.Mol object at 0x000001F2C8370F90>
CCCCCCCCCC(=O)Oc1ccc(/C(=C(/C)c2ccccc2)c2ccc(OCCN(C)C)cc2)cc1,31.9,<rdkit.Chem.rdchem.Mol object at 0x000001F2C8371000>
CCCCCCCCCC(=O)Oc1ccc(/C(=C(/C)c2ccccc2)c2ccc(OCCN3CCCC3)cc2)cc1,48.4,<rdkit.Chem.rdchem.Mol object at 0x000001F2C8371070>
CCCCCCCCCC(=O)Oc1ccc(/C(=C(/C)c2ccccc2)c2ccc(OCCN3CCCCC3)cc2)cc1,81.0,<rdkit.Chem.rdchem.Mol object at 0x000001F2C83710E0>
CCCCCCCCCCCCCCCCCCNCCOc1ccc(/C(=C(/CC)c2ccccc2)c2ccc(O)cc2)cc1,100000.0,<rdkit.Chem.rdchem.Mol object at 0x000001F2C8371150>
CCCCCCCCCCCCCCCCCCNCCOc1ccc(C(=O)c2c(-c3ccc(O)cc3)sc3cc(O)ccc23)cc1,1.8,<rdkit.Chem.rdchem.Mol object at 0x000001F2C83711C0>
CCCCCCCCCCCCCCCCNCCOc1ccc(/C(=C(/CC)c2ccccc2)c2ccc(O)cc2)cc1,4.8,<rdkit.Chem.rdchem.Mol object at 0x000001F2C8371230>
CCCCCCCCCCCCCCCCNCCOc1ccc(C(=O)c2c(-c3ccc(O)cc3)sc3cc(O)ccc23)cc1,11.0,<rdkit.Chem.rdchem.Mol object at 0x000001F2C83712A0>
CCCCCCCCCCCCCCCCNCCOc1ccc(C(CCC)(CCC)c2ccc(O)c(C)c2)cc1C,20.0,<rdkit.Chem.rdchem.Mol object at 0x000001F2C8371310>
CCCCCCCCCCCCCCNCCOc1ccc(/C(=C(/CC)c2ccccc2)c2ccc(O)cc2)cc1,11.0,<rdkit.Chem.rdchem.Mol object at 0x000001F2C8371380>
CCCCCCCCCCCCCCNCCOc1ccc(C(=O)c2c(-c3ccc(O)cc3)sc3cc(O)ccc23)cc1,28.0,<rdkit.Chem.rdchem.Mol object at 0x000001F2C83713F0>
CCCCCCCCCCCCNCCOc1ccc(/C(=C(/CC)c2ccccc2)c2ccc(O)cc2)cc1,14.0,<rdkit.Chem.rdchem.Mol object at 0x000001F2C8371460>
CCCCCCCCCCCCNCCOc1ccc(C(=O)c2c(-c3ccc(O)cc3)sc3cc(O)ccc23)cc1,2.995,<rdkit.Chem.rdchem.Mol object at 0x000001F2C83714D0>
CCCCCCCCCCCCNCCOc1ccc(C(CCC)(CCC)c2ccc(O)c(C)c2)cc1C,4.9,<rdkit.Chem.rdchem.Mol object at 0x000001F2C8371540>
CCCCCCCCCCCc1c(O)cc(O)c2c1O[C@H](c1ccc(O)cc1)CC2=O,1017.0,<rdkit.Chem.rdchem.Mol object at 0x000001F2C83715B0>
CCCCCCCCCCNCCOc1ccc(/C(=C(/CC)c2ccccc2)c2ccc(O)cc2)cc1,3.6,<rdkit.Chem.rdchem.Mol object at 0x000001F2C8371620>
CCCCCCCCCCNCCOc1ccc(C(=O)c2c(-c3ccc(O)cc3)sc3cc(O)ccc23)cc1,20.34,<rdkit.Chem.rdchem.Mol object at 0x000001F2C8371690>
CCCCCCCCCCNCCOc1ccc(C(CCC)(CCC)c2ccc(O)c(C)c2)cc1C,24.95,<rdkit.Chem.rdchem.Mol object at 0x000001F2C8371700>
CCCCCCCCCc1c(O)cc(O)c2c1O[C@H](c1ccc(O)cc1)CC2=O,436.0,<rdkit.Chem.rdchem.Mol object at 0x000001F2C8371770>
CCCCCCCCCc1ccc(O)cc1,377.0,<rdkit.Chem.rdchem.Mol object at 0x000001F2C83717E0>
CCCCCCCCNCCOc1ccc(/C(=C(/CC)c2ccccc2)c2ccc(O)cc2)cc1,53.0,<rdkit.Chem.rdchem.Mol object at 0x000001F2C8371850>
CCCCCCCCNCCOc1ccc(C(=O)c2c(-c3ccc(O)cc3)sc3cc(O)ccc23)cc1,49.0,<rdkit.Chem.rdchem.Mol object at 0x000001F2C83718C0>
CCCCCCCCNCCOc1ccc(C(CCC)(CCC)c2ccc(O)c(C)c2)cc1C,2.4,<rdkit.Chem.rdchem.Mol object at 0x000001F2C8371930>
CCCCCCCCOc1ccc(C(CCC)(CCC)c2ccc(O)c(C)c2)cc1C,400.0,<rdkit.Chem.rdchem.Mol object at 0x000001F2C83719A0>
CCCCCCCCc1ccc(O)cc1,27674.0,<rdkit.Chem.rdchem.Mol object at 0x000001F2C8371A10>
CCCCCCCc1c(O)cc(O)c2c1O[C@H](c1ccc(O)cc1)CC2=O,392.0,<rdkit.Chem.rdchem.Mol object at 0x000001F2C8371A80>
CCCCCCNCCOc1ccc(/C(=C(/CC)c2ccccc2)c2ccc(O)cc2)cc1,151.0,<rdkit.Chem.rdchem.Mol object at 0x000001F2C8371AF0>
CCCCCCNCCOc1ccc(C(=O)c2c(-c3ccc(O)cc3)sc3cc(O)ccc23)cc1,61.0,<rdkit.Chem.rdchem.Mol object at 0x000001F2C8371B60>
CCCCCCNCCOc1ccc(C(CCC)(CCC)c2ccc(O)c(C)c2)cc1C,78.0,<rdkit.Chem.rdchem.Mol object at 0x000001F2C8371BD0>
CCCCCCOc1ccc(C(CCC)(CCC)c2ccc(O)c(C)c2)cc1C,168.0,<rdkit.Chem.rdchem.Mol object at 0x000001F2C8371C40>
CCCCCCc1cc2cc(-c3nnc(-c4ccccc4)o3)c(=O)oc2cc1O,34942.63,<rdkit.Chem.rdchem.Mol object at 0x000001F2C8371CB0>
CCCCCc1c(O)cc(O)c2c1O[C@H](c1ccc(O)cc1)CC2=O,383.0,<rdkit.Chem.rdchem.Mol object at 0x000001F2C8371D20>
CCCCCc1cc(O)cc2c1C(=O)[C@@H](c1ccc(O)cc1)[C@@H](c1ccc(OCCN3CCCCC3)cc1)O2,71.0,<rdkit.Chem.rdchem.Mol object at 0x000001F2C8371D90>
CCCCCc1ccc(N2CCc3cc(O)ccc3C2(C)c2ccc(/C=C/C(=O)O)cc2)cc1,30.25,<rdkit.Chem.rdchem.Mol object at 0x000001F2C8371E00>
CCCCN(C)C(=O)CCCCCCCCCCS[C@@H]1C(=O)c2cc(O)ccc2[C@H]2CC[C@]3(C)[C@@H](O)CC[C@H]3[C@H]12,33.0,<rdkit.Chem.rdchem.Mol object at 0x000001F2C8371E70>
CCCCN(C)C(=O)CCCCCCCCCCS[C@@H]1Cc2cc(O)ccc2[C@H]2CC[C@]3(C)[C@@H](O)CC[C@H]3[C@@H]21,9.0,<rdkit.Chem.rdchem.Mol object at 0x000001F2C8371EE0>
CCCCN(C)C(=O)CCCCCCCCCCS[C@H]1[C@@H]2[C@H](CC[C@]3(C)[C@@H](O)CC[C@@H]23)c2ccc(O)cc2[C@H]1O,32.0,<rdkit.Chem.rdchem.Mol object at 0x000001F2C8371F50>
CCCCN(C)C(=O)CCCCCCCCCC[C@@H]1Cc2cc(O)ccc2[C@H]2CC[C@]3(C)[C@@H](O)CC[C@H]3[C@H]12,195.0,<rdkit.Chem.rdchem.Mol object at 0x000001F2C8371FC0>
CCCCN(C)CCOc1ccc(Cn2c(-c3ccc(O)cc3)c(C)c3cc(O)ccc32)cc1,28.0,<rdkit.Chem.rdchem.Mol object at 0x000001F2C8372030>
CCCCN(CCCC)CCOc1ccc(Cn2c(-c3ccc(O)cc3)c(C)c3cc(O)ccc32)cc1,200.0,<rdkit.Chem.rdchem.Mol object at 0x000001F2C83720A0>
CCCCN(O)C(=O)CCCCCCCCCC[C@@H]1Cc2cc(O)ccc2[C@H]2CC[C@]3(C)[C@@H](O)CC[C@H]3[C@H]12,2325.0,<rdkit.Chem.rdchem.Mol object at 0x000001F2C8372110>
CCCCN(O)C(=O)c1cccc(NC(=O)CCCCCS[C@@H]2Cc3cc(O)ccc3[C@H]3CC[C@]4(C)[C@@H](O)CC[C@H]4[C@@H]32)c1,115.0,<rdkit.Chem.rdchem.Mol object at 0x000001F2C8372180>
CCCCN1[C@H](c2c(F)cc(/C=C/C(=O)O)cc2F)c2[nH]c3ccccc3c2C[C@H]1C,135.4,<rdkit.Chem.rdchem.Mol object at 0x000001F2C83721F0>
CCCCNC(=O)/C=C/c1ccc(C(=C2C3CC4CC(C3)CC2C4)c2ccc(O)cc2)cc1,9.1,<rdkit.Chem.rdchem.Mol object at 0x000001F2C8372260>
CCCCOC(=O)C1=C(N)Oc2cc(O)ccc2C1c1ccc(OCCN2CCCC2)cc1,20.0,<rdkit.Chem.rdchem.Mol object at 0x000001F2C83722D0>
CCCCOC(=O)C1=C(N)Oc2cc(O)ccc2C1c1ccc(OCCN2CCCCC2)cc1,30.0,<rdkit.Chem.rdchem.Mol object at 0x000001F2C8372340>
CCCCOC(=O)c1cc(-c2ccc(/C=N/n3cnnc3)o2)ccc1Cl,50000.0,<rdkit.Chem.rdchem.Mol object at 0x000001F2C83723B0>
CCCCOc1cc(-c2nc3ccc(O)cc3o2)ccc1O,6240.0,<rdkit.Chem.rdchem.Mol object at 0x000001F2C8372420>
CCCCOc1ccc(C(CCC)(CCC)c2ccc(O)c(C)c2)cc1C,87.0,<rdkit.Chem.rdchem.Mol object at 0x000001F2C8372490>
CCCCSc1n[nH]c2c3ccccc3nc-2n1,50000.0,<rdkit.Chem.rdchem.Mol object at 0x000001F2C8372500>
CCCC[C@@H]1C[C@H]1[C@@H](NC(=O)c1ccccc1)c1ccc(-c2ccc(O)cc2)cc1F,100000.0,<rdkit.Chem.rdchem.Mol object at 0x000001F2C8372570>
CCCC[C@@]12CCC(=O)C(Br)=C1c1ccc(O)cc1C2,129.0,<rdkit.Chem.rdchem.Mol object at 0x000001F2C83725E0>
CCCC[C@@]12CCC(=O)C(Br)=C1c1ccc3[nH]nnc3c1C2,1906.0,<rdkit.Chem.rdchem.Mol object at 0x000001F2C8372650>
CCCC[C@@]12CCC(=O)C(C(=O)OC)=C1c1ccc3[nH]ncc3c1C2,2080.0,<rdkit.Chem.rdchem.Mol object at 0x000001F2C83726C0>
CCCC[C@@]12CCC(=O)C(C(F)(F)F)=C1c1ccc3[nH]nc(F)c3c1C2,49.2,<rdkit.Chem.rdchem.Mol object at 0x000001F2C8372730>
CCCC[C@@]12CCC(=O)C(C(F)(F)F)=C1c1ccc3[nH]ncc3c1C2,176.0,<rdkit.Chem.rdchem.Mol object at 0x000001F2C83727A0>
CCCC[C@@]12CCC(=O)C(C(F)(F)F)=C1c1ccc3[nH]ncc3c1C2=O,40.0,<rdkit.Chem.rdchem.Mol object at 0x000001F2C8372810>
CCCC[C@@]12CCC(=O)C(C(F)(F)F)=C1c1ccc3[nH]nnc3c1C2,896.0,<rdkit.Chem.rdchem.Mol object at 0x000001F2C8372880>
CCCC[C@@]12CCC(=O)C(C)=C1c1ccc(O)cc1C2,567.0,<rdkit.Chem.rdchem.Mol object at 0x000001F2C83728F0>
CCCC[C@@]12CCC(=O)C(CC)=C1c1ccc3[nH]nc(F)c3c1C2,23.0,<rdkit.Chem.rdchem.Mol object at 0x000001F2C8372960>
CCCC[C@@]12CCC(=O)C(CC)=C1c1ccc3[nH]ncc3c1C2,93.0,<rdkit.Chem.rdchem.Mol object at 0x000001F2C83729D0>
CCCC[C@@]12CCC(=O)C(CC)=C1c1ccc3[nH]nnc3c1C2,220.0,<rdkit.Chem.rdchem.Mol object at 0x000001F2C8372A40>
CCCC[C@@]12CCC(=O)C(c3cccs3)=C1c1ccc3[nH]nnc3c1C2,34.0,<rdkit.Chem.rdchem.Mol object at 0x000001F2C8372AB0>
CCCC[C@]12CCC(=O)C(Br)=C1c1ccc(O)cc1C2,4023.0,<rdkit.Chem.rdchem.Mol object at 0x000001F2C8372B20>
CCCC[C@]12CCC(=O)C(C)=C1c1ccc(O)cc1C2,10000.0,<rdkit.Chem.rdchem.Mol object at 0x000001F2C8372B90>
CCCC[C@]12CCC(=O)C(CC)=C1c1ccc3[nH]nnc3c1C2,4753.0,<rdkit.Chem.rdchem.Mol object at 0x000001F2C8372C00>
CCCCc1cc(O)cc2nc(-c3ccc(O)cc3)oc12,498.0,<rdkit.Chem.rdchem.Mol object at 0x000001F2C8372C70>
CCCCc1ccc(N2CCc3cc(O)ccc3C2(C)c2ccc(/C=C/C(=O)O)cc2)cc1,12.2,<rdkit.Chem.rdchem.Mol object at 0x000001F2C8372CE0>
CCCCc1nc2cc(O)cc(O)c2c(=O)n1-c1ccc(O)cc1,178.0,<rdkit.Chem.rdchem.Mol object at 0x000001F2C8372D50>
CCCCn1c(NC(=O)CC)c(C#N)c2nc3ccccc3nc21,23363.69,<rdkit.Chem.rdchem.Mol object at 0x000001F2C8372DC0>
CCCCn1nc(-c2ccc(O)cc2)c2cccc(Cl)c21,25.0,<rdkit.Chem.rdchem.Mol object at 0x000001F2C8372E30>
CCCCn1nc(-c2ccc(O)cc2O)c2ccc(O)cc21,112.0,<rdkit.Chem.rdchem.Mol object at 0x000001F2C8372EA0>
CCCN(CCC)CCOc1ccc(Cn2c(-c3ccc(O)cc3)c(C)c3cc(O)ccc32)cc1,80.0,<rdkit.Chem.rdchem.Mol object at 0x000001F2C8372F10>
CCCN(CCC)S(=O)(=O)c1ccc(NC(=O)Cc2cccs2)cc1,16658.15,<rdkit.Chem.rdchem.Mol object at 0x000001F2C8372F80>
CCCN1CC(Nc2cc(F)c([C@@H]3c4[nH]c5ccccc5c4C[C@@H](C)N3CC(F)(F)CO)c(F)c2)C1,0.09,<rdkit.Chem.rdchem.Mol object at 0x000001F2C8372FF0>
CCCN1CC(Oc2cc(F)c([C@@H]3c4[nH]c5ccccc5c4C[C@@H](C)N3CC(C)(C)F)c(F)c2)C1,0.065,<rdkit.Chem.rdchem.Mol object at 0x000001F2C8373060>
CCCN1CC(c2ccc(O)cc2)Cc2ccc(O)cc21,2470.0,<rdkit.Chem.rdchem.Mol object at 0x000001F2C83730D0>
CCCN1CCN(c2ccc(C(=O)c3c(-c4ccc(O)cc4)sc4cc(O)ccc34)cc2)CC1,1.43,<rdkit.Chem.rdchem.Mol object at 0x000001F2C8373140>
CCCNC(=O)c1ccc(-c2nc3ccccc3s2)s1,30294.34,<rdkit.Chem.rdchem.Mol object at 0x000001F2C83731B0>
CCCOC(=O)[C@H]1CC[C@H]2[C@@H]3CCc4cc(O)ccc4[C@H]3CC[C@]12C,92.0,<rdkit.Chem.rdchem.Mol object at 0x000001F2C8373220>
CCCSc1nc(C)c(-c2csc(C(C#N)=C3CCCC3)n2)cc1C#N,9342.81,<rdkit.Chem.rdchem.Mol object at 0x000001F2C8373290>
CCC[C@@H]1CC[C@@H]2C[C@]13Cc1cc(O)ccc1C3=C(C)C2=O,84.0,<rdkit.Chem.rdchem.Mol object at 0x000001F2C8373300>
CCC[C@@H]1C[C@@H]2C[C@]13Cc1cc(O)ccc1C3=C(C)C2=O,97.0,<rdkit.Chem.rdchem.Mol object at 0x000001F2C8373370>
CCC[C@@]12CCC(=O)C(C)=C1c1ccc(O)cc1C2,455.0,<rdkit.Chem.rdchem.Mol object at 0x000001F2C83733E0>
CCC[C@H]1CC[C@@H]2C[C@]13Cc1cc(O)ccc1C3=C(C)C2=O,605.0,<rdkit.Chem.rdchem.Mol object at 0x000001F2C8373450>
CCC[C@]12CC[C@H](O)CC1=CCC1C2CC[C@@]2(C)C1CC[C@@H]2O,5155.0,<rdkit.Chem.rdchem.Mol object at 0x000001F2C83734C0>
CCC[Si](CCC)(c1ccc(O)c(C)c1)c1ccc(O)c(C)c1,26.2,<rdkit.Chem.rdchem.Mol object at 0x000001F2C8373530>
CCCc1c(O)cc(O)c2c1O[C@H](c1ccc(O)cc1)CC2=O,155.0,<rdkit.Chem.rdchem.Mol object at 0x000001F2C83735A0>
CCCc1c(O)cc2ncn(-c3ccc(O)cc3)c(=O)c2c1O,10649.0,<rdkit.Chem.rdchem.Mol object at 0x000001F2C8373610>
CCCc1cc(-c2noc3cc(O)ccc23)c(CC)cc1O,13.0,<rdkit.Chem.rdchem.Mol object at 0x000001F2C8373680>
CCCc1cc(-c2noc3cc(O)ccc23)c(CCC)cc1O,22.0,<rdkit.Chem.rdchem.Mol object at 0x000001F2C83736F0>
CCCc1cc(-c2noc3cc(O)ccc23)ccc1O,210.0,<rdkit.Chem.rdchem.Mol object at 0x000001F2C8373760>
CCCc1cc(-n2ccnc2)n2c(nc3ccccc32)c1C#N,29799.09,<rdkit.Chem.rdchem.Mol object at 0x000001F2C83737D0>
CCCc1cc(O)cc2c1C(=O)[C@@H](c1ccc(O)cc1)[C@@H](c1ccc(OCCN3CCCCC3)cc1)O2,652.0,<rdkit.Chem.rdchem.Mol object at 0x000001F2C8373840>
CCCc1cc(O)cc2nc(-c3ccc(O)cc3)oc12,390.0,<rdkit.Chem.rdchem.Mol object at 0x000001F2C83738B0>
CCCc1cc(O)ccc1-c1noc2cc(O)ccc12,50.0,<rdkit.Chem.rdchem.Mol object at 0x000001F2C8373920>
CCCc1cc2c(=O)c(-c3ccc4c(c3)OCCO4)coc2cc1OC(=O)c1ccco1,50000.0,<rdkit.Chem.rdchem.Mol object at 0x000001F2C8373990>
CCCc1ccc(S(=O)(=O)N2CCc3cc(O)ccc3C2c2ccc(OCCN3CCCC3)cc2)cc1,29.4,<rdkit.Chem.rdchem.Mol object at 0x000001F2C8373A00>
CCCc1nc2cc(O)cc(O)c2c(=O)n1-c1ccc(O)cc1,5365.0,<rdkit.Chem.rdchem.Mol object at 0x000001F2C8373A70>
CCCc1nnc(/C=C/c2ccc(C3(C)c4ccc(O)cc4CCN3c3ccc(F)cc3)cc2)o1,56.0,<rdkit.Chem.rdchem.Mol object at 0x000001F2C8373AE0>
CCCc1nnc(/C=C/c2ccc(Oc3c(-c4ccc(F)cc4C)sc4cc(O)ccc34)cc2)o1,111.0,<rdkit.Chem.rdchem.Mol object at 0x000001F2C8373B50>
CCCc1nnc(/C=C/c2ccc(Oc3c(-c4ccccc4C(C)C)sc4cc(O)ccc34)cc2)[nH]1,35.0,<rdkit.Chem.rdchem.Mol object at 0x000001F2C8373BC0>
CCCc1nnc(/C=C/c2ccc(Oc3c(-c4ccccc4C(C)C)sc4cc(O)ccc34)cc2)o1,7.65,<rdkit.Chem.rdchem.Mol object at 0x000001F2C8373C30>
CCCc1nnc2n1N=C(c1ccc(-c3cc(Cl)ccc3Cl)o1)CS2,13388.26,<rdkit.Chem.rdchem.Mol object at 0x000001F2C8373CA0>
CCCn1c(N)c(-c2nc(-c3ccco3)c(C(=O)c3ccccc3)s2)c(=O)n(C)c1=O,50000.0,<rdkit.Chem.rdchem.Mol object at 0x000001F2C8373D10>
CCCn1cnc(/C=C/c2ccc(Oc3c(-c4ccc(O)cc4)sc4cc(O)ccc34)cc2)c1,34.0,<rdkit.Chem.rdchem.Mol object at 0x000001F2C8373D80>
CCCn1cncc1/C=C/c1ccc(Oc2c(-c3ccc(O)cc3)sc3cc(O)ccc23)cc1,10.0,<rdkit.Chem.rdchem.Mol object at 0x000001F2C8373DF0>
CCCn1nc(-c2ccc(O)cc2)c2cccc(C)c21,40.0,<rdkit.Chem.rdchem.Mol object at 0x000001F2C8373E60>
CCCn1nc(-c2ccc(O)cc2)c2cccc(Cl)c21,52.0,<rdkit.Chem.rdchem.Mol object at 0x000001F2C8373ED0>
CCCn1nc(-c2ccc(O)cc2O)c2ccc(O)cc21,62.0,<rdkit.Chem.rdchem.Mol object at 0x000001F2C8373F40>
CCCn1nc(C(=O)OCC(=O)c2ccc3c(c2)NC(=O)CO3)c2ccccc2c1=O,37919.19,<rdkit.Chem.rdchem.Mol object at 0x000001F2C835C040>
CCCn1nnnc1/C=C/c1ccc(Oc2c(-c3ccc(F)cc3C)sc3cc(O)ccc23)cc1,320.0,<rdkit.Chem.rdchem.Mol object at 0x000001F2C835C0B0>
CCN(CC)C(=O)/C=C/c1ccc(C2=C(c3ccc(O)cc3)CCOc3cc(F)ccc32)cc1,349.0,<rdkit.Chem.rdchem.Mol object at 0x000001F2C835C120>
CCN(CC)CCCOc1ccc(-n2c3c(c4ccc(OC)cc4c2=O)C(=O)c2cc(OC)ccc2-3)cc1,39800.0,<rdkit.Chem.rdchem.Mol object at 0x000001F2C835C190>
CCN(CC)CCNC(=O)/C=C/c1ccc(C2=C(c3ccc(O)cc3)CCOc3cc(F)ccc32)cc1,1023.0,<rdkit.Chem.rdchem.Mol object at 0x000001F2C835C200>
CCN(CC)CCOc1ccc(-n2c3c(c4ccc(O)cc4c2=O)C(=O)c2cc(O)ccc2-3)cc1,6700.0,<rdkit.Chem.rdchem.Mol object at 0x000001F2C835C270>
CCN(CC)CCOc1ccc(-n2c3c(c4ccc(OC)cc4c2=O)C(=O)c2cc(OC)ccc2-3)cc1,18700.0,<rdkit.Chem.rdchem.Mol object at 0x000001F2C835C2E0>
CCN(CC)CCOc1ccc(/C(=C(/CCCO)c2ccccc2)c2ccc(O)cc2)cc1.Cl,875.0,<rdkit.Chem.rdchem.Mol object at 0x000001F2C835C350>
CCN(CC)CCOc1ccc(/C(=C(/Cl)c2ccccc2)c2ccccc2)cc1,4.564,<rdkit.Chem.rdchem.Mol object at 0x000001F2C835C3C0>
CCN(CC)CCOc1ccc(C(=C(C#N)c2ccccc2)c2ccc(OCCN(CC)CC)cc2)cc1,10000.0,<rdkit.Chem.rdchem.Mol object at 0x000001F2C835C430>
CCN(CC)CCOc1ccc(Cn2c(-c3ccc(O)cc3)c(C)c3cc(O)ccc32)cc1,40.0,<rdkit.Chem.rdchem.Mol object at 0x000001F2C835C4A0>
CCN(CC)CCOc1ccc(Cn2c3ccc(O)cc3c3sc4cc(O)ccc4c32)cc1,31.2,<rdkit.Chem.rdchem.Mol object at 0x000001F2C835C510>
CCN(CC)CCOc1ccc(Cn2c3ccccc3c3sc4cc(O)ccc4c32)cc1,57.4,<rdkit.Chem.rdchem.Mol object at 0x000001F2C835C580>
CCN(CC)CCOc1ccc(Nc2c(-c3ccc(F)cc3)c(=O)oc3cc(O)ccc23)cc1,4370.0,<rdkit.Chem.rdchem.Mol object at 0x000001F2C835C5F0>
CCN(CC)CCOc1ccc(Nc2c(-c3ccc(F)cc3)c(=O)oc3cc(OC)ccc23)cc1,10000.0,<rdkit.Chem.rdchem.Mol object at 0x000001F2C835C660>
CCN(CC)CCOc1ccc(Nc2c(-c3ccc(F)cc3)c(=O)oc3ccccc23)cc1,10000.0,<rdkit.Chem.rdchem.Mol object at 0x000001F2C835C6D0>
CCN(CC)CCOc1ccc(Nc2c(-c3ccc(O)cc3)c(=O)oc3cc(O)ccc23)cc1,5970.0,<rdkit.Chem.rdchem.Mol object at 0x000001F2C835C740>
CCN(CC)CCOc1ccc(Nc2cc(Cl)nc(-c3ccc(OC)cc3)n2)cc1,4740.0,<rdkit.Chem.rdchem.Mol object at 0x000001F2C835C7B0>
CCN(CC)CCOc1ccc(Oc2c(-c3ccc(F)cc3)c(=O)oc3cc(O)ccc23)cc1,3550.0,<rdkit.Chem.rdchem.Mol object at 0x000001F2C835C820>
CCN(CC)CCOc1ccc(Oc2c(-c3ccc(F)cc3)c(=O)oc3cc(OC)ccc23)cc1,10000.0,<rdkit.Chem.rdchem.Mol object at 0x000001F2C835C890>
CCN(CC)CCOc1ccc(Oc2c(-c3ccc(O)cc3)c(=O)oc3cc(O)ccc23)cc1,10000.0,<rdkit.Chem.rdchem.Mol object at 0x000001F2C835C900>
CCN(CC)CCOc1ccc(Oc2c(-c3ccc(OC)cc3)c(=O)oc3cc(OC)ccc23)cc1,10000.0,<rdkit.Chem.rdchem.Mol object at 0x000001F2C835C970>
CCN(CC)CCOc1ccc(Oc2cc(Cl)nc(-c3ccc(OC)cc3)n2)cc1,5130.0,<rdkit.Chem.rdchem.Mol object at 0x000001F2C835C9E0>
CCN(CC)CCOc1ccc([C@@H]2Oc3cc(F)ccc3C3=C2c2ccc(O)cc2OCC3)cc1,7.0,<rdkit.Chem.rdchem.Mol object at 0x000001F2C835CA50>
CCN(CC)CCOc1ccc([C@@H]2Oc3ccccc3C3=C2c2ccc(O)cc2OCC3)cc1,9.0,<rdkit.Chem.rdchem.Mol object at 0x000001F2C835CAC0>
CCN(CC)CCOc1ccc([C@H]2Oc3cc(F)ccc3C3=C2c2ccc(O)cc2OCC3)cc1,5.0,<rdkit.Chem.rdchem.Mol object at 0x000001F2C835CB30>
CCN(CC)CCOc1ccc([C@H]2Oc3ccccc3C3=C2c2ccc(O)cc2OCC3)cc1,5.0,<rdkit.Chem.rdchem.Mol object at 0x000001F2C835CBA0>
CCN(CC)CCc1ccc(Oc2c(C(=O)c3c(C)cc(F)cc3C)sc3cc(O)ccc23)cc1,1000.0,<rdkit.Chem.rdchem.Mol object at 0x000001F2C835CC10>
CCN(Cc1ccc(C(=O)N2CCc3ccc(O)cc3C2)cc1)Cc1ccccn1,24600.0,<rdkit.Chem.rdchem.Mol object at 0x000001F2C835CC80>
CCN(Cc1ccc(C(=O)N2CCc3ccc(OS(N)(=O)=O)cc3C2)cc1)Cc1ccccn1,3100.0,<rdkit.Chem.rdchem.Mol object at 0x000001F2C835CCF0>
CCN(c1ccc(C)cc1)S(=O)(=O)C1CC2OC1C(c1ccc(NC(=O)CCCCCCC(=O)O)cc1)=C2c1ccc(O)cc1,2080.0,<rdkit.Chem.rdchem.Mol object at 0x000001F2C835CD60>
CCN(c1ccc(Cl)cc1)S(=O)(=O)C1CC2OC1C(c1ccc(NC(=O)CCCCCCC(=O)O)cc1)=C2c1ccc(O)cc1,2610.0,<rdkit.Chem.rdchem.Mol object at 0x000001F2C835CDD0>
CCN(c1cccc(C)c1)S(=O)(=O)C1CC2OC1C(c1ccc(NC(=O)CCCCCCC(=O)O)cc1)=C2c1ccc(O)cc1,3680.0,<rdkit.Chem.rdchem.Mol object at 0x000001F2C835CE40>
CCN(c1cccc(OC)c1)S(=O)(=O)C1CC2OC1C(c1ccc(NC(=O)CCCCCCC(=O)O)cc1)=C2c1ccc(O)cc1,1106.0,<rdkit.Chem.rdchem.Mol object at 0x000001F2C835CEB0>
CCN(c1ccccc1)S(=O)(=O)C1CC2OC1C(c1ccc(NC(=O)CCCCCCC(=O)O)cc1)=C2c1ccc(O)cc1,5670.0,<rdkit.Chem.rdchem.Mol object at 0x000001F2C835CF20>
CCN(c1ccccc1)S(=O)(=O)c1cc(C(=O)O)ccc1C,13057.04,<rdkit.Chem.rdchem.Mol object at 0x000001F2C835CF90>
CCN(c1ccccc1)S(=O)(=O)c1ccc2ncc(C(=O)NCCOC)c(O)c2c1,27893.48,<rdkit.Chem.rdchem.Mol object at 0x000001F2C835D000>
CCN(c1ccccc1Br)S(=O)(=O)C1CC2OC1C(c1ccc(NC(=O)CCCCCCC(=O)O)cc1)=C2c1ccc(O)cc1,1870.0,<rdkit.Chem.rdchem.Mol object at 0x000001F2C835D070>
CCN(c1ccccc1Cl)S(=O)(=O)C1CC2OC1C(c1ccc(NC(=O)CCCCCCC(=O)O)cc1)=C2c1ccc(O)cc1,3130.0,<rdkit.Chem.rdchem.Mol object at 0x000001F2C835D0E0>
CCN1C(=O)/C(=C2/Sc3ccc(OC)cc3N2C)S/C1=N\c1cccc(O)c1,50000.0,<rdkit.Chem.rdchem.Mol object at 0x000001F2C835D150>
CCN1C(=O)COc2ccc(C3=C(c4ccc(O[C@H]5CCN(CCCF)C5)cc4)c4ccc(O)cc4CCC3)cc21,1077.0,<rdkit.Chem.rdchem.Mol object at 0x000001F2C835D1C0>
CCN1CC(c2ccc(O)cc2)Cc2ccc(O)cc21,1410.0,<rdkit.Chem.rdchem.Mol object at 0x000001F2C835D230>
CCN1CCC(c2ccc(/C(=C(/CCCO)c3ccccc3)c3cccc(O)c3)cc2)CC1.Cl,10000.0,<rdkit.Chem.rdchem.Mol object at 0x000001F2C835D2A0>
CCN1CCN(c2ccc(/C(=C(/CCCO)c3ccccc3)c3ccc(C)cc3)cc2)CC1,10000.0,<rdkit.Chem.rdchem.Mol object at 0x000001F2C835D310>
CCN1CCN(c2ccc(/C(=C(/CCCO)c3ccccc3)c3ccc(C)cc3)cc2)CC1.Cl.Cl,10000.0,<rdkit.Chem.rdchem.Mol object at 0x000001F2C835D380>
CCN1CCN(c2ccc(/C(=C(/CCCO)c3ccccc3)c3ccc(O)cc3)cc2)CC1,1142.0,<rdkit.Chem.rdchem.Mol object at 0x000001F2C835D3F0>
CCN1CCN(c2ccc(/C(=C(/CCCO)c3ccccc3)c3ccc(O)cc3)cc2)CC1.Cl.Cl,1142.0,<rdkit.Chem.rdchem.Mol object at 0x000001F2C835D460>
CCN1CCN(c2ccc(C3c4ccc(O)cc4CCN3c3ccccc3)cc2)CC1C,51.0,<rdkit.Chem.rdchem.Mol object at 0x000001F2C835D4D0>
CCN1CCN(c2ccc([C@@H]3Oc4ccc(O)cc4S[C@@H]3c3ccc(O)cc3)cc2)CC1,1.0,<rdkit.Chem.rdchem.Mol object at 0x000001F2C835D540>
CCN1CCc2cc(C3=C(c4ccc(O[C@H]5CCN(CCCF)C5)cc4)c4ccc(O)cc4CCC3)ccc21,524.0,<rdkit.Chem.rdchem.Mol object at 0x000001F2C835D5B0>
CCN1CCc2nc(NC(=O)Cc3ccc4c(c3)OCCO4)sc2C1,28777.64,<rdkit.Chem.rdchem.Mol object at 0x000001F2C835D620>
CCN=c1ccc(Br)cc(C(=O)/C=C/c2ccccc2Cl)c1O,3106.81,<rdkit.Chem.rdchem.Mol object at 0x000001F2C835D690>
CCNCCc1ccc(CN(CC)c2cc(OC)ccc2[C@@H]2CCc3cc(O)ccc3C2)cc1,524.0,<rdkit.Chem.rdchem.Mol object at 0x000001F2C835D700>
CCNCCc1ccc(Oc2c(C(=O)c3c(C)cc(F)cc3C)sc3cc(O)ccc23)cc1,1000.0,<rdkit.Chem.rdchem.Mol object at 0x000001F2C835D770>
CCOC(=O)/C=C/C(=O)NCCOc1ccc(C(=O)c2c(-c3ccc(O)cc3)sc3cc(O)ccc23)cc1,6000.0,<rdkit.Chem.rdchem.Mol object at 0x000001F2C835D7E0>
CCOC(=O)/C=C/C(=O)OCc1cn(CCC2CCN(CCOc3ccc(C(=O)c4c(-c5ccc(O)cc5)sc5cc(O)ccc45)cc3)CC2)nn1,500.0,<rdkit.Chem.rdchem.Mol object at 0x000001F2C835D850>
CCOC(=O)/C=C/c1ccc(Oc2c(-c3ccc(O)cc3)sc3cc(O)ccc23)c(C)c1,103.0,<rdkit.Chem.rdchem.Mol object at 0x000001F2C835D8C0>
CCOC(=O)/C=C/c1ccc(Oc2c(-c3ccc(O)cc3)sc3cc(O)ccc23)cc1C,80.0,<rdkit.Chem.rdchem.Mol object at 0x000001F2C835D930>
CCOC(=O)/C=C/c1ccc(Oc2c(-c3ccc(O)cc3)sc3cc(O)ccc23)cc1OC,10000.0,<rdkit.Chem.rdchem.Mol object at 0x000001F2C835D9A0>
CCOC(=O)/C=C/c1ccc(Oc2c(-c3ccccc3C(C)C)sc3cc(O)ccc23)cc1,9.0,<rdkit.Chem.rdchem.Mol object at 0x000001F2C835DA10>
CCOC(=O)C1(C#N)Cc2ccc([C@]3(O)CC[C@H]4[C@@H]5CCc6cc(O)ccc6[C@H]5CC[C@@]43C)cc2C1,47.53,<rdkit.Chem.rdchem.Mol object at 0x000001F2C835DA80>
CCOC(=O)C1(C(=O)OCC)Cc2ccc([C@]3(O)CC[C@H]4[C@@H]5CCc6cc(O)ccc6[C@H]5CC[C@@]43C)cc2C1,492.04,<rdkit.Chem.rdchem.Mol object at 0x000001F2C835DAF0>
CCOC(=O)C1(C(C)=O)Cc2ccc([C@]3(O)CC[C@H]4[C@@H]5CCc6cc(O)ccc6[C@H]5CC[C@@]43C)cc2C1,245.47,<rdkit.Chem.rdchem.Mol object at 0x000001F2C835DB60>
CCOC(=O)C1=C(C)S/C(=C\N(C)C)C1=O,40298.0,<rdkit.Chem.rdchem.Mol object at 0x000001F2C835DBD0>
CCOC(=O)C1=C(N)Oc2cc(O)ccc2C1c1ccc(OCCN2CCCC2)cc1,1410.0,<rdkit.Chem.rdchem.Mol object at 0x000001F2C835DC40>
CCOC(=O)C1=C(N)Oc2cc(O)ccc2C1c1ccc(OCCN2CCCCC2)cc1,20.0,<rdkit.Chem.rdchem.Mol object at 0x000001F2C835DCB0>
CCOC(=O)C1=C(N)Oc2cc(O)ccc2C1c1ccc(OCCN2CCOCC2)cc1,220.0,<rdkit.Chem.rdchem.Mol object at 0x000001F2C835DD20>
CCOC(=O)C1=C(N)Oc2cc(O)ccc2C1c1ccc(OCc2ccccc2)cc1,40320.0,<rdkit.Chem.rdchem.Mol object at 0x000001F2C835DD90>
CCOC(=O)C1=C(N)Oc2cc(O)ccc2C1c1ccccc1,2360.0,<rdkit.Chem.rdchem.Mol object at 0x000001F2C835DE00>
CCOC(=O)C1=C(Nc2ccc(C)cc2)S/C(=C\c2cn(CC(=O)NCC3CCCO3)c3ccccc23)C1=O,7598.93,<rdkit.Chem.rdchem.Mol object at 0x000001F2C835DE70>
CCOC(=O)C1=C(O)/C(=C\c2ccc(CNC(=O)C(=O)Nc3ccc(C)c(C)c3)o2)N=C1C,40511.4,<rdkit.Chem.rdchem.Mol object at 0x000001F2C835DEE0>
CCOC(=O)C1=C(O)/C(=C\c2ccc(CNC(=O)C(=O)Nc3ccccc3)o2)N=C1C,5729.13,<rdkit.Chem.rdchem.Mol object at 0x000001F2C835DF50>
CCOC(=O)C1=c2/c(=C/c3ccccc3OC)c(N)c(C#N)n2C(=O)C(c2ccccc2OC)S1,9798.6,<rdkit.Chem.rdchem.Mol object at 0x000001F2C835DFC0>
CCOC(=O)C1CCCN(C(=O)c2cc3ncc(Br)cn3n2)C1,20681.03,<rdkit.Chem.rdchem.Mol object at 0x000001F2C835E030>
CCOC(=O)CCC(=O)Nc1ccccc1C(N)=O,50000.0,<rdkit.Chem.rdchem.Mol object at 0x000001F2C835E0A0>
CCOC(=O)COc1ccc(-c2ccc(OCCN(C)C)c(Cc3ccc(-c4ccccc4)cc3)c2)cc1,3100.0,<rdkit.Chem.rdchem.Mol object at 0x000001F2C835E110>
CCOC(=O)COc1ccc(-c2ccc(OCCN(C)C)cc2)cc1CC1CCCCC1,12700.0,<rdkit.Chem.rdchem.Mol object at 0x000001F2C835E180>
CCOC(=O)COc1ccc(-c2ccc(OCCN(C)C)cc2)cc1Cc1ccc2ccccc2c1,3200.0,<rdkit.Chem.rdchem.Mol object at 0x000001F2C835E1F0>
CCOC(=O)CSc1nn(C)c(=S)s1,7983.25,<rdkit.Chem.rdchem.Mol object at 0x000001F2C835E260>
CCOC(=O)Cc1cc(O)n2nc(-c3ccc(C)cc3)cc2n1,13917.0,<rdkit.Chem.rdchem.Mol object at 0x000001F2C835E2D0>
CCOC(=O)Cc1ccc(NS(=O)(=O)c2ccc(SC)cc2)cc1,50000.0,<rdkit.Chem.rdchem.Mol object at 0x000001F2C835E340>
CCOC(=O)N1CCc2cc(O)ccc2C1c1ccc(OCCN2CCCC2)cc1,44.3,<rdkit.Chem.rdchem.Mol object at 0x000001F2C835E3B0>
CCOC(=O)[N-]c1c[n+](N2CCOCC2)no1,24673.94,<rdkit.Chem.rdchem.Mol object at 0x000001F2C835E420>
CCOC(=O)c1[nH]c2c(c1C)C(=O)CC(c1ccco1)C2,30297.28,<rdkit.Chem.rdchem.Mol object at 0x000001F2C835E490>
CCOC(=O)c1c(C)oc2c1c(/C=N/C1CCS(=O)(=O)C1)c(O)c1ccccc12,16011.5,<rdkit.Chem.rdchem.Mol object at 0x000001F2C835E500>
CCOC(=O)c1c(C)oc2c1c(C(c1cccnc1)N1CCCCC1)c(O)c1ccccc12,50000.0,<rdkit.Chem.rdchem.Mol object at 0x000001F2C835E570>
CCOC(=O)c1c(NC(=O)CSc2nnc(CNC(=O)c3ccco3)n2C)sc2c1CCC2,50000.0,<rdkit.Chem.rdchem.Mol object at 0x000001F2C835E5E0>
CCOC(=O)c1c(Nc2nc(C)c(C(=O)NC)s2)sc(C)c1C,42306.76,<rdkit.Chem.rdchem.Mol object at 0x000001F2C835E650>
CCOC(=O)c1c2c(n(C)c1COC)C(=O)C(=O)c1ccc(Br)cc1-2,8870.75,<rdkit.Chem.rdchem.Mol object at 0x000001F2C835E6C0>
CCOC(=O)c1cc(O)cc2nc(-c3ccc(O)cc3)oc12,7827.0,<rdkit.Chem.rdchem.Mol object at 0x000001F2C835E730>
CCOC(=O)c1cc2ccccc2n1CCN(CC)CC.Cl,50000.0,<rdkit.Chem.rdchem.Mol object at 0x000001F2C835E7A0>
CCOC(=O)c1cc2nc(C)[nH]c2cc1[N+](=O)[O-],100000.0,<rdkit.Chem.rdchem.Mol object at 0x000001F2C835E810>
CCOC(=O)c1ccc(NC(=O)CSc2nc(C)cc(O)n2)cc1,3062.6,<rdkit.Chem.rdchem.Mol object at 0x000001F2C835E880>
CCOC(=O)c1ccc(NC(=O)CSc2nnc(CNc3ccc(OC)cc3)n2C)cc1,50000.0,<rdkit.Chem.rdchem.Mol object at 0x000001F2C835E8F0>
CCOCC(=O)Nc1cccc(C(=O)OCC)c1,50000.0,<rdkit.Chem.rdchem.Mol object at 0x000001F2C835E960>
CCOCCCNC(=O)c1cnc2ccc(S(=O)(=O)Nc3cccc(OC)c3)cc2c1O,35192.99,<rdkit.Chem.rdchem.Mol object at 0x000001F2C835E9D0>
CCOP(=O)(OCC)C1(NS(=O)(=O)c2ccccc2)C=C(Br)C(=O)c2ccccc21,8688.31,<rdkit.Chem.rdchem.Mol object at 0x000001F2C835EA40>
CCOP(=O)(OCC)C1(NS(=O)(=O)c2ccccc2)C=C(Cl)C(=O)c2ccccc21,12589.04,<rdkit.Chem.rdchem.Mol object at 0x000001F2C835EAB0>
CCOc1c(F)cc(C2=C(c3ccc(O[C@H]4CCN(CCCF)C4)cc3)c3ccc(O)cc3CCC2)cc1Cl,685.0,<rdkit.Chem.rdchem.Mol object at 0x000001F2C835EB20>
CCOc1c(F)cc(C2=C(c3ccc(O[C@H]4CCN(CCCF)C4)cc3)c3ccc(O)cc3CCC2)cc1F,357.0,<rdkit.Chem.rdchem.Mol object at 0x000001F2C835EB90>
CCOc1cc(Br)cc(CNNC(=O)c2ccc3c(c2)OCCO3)c1O,2980.0,<rdkit.Chem.rdchem.Mol object at 0x000001F2C835EC00>
CCOc1cc(C)c(C2=C(c3ccc(O[C@H]4CCN(CCCF)C4)cc3)c3ccc(O)cc3CCC2)cc1C,1014.0,<rdkit.Chem.rdchem.Mol object at 0x000001F2C835EC70>
CCOc1cc(C)c(C2=C(c3ccc(O[C@H]4CCN(CCCF)C4)cc3)c3ccc(O)cc3CCC2)cn1,28.0,<rdkit.Chem.rdchem.Mol object at 0x000001F2C835ECE0>
CCOc1cc(F)c(C2=C(c3ccc(O[C@H]4CCN(CCCF)C4)cc3)c3ccc(O)cc3CCC2)cc1F,178.0,<rdkit.Chem.rdchem.Mol object at 0x000001F2C835ED50>
CCOc1cc(F)ccc1-c1sc2cc(O)ccc2c1Oc1ccc(/C=C/C(=O)O)cc1,137.0,<rdkit.Chem.rdchem.Mol object at 0x000001F2C835EDC0>
CCOc1cc(N2CCOCC2)c(OCC)cc1NC(=O)c1cc(-c2ccco2)nc2ccccc12,14720.92,<rdkit.Chem.rdchem.Mol object at 0x000001F2C835EE30>
CCOc1cc(NC2CN(CCCF)C2)ccc1[C@@H]1c2ccc3[nH]ncc3c2C[C@@H](C)N1CC1(F)CC1,15.0,<rdkit.Chem.rdchem.Mol object at 0x000001F2C835EEA0>
CCOc1ccc(-c2c(C)c3cc(O)ccc3n2Cc2ccc(OCCN3CCCCC3)cc2)cc1,62.0,<rdkit.Chem.rdchem.Mol object at 0x000001F2C835EF10>
CCOc1ccc(-c2c(C)c3cc(O)ccc3n2Cc2ccc(OCCN3CCCCCC3)cc2)cc1,90.0,<rdkit.Chem.rdchem.Mol object at 0x000001F2C835EF80>
CCOc1ccc(/C=c2\sc3nc(-c4ccco4)nn3c2=O)cc1OCC,50000.0,<rdkit.Chem.rdchem.Mol object at 0x000001F2C835EFF0>
CCOc1ccc(C2=C(c3ccc(O[C@H]4CCN(CCCF)C4)cc3)c3ccc(O)c(F)c3CCC2)c(C)c1,16.0,<rdkit.Chem.rdchem.Mol object at 0x000001F2C835F060>
CCOc1ccc(C2=C(c3ccc(O[C@H]4CCN(CCCF)C4)cc3)c3ccc(O)c(F)c3CCC2)c(F)n1,16.0,<rdkit.Chem.rdchem.Mol object at 0x000001F2C835F0D0>
CCOc1ccc(C2=C(c3ccc(O[C@H]4CCN(CCCF)C4)cc3)c3ccc(O)cc3CCC2)c(C)c1,6.0,<rdkit.Chem.rdchem.Mol object at 0x000001F2C835F140>
CCOc1ccc(C2=C(c3ccc(O[C@H]4CCN(CCCF)C4)cc3)c3ccc(O)cc3CCC2)c(C)c1C,253.0,<rdkit.Chem.rdchem.Mol object at 0x000001F2C835F1B0>
CCOc1ccc(C2=C(c3ccc(O[C@H]4CCN(CCCF)C4)cc3)c3ccc(O)cc3CCC2)c(C)n1,106.0,<rdkit.Chem.rdchem.Mol object at 0x000001F2C835F220>
CCOc1ccc(C2=C(c3ccc(O[C@H]4CCN(CCCF)C4)cc3)c3ccc(O)cc3CCC2)c(Cl)c1,11.0,<rdkit.Chem.rdchem.Mol object at 0x000001F2C835F290>
CCOc1ccc(C2=C(c3ccc(O[C@H]4CCN(CCCF)C4)cc3)c3ccc(O)cc3CCC2)c(Cl)c1Cl,72.0,<rdkit.Chem.rdchem.Mol object at 0x000001F2C835F300>
CCOc1ccc(C2=C(c3ccc(O[C@H]4CCN(CCCF)C4)cc3)c3ccc(O)cc3CCC2)c(F)c1,33.0,<rdkit.Chem.rdchem.Mol object at 0x000001F2C835F370>
CCOc1ccc(C2=C(c3ccc(O[C@H]4CCN(CCCF)C4)cc3)c3ccc(O)cc3CCC2)c(F)c1Cl,55.0,<rdkit.Chem.rdchem.Mol object at 0x000001F2C835F3E0>
CCOc1ccc(C2=C(c3ccc(O[C@H]4CCN(CCCF)C4)cc3)c3ccc(O)cc3CCC2)c(F)c1F,29.0,<rdkit.Chem.rdchem.Mol object at 0x000001F2C835F450>
CCOc1ccc(C2=C(c3ccc(O[C@H]4CCN(CCCF)C4)cc3)c3ccc(O)cc3CCC2)c(F)n1,18.0,<rdkit.Chem.rdchem.Mol object at 0x000001F2C835F4C0>
CCOc1ccc(C2=C(c3ccc(O[C@H]4CCN(CCCF)C4)cc3)c3ccc(O)cc3CCC2)cc1Cl,150.0,<rdkit.Chem.rdchem.Mol object at 0x000001F2C835F530>
CCOc1ccc(C2=C(c3ccc(O[C@H]4CCN(CCCF)C4)cc3)c3ccc(O)cc3CCC2)cn1,11.0,<rdkit.Chem.rdchem.Mol object at 0x000001F2C835F5A0>
CCOc1ccc(N2CSC3=C(C#N)C(c4ccco4)CC(=O)N3C2)cc1,50000.0,<rdkit.Chem.rdchem.Mol object at 0x000001F2C835F610>
CCOc1ccc(NC(=O)c2cc3cc4ccc(OC)cc4nc3o2)cc1,47271.42,<rdkit.Chem.rdchem.Mol object at 0x000001F2C835F680>
CCOc1ccc(NC2=NC(=O)S/C2=C\c2ccc(OC)cc2)cc1,18795.51,<rdkit.Chem.rdchem.Mol object at 0x000001F2C835F6F0>
CCOc1ccc(Nc2oc(-c3ccccc3Cl)nc2C#N)cc1,9540.57,<rdkit.Chem.rdchem.Mol object at 0x000001F2C835F760>
CCOc1ccc2c(Oc3ccc(/C=C/C(=O)O)cc3)c(-c3ccc(OC(F)(F)F)cc3C)c(=O)oc2c1,151.5,<rdkit.Chem.rdchem.Mol object at 0x000001F2C835F7D0>
CCOc1ccc2c(c1)CCCC(c1ccccc1)=C2c1ccc(OCCN(C)C)cc1,3.0,<rdkit.Chem.rdchem.Mol object at 0x000001F2C835F840>
CCOc1cccc(-c2nnc3sc(-c4cc(OC)c(OC)c(OC)c4)nn23)c1,50000.0,<rdkit.Chem.rdchem.Mol object at 0x000001F2C835F8B0>
CCOc1cccc(C2=C(c3ccc(O[C@H]4CCN(CCCF)C4)cc3)c3ccc(O)cc3CCC2)c1,26.0,<rdkit.Chem.rdchem.Mol object at 0x000001F2C835F920>
CCOc1cccc2c1-c1ccc(NS(C)(=O)=O)cc1C(c1ccccc1)O2,10000.0,<rdkit.Chem.rdchem.Mol object at 0x000001F2C835F990>
CCOc1cccc2cc(-c3cn4cc(C)ccc4n3)c(=O)oc12,3818.74,<rdkit.Chem.rdchem.Mol object at 0x000001F2C835FA00>
CCOc1cccc2cc(-c3nnc(NCc4ccco4)s3)c(=O)oc12,26786.91,<rdkit.Chem.rdchem.Mol object at 0x000001F2C835FA70>
CCOc1ccccc1/C=c1\sc2nc(-c3ccco3)nn2c1=O,50000.0,<rdkit.Chem.rdchem.Mol object at 0x000001F2C835FAE0>
CCOc1ncc(C2=C(c3ccc(O[C@H]4CCN(CCCF)C4)cc3)c3ccc(O)cc3CCC2)cc1C,168.0,<rdkit.Chem.rdchem.Mol object at 0x000001F2C835FB50>
CCOc1ncc(C2=C(c3ccc(O[C@H]4CCN(CCCF)C4)cc3)c3ccc(O)cc3CCC2)cc1C(F)(F)F,1249.0,<rdkit.Chem.rdchem.Mol object at 0x000001F2C835FBC0>
CCOc1ncc(C2=C(c3ccc(O[C@H]4CCN(CCCF)C4)cc3)c3ccc(O)cc3CCC2)cc1Cl,203.0,<rdkit.Chem.rdchem.Mol object at 0x000001F2C835FC30>
CCOc1ncc(C2=C(c3ccc(O[C@H]4CCN(CCCF)C4)cc3)c3ccc(O)cc3CCC2)cc1F,20.0,<rdkit.Chem.rdchem.Mol object at 0x000001F2C835FCA0>
CCOc1ncc(C2=C(c3ccc(O[C@H]4CCN(CCCF)C4)cc3)c3ccc(O)cc3CCC2)cn1,507.0,<rdkit.Chem.rdchem.Mol object at 0x000001F2C835FD10>
CCSC1=C(c2ccc(O)cc2)C(=O)c2cc(O)cc(O)c21,580.0,<rdkit.Chem.rdchem.Mol object at 0x000001F2C835FD80>
CCSC1=C(c2ccc(O)cc2)C(=O)c2cc(O)ccc21,10.0,<rdkit.Chem.rdchem.Mol object at 0x000001F2C835FDF0>
CCSC1=C(c2ccc(O)cc2)C(=O)c2ccc(O)cc21,480.0,<rdkit.Chem.rdchem.Mol object at 0x000001F2C835FE60>
CCSc1nnc(NC(=O)C2Cc3ccccc3CN2C(=O)c2ccco2)s1,7467.87,<rdkit.Chem.rdchem.Mol object at 0x000001F2C835FED0>
CC[C@@H](CN1CCCC1)Oc1ccc([C@@H]2Oc3ccc(O)cc3S[C@@H]2c2ccc(O)cc2)cc1,0.8,<rdkit.Chem.rdchem.Mol object at 0x000001F2C835FF40>
CC[C@@H](COc1ccc([C@@H]2Oc3ccc(O)cc3S[C@@H]2c2ccc(O)cc2)cc1)N1CCCC1,0.5,<rdkit.Chem.rdchem.Mol object at 0x000001F2C8388040>
CC[C@@H]1CCN(CCOc2ccc([C@@H]3Oc4ccc(O)cc4S[C@@H]3c3ccc(O)cc3)cc2)C1,0.9,<rdkit.Chem.rdchem.Mol object at 0x000001F2C83880B0>
CC[C@@H]1CC[C@@H]2C[C@]13Cc1cc(O)ccc1C3=C(C)C2=O,146.0,<rdkit.Chem.rdchem.Mol object at 0x000001F2C8388120>
CC[C@@H]1Cc2c([nH]c3ccccc23)[C@@H](c2c(F)ccc(OCCNCCCF)c2C)N1C[C@H](C)C(=O)O,4.9,<rdkit.Chem.rdchem.Mol object at 0x000001F2C8388190>
CC[C@@H]1c2cc(O)ccc2O[C@@H](c2ccc(OCCN3CCCCC3)cc2)[C@H]1c1ccc(O)cc1,14.0,<rdkit.Chem.rdchem.Mol object at 0x000001F2C8388200>
CC[C@@]12CCC(=O)C(Br)=C1c1ccc3[nH]ncc3c1C2,249.0,<rdkit.Chem.rdchem.Mol object at 0x000001F2C8388270>
CC[C@@]12CCC(=O)C(C(F)(F)F)=C1c1ccc3[nH]nc(F)c3c1C2,50.9,<rdkit.Chem.rdchem.Mol object at 0x000001F2C83882E0>
CC[C@@]12CCC(=O)C(C(F)(F)F)=C1c1ccc3[nH]ncc3c1C2,360.0,<rdkit.Chem.rdchem.Mol object at 0x000001F2C8388350>
CC[C@@]12CCC(=O)C(C(F)(F)F)=C1c1ccc3[nH]ncc3c1C2=O,58.0,<rdkit.Chem.rdchem.Mol object at 0x000001F2C83883C0>
CC[C@@]12CCC(=O)C(C(F)(F)F)=C1c1ccc3[nH]nnc3c1C2,1678.0,<rdkit.Chem.rdchem.Mol object at 0x000001F2C8388430>
CC[C@@]12CCC(=O)C(C)=C1c1ccc(O)cc1C2,1210.0,<rdkit.Chem.rdchem.Mol object at 0x000001F2C83884A0>
CC[C@@]12CCC(=O)C(C)=C1c1ccc3[nH]ncc3c1C2,1360.0,<rdkit.Chem.rdchem.Mol object at 0x000001F2C8388510>
CC[C@@]12CCC(=O)C(C3CC3)=C1c1ccc3[nH]ncc3c1C2,470.0,<rdkit.Chem.rdchem.Mol object at 0x000001F2C8388580>
CC[C@@]12CCC(=O)C(Cl)=C1c1ccc3[nH]nc(F)c3c1C2,82.0,<rdkit.Chem.rdchem.Mol object at 0x000001F2C83885F0>
CC[C@@]12CCC(=O)C(Cl)=C1c1ccc3[nH]ncc3c1C2,470.0,<rdkit.Chem.rdchem.Mol object at 0x000001F2C8388660>
CC[C@@]12CCC(=O)C(Cl)=C1c1ccc3[nH]ncc3c1C2=O,139.0,<rdkit.Chem.rdchem.Mol object at 0x000001F2C83886D0>
CC[C@@]12CCC(=O)C(c3ccccc3)=C1c1ccc3[nH]ncc3c1C2,46.0,<rdkit.Chem.rdchem.Mol object at 0x000001F2C8388740>
CC[C@@]12C[C@@](C)(O)[C@](O)(c3ccccc3)C[C@H]1CCc1cc(O)ccc12,3200.0,<rdkit.Chem.rdchem.Mol object at 0x000001F2C83887B0>
CC[C@@]12C[C@H](O)[C@](O)(c3ccccc3)C[C@H]1CCc1cc(O)ccc12,3400.0,<rdkit.Chem.rdchem.Mol object at 0x000001F2C8388820>
CC[C@@]12C[C@H](O)[C@](O)(c3ccccc3)C[C@H]1CCc1cc(OCc3cccnc3C)ccc12,10000.0,<rdkit.Chem.rdchem.Mol object at 0x000001F2C8388890>
CC[C@H](C)[C@@H]1NC(=O)[C@H](NC(=O)[C@@H](N)CCCCN)CSSC[C@@H](C(=O)N[C@@H](CCCNC(=N)N)C(=O)N[C@@H](CC(C)C)C(=O)N[C@@H](CC(C)C)C(=O)N[C@@H](CCC(N)=O)C(=O)NCC(=O)NCC(=O)NCC(=O)N[C@@H](CCCNC(=N)N)C(=O)N[C@@H](CCCNC(=N)N)C(=O)N[C@@H](CCCNC(=N)N)C(=O)N[C@@H](CCCNC(=N)N)C(=O)N[C@@H](CCCNC(=N)N)C(=O)N[C@@H](CCCNC(=N)N)C(=O)N[C@@H](CCCNC(=N)N)C(N)=O)NC(=O)[C@H](CC(C)C)NC1=O,749.0,<rdkit.Chem.rdchem.Mol object at 0x000001F2C8388900>
CC[C@H](C)[C@@H]1NC(=O)[C@H](NC(=O)[C@@H](N)CCCCN)CSSC[C@@H](C(=O)N[C@@H](CCCNC(=N)N)C(=O)N[C@@H](CC(C)C)C(=O)N[C@@H](CC(C)C)C(=O)N[C@@H](CCC(N)=O)C(N)=O)NC(=O)[C@H](CC(C)C)NC1=O,35.0,<rdkit.Chem.rdchem.Mol object at 0x000001F2C8388970>
CC[C@H](C)[C@@H]1NC(=O)[C@H](NC(=O)[C@@H](N)CCCNC(=N)N)C/C=C/C[C@@H](C(=O)N[C@@H](CCCNC(=N)N)C(=O)NC(CC(C)(C)C)C(=O)N[C@@H](CC(C)C)C(=O)N[C@@H](CCC(N)=O)C(N)=O)NC(=O)[C@H](CC(C)C)NC1=O,390.0,<rdkit.Chem.rdchem.Mol object at 0x000001F2C83889E0>
CC[C@H](C)[C@@H]1NC(=O)[C@H](NC(=O)[C@@H](N)CCCNC(=N)N)C/C=C\C[C@@H](C(=O)N[C@@H](CCCNC(=N)N)C(=O)NC(CC(C)(C)C)C(=O)N[C@@H](CC(C)C)C(=O)N[C@@H](CCC(N)=O)C(N)=O)NC(=O)[C@H](CC(C)C)NC1=O,110.0,<rdkit.Chem.rdchem.Mol object at 0x000001F2C8388A50>
CC[C@H](C)[C@@H]1NC(=O)[C@H](NC(=O)[C@@H](N)CCCNC(=N)N)CCCC[C@@H](C(=O)N[C@@H](CCCNC(=N)N)C(=O)NC(CC(C)(C)C)C(=O)N[C@@H](CC(C)C)C(=O)N[C@@H](CCC(N)=O)C(N)=O)NC(=O)[C@H](CC(C)C)NC1=O,1000.0,<rdkit.Chem.rdchem.Mol object at 0x000001F2C8388AC0>
CC[C@H](C)[C@@H]1NC(=O)[C@H](NC(=O)[C@@H](N)CCCNC(=N)N)CSSC[C@@H](C(=O)N[C@@H](CCCNC(=N)N)C(=O)NC(CC(C)(C)C)C(=O)N[C@@H](CC(C)C)C(=O)N[C@@H](CCC(N)=O)C(=O)NCC(=O)NCC(=O)NCC(=O)N[C@@H](CCCNC(=N)N)C(=O)N[C@@H](CCCNC(=N)N)C(=O)N[C@@H](CCCNC(=N)N)C(=O)N[C@@H](CCCNC(=N)N)C(=O)N[C@@H](CCCNC(=N)N)C(=O)N[C@@H](CCCNC(=N)N)C(=O)N[C@@H](CCCNC(=N)N)C(N)=O)NC(=O)[C@H](CC(C)C)NC1=O,94.0,<rdkit.Chem.rdchem.Mol object at 0x000001F2C8388B30>
CC[C@H](C)[C@@H]1NC(=O)[C@H](NC(=O)[C@@H](N)CCCNC(=N)N)CSSC[C@@H](C(=O)N[C@@H](CCCNC(=N)N)C(=O)NC(CC(C)(C)C)C(=O)N[C@@H](CC(C)C)C(=O)N[C@@H](CCC(N)=O)C(N)=O)NC(=O)[C@H](CC(C)C)NC1=O,13.0,<rdkit.Chem.rdchem.Mol object at 0x000001F2C8388BA0>
CC[C@H](C)[C@@H]1NC(=O)[C@H](NC(=O)[C@H](CCCNC(=N)N)NC(=O)CNC(=O)CNC(=O)CNC(=O)[C@H](CCCNC(=N)N)NC(=O)[C@H](CCCNC(=N)N)NC(=O)[C@H](CCCNC(=N)N)NC(=O)[C@H](CCCNC(=N)N)NC(=O)[C@H](CCCNC(=N)N)NC(=O)[C@H](CCCNC(=N)N)NC(=O)[C@@H](N)CCCNC(=N)N)CSSC[C@@H](C(=O)N[C@@H](CCCNC(=N)N)C(=O)NC(CC(C)(C)C)C(=O)N[C@@H](CC(C)C)C(=O)N[C@@H](CCC(N)=O)C(N)=O)NC(=O)[C@H](CC(C)C)NC1=O,1000.0,<rdkit.Chem.rdchem.Mol object at 0x000001F2C8388C10>
CC[C@H](C)[C@H](NC(=O)[C@H](CCCCN)NC(=O)[C@@H](N)Cc1cnc[nH]1)C(=O)N[C@@H](CC(C)C)C(=O)N[C@@H](Cc1cnc[nH]1)C(=O)N[C@@H](CCCNC(=N)N)C(=O)N[C@@H](CC(C)C)C(=O)N[C@@H](CC(C)C)C(=O)N[C@@H](CCC(N)=O)C(=O)NCC(=O)NCC(=O)NCC(=O)N[C@@H](CCCNC(=N)N)C(=O)N[C@@H](CCCNC(=N)N)C(=O)N[C@@H](CCCNC(=N)N)C(=O)N[C@@H](CCCNC(=N)N)C(=O)N[C@@H](CCCNC(=N)N)C(=O)N[C@@H](CCCNC(=N)N)C(=O)N[C@@H](CCCNC(=N)N)C(N)=O,1000.0,<rdkit.Chem.rdchem.Mol object at 0x000001F2C8388C80>
CC[C@H](C)[C@H](NC(=O)[C@H](CCCCN)NC(=O)[C@@H](N)Cc1cnc[nH]1)C(=O)N[C@@H](CC(C)C)C(=O)N[C@@H](Cc1cnc[nH]1)C(=O)N[C@@H](CCCNC(=N)N)C(=O)N[C@@H](CC(C)C)C(=O)N[C@@H](CC(C)C)C(=O)N[C@@H](CCC(N)=O)C(N)=O,1000.0,<rdkit.Chem.rdchem.Mol object at 0x000001F2C8388CF0>
CC[C@H](C)[C@H](NC(=O)[C@H](CCCCN)NC(=O)[C@H](Cc1cnc[nH]1)NC(C)=O)C(=O)N[C@@H](CC(C)C)C(=O)N[C@@H](Cc1cnc[nH]1)C(=O)N[C@@H](CCCNC(=N)N)C(=O)N[C@@H](CC(C)C)C(=O)N[C@@H](CC(C)C)C(=O)N[C@@H](CCC(N)=O)C(=O)N[C@@H](CC(=O)O)C(=O)N[C@@H](CO)C(N)=O,1100.0,<rdkit.Chem.rdchem.Mol object at 0x000001F2C8388D60>
CC[C@H](CN1CCCC1)Oc1ccc([C@@H]2Oc3ccc(O)cc3S[C@@H]2c2ccc(O)cc2)cc1,1.2,<rdkit.Chem.rdchem.Mol object at 0x000001F2C8388DD0>
CC[C@H](COc1ccc([C@@H]2Oc3ccc(O)cc3S[C@@H]2c2ccc(O)cc2)cc1)N1CCCC1,0.7,<rdkit.Chem.rdchem.Mol object at 0x000001F2C8388E40>
CC[C@H]1CCN(CCOc2ccc([C@@H]3Oc4ccc(O)cc4S[C@@H]3c3ccc(O)cc3)cc2)C1,1.1,<rdkit.Chem.rdchem.Mol object at 0x000001F2C8388EB0>
CC[C@H]1CC[C@@H]2C[C@]13Cc1cc(O)ccc1C3=C(C)C2=O,310.0,<rdkit.Chem.rdchem.Mol object at 0x000001F2C8388F20>
CC[C@](C)(c1ccccc1)[C@@H](c1ccc(O)cc1)c1ccc(OCCCC(=O)O)cc1,6000.0,<rdkit.Chem.rdchem.Mol object at 0x000001F2C8388F90>
CC[C@]1(O)CC[C@H]2[C@@H]3CCC4=CCCC[C@@H]4[C@H]3CC[C@@]21C,1121.0,<rdkit.Chem.rdchem.Mol object at 0x000001F2C8389000>
CC[C@]12CCC(=O)C(C)=C1c1ccc3[nH]ncc3c1C2,10000.0,<rdkit.Chem.rdchem.Mol object at 0x000001F2C8389070>
CC[C@]12CC[C@H](O)CC1=CCC1C2CC[C@@]2(C)C1CC[C@@H]2O,2329.0,<rdkit.Chem.rdchem.Mol object at 0x000001F2C83890E0>
CC[C@]12CC[C@H](O)CC1=CC[C@@H]1[C@@H]2CC[C@]2(C)[C@@H](O)CC[C@@H]12,2330.0,<rdkit.Chem.rdchem.Mol object at 0x000001F2C8389150>
CC[Si](CC)(c1ccc(O)c(C)c1)c1ccc(O)c(C)c1,50.85,<rdkit.Chem.rdchem.Mol object at 0x000001F2C83891C0>
CC[Si](CC)(c1ccc(O)cc1)c1ccc(O)cc1,115.0,<rdkit.Chem.rdchem.Mol object at 0x000001F2C8389230>
CCc1c(-c2ccc(O)cc2)n(Cc2ccc(OCCN3CCCCC3)cc2)c2ccc(O)cc12,150.0,<rdkit.Chem.rdchem.Mol object at 0x000001F2C83892A0>
CCc1c(-c2ccc(O)cc2)oc(-c2ccc(O)cc2)c1-c1ccc(OCCN2CCCCC2)cc1,65.0,<rdkit.Chem.rdchem.Mol object at 0x000001F2C8389310>
CCc1c(-c2ccc(O)cc2F)c(=O)oc2cc(O)ccc12,12.0,<rdkit.Chem.rdchem.Mol object at 0x000001F2C8389380>
CCc1c(O)ccc2c1O[C@H](c1ccc(OCCN3CCCCC3)cc1)[C@H](c1ccc(O)cc1)S2,4.7,<rdkit.Chem.rdchem.Mol object at 0x000001F2C83893F0>
CCc1c(O)ccc2c1c(=O)oc1c(C)c(O)ccc12,484.0,<rdkit.Chem.rdchem.Mol object at 0x000001F2C8389460>
CCc1c(O)ccc2c1c(=O)oc1c(F)c(O)ccc12,228.0,<rdkit.Chem.rdchem.Mol object at 0x000001F2C83894D0>
CCc1c(O)ccc2c1oc(=O)c1c(C)c(O)ccc12,229.0,<rdkit.Chem.rdchem.Mol object at 0x000001F2C8389540>
CCc1c(O)ccc2c1oc(=O)c1cc(Br)ccc12,5460.0,<rdkit.Chem.rdchem.Mol object at 0x000001F2C83895B0>
CCc1cc(-c2ccc(O)c(F)c2)cc2ccc(O)cc12,235.0,<rdkit.Chem.rdchem.Mol object at 0x000001F2C8389620>
CCc1cc(-c2ccc(O)c(F)c2)nc2ccc(O)cc12,1750.0,<rdkit.Chem.rdchem.Mol object at 0x000001F2C8389690>
CCc1cc(-c2ccc(O)cc2)nc2ccc(O)cc12,634.0,<rdkit.Chem.rdchem.Mol object at 0x000001F2C8389700>
CCc1cc(C(CC)(CC)c2ccc(O)c(CC)c2)ccc1O,232.0,<rdkit.Chem.rdchem.Mol object at 0x000001F2C8389770>
CCc1cc(O)cc2c(=O)oc3c(C)c(O)ccc3c12,1780.0,<rdkit.Chem.rdchem.Mol object at 0x000001F2C83897E0>
CCc1cc(O)cc2c1C(=O)[C@@H](c1ccc(O)cc1)[C@@H](c1ccc(OCCN3CCCCC3)cc1)O2,68.0,<rdkit.Chem.rdchem.Mol object at 0x000001F2C8389850>
CCc1cc(O)cc2c1S[C@@H](c1ccc(O)cc1)[C@@H](c1ccc(OCCN3CCCCC3)cc1)O2,53.3,<rdkit.Chem.rdchem.Mol object at 0x000001F2C83898C0>
CCc1cc(O)cc2ccc(-c3ccc(O)c(F)c3)cc12,113.0,<rdkit.Chem.rdchem.Mol object at 0x000001F2C8389930>
CCc1cc(O)cc2nc(-c3ccc(O)cc3)oc12,537.0,<rdkit.Chem.rdchem.Mol object at 0x000001F2C83899A0>
CCc1cc(O)cc2ncn(-c3ccc(O)cc3)c(=O)c12,13240.0,<rdkit.Chem.rdchem.Mol object at 0x000001F2C8389A10>
CCc1cc(O)cc2ncn(-c3ccc(O)cc3)c(=S)c12,2260.0,<rdkit.Chem.rdchem.Mol object at 0x000001F2C8389A80>
CCc1cc(OC)cc2c(=O)oc3c(C)c(O)ccc3c12,9830.0,<rdkit.Chem.rdchem.Mol object at 0x000001F2C8389AF0>
CCc1ccc(NC(=O)c2noc3c2CCC3)cc1,7938.99,<rdkit.Chem.rdchem.Mol object at 0x000001F2C8389B60>
CCc1ccc(OCCNCCCF)cc1[C@@H]1c2[nH]c3ccccc3c2C[C@@H](C)N1CC(F)(F)F,2.6,<rdkit.Chem.rdchem.Mol object at 0x000001F2C8389BD0>
CCc1ccc2c(c1)C(c1ccc(OCCN3CCOCC3)cc1)Cc1cc(O)cc(C)c1-2,9.0,<rdkit.Chem.rdchem.Mol object at 0x000001F2C8389C40>
CCc1ccc2nc(NC(=O)c3ccc4c(O)nc(CN5CCOCC5)nc4c3)sc2c1,8229.68,<rdkit.Chem.rdchem.Mol object at 0x000001F2C8389CB0>
CCc1ccc2nc(O)c(C3C(C#N)=C(N)Oc4c3ccc3cccnc43)cc2c1,11260.79,<rdkit.Chem.rdchem.Mol object at 0x000001F2C8389D20>
CCc1ccc2nc(O)c(CN(Cc3ccc4c(c3)OCO4)C(=O)c3ccco3)cc2c1,26191.67,<rdkit.Chem.rdchem.Mol object at 0x000001F2C8389D90>
CCc1cccc(CC)c1-c1sc2cc(O)ccc2c1Oc1ccc(/C=C/C(=O)O)cc1,246.55,<rdkit.Chem.rdchem.Mol object at 0x000001F2C8389E00>
CCc1cccc2c(C(=O)Cn3nnc(-c4ccc(OC)c(OC)c4)n3)c[nH]c12,10290.89,<rdkit.Chem.rdchem.Mol object at 0x000001F2C8389E70>
CCc1ccccc1-c1sc2cc(O)ccc2c1Oc1ccc(/C=C/C(=O)O)cc1,18.5,<rdkit.Chem.rdchem.Mol object at 0x000001F2C8389EE0>
CCc1ccccc1C1=C(c2ccc(O[C@H]3CCN(CCCF)C3)cc2)c2ccc(O)cc2CCC1,93.0,<rdkit.Chem.rdchem.Mol object at 0x000001F2C8389F50>
CCc1ccccc1OS(=O)(=O)C1CC2OC1C(c1ccc(/C=C/c3cc(OC)cc(OC)c3)cc1)=C2c1ccc(O)cc1,3.0,<rdkit.Chem.rdchem.Mol object at 0x000001F2C8389FC0>
CCc1cn(CCO)c(CC)c1Oc1ccc(C#N)cc1,5000.0,<rdkit.Chem.rdchem.Mol object at 0x000001F2C838A030>
CCc1nc2cc(O)cc(O)c2c(=O)n1-c1ccc(O)cc1,19437.0,<rdkit.Chem.rdchem.Mol object at 0x000001F2C838A0A0>
CCc1nnc(NC(=O)C2Cc3ccccc3CN2S(=O)(=O)c2cccs2)s1,50000.0,<rdkit.Chem.rdchem.Mol object at 0x000001F2C838A110>
CCc1nnc2n1N=C(c1ccc(-c3cc(Cl)ccc3Cl)o1)CS2,43982.45,<rdkit.Chem.rdchem.Mol object at 0x000001F2C838A180>
CCn1c(SCC(=O)Nc2ccc(NC(=O)c3ccco3)c(OC)c2)nc2ccccc2c1=O,35818.08,<rdkit.Chem.rdchem.Mol object at 0x000001F2C838A1F0>
CCn1c(SCC(=O)Nc2ccc3c(c2)c2ccccc2n3CC)nnc1-c1ccco1,50000.0,<rdkit.Chem.rdchem.Mol object at 0x000001F2C838A260>
CCn1c(SCC(=O)Nc2ccc3c(c2)c2ccccc2n3CC)nnc1-c1cnccn1,50000.0,<rdkit.Chem.rdchem.Mol object at 0x000001F2C838A2D0>
CCn1c(SCC(=O)Nc2ccc3c(c2)oc2ccccc23)nnc1-c1ccc(N)cc1,11721.75,<rdkit.Chem.rdchem.Mol object at 0x000001F2C838A340>
CCn1c(SCC(=O)c2ccc(CNC(C)=O)o2)nnc1-c1cccs1,42693.84,<rdkit.Chem.rdchem.Mol object at 0x000001F2C838A3B0>
CCn1c2ccccc2c2cc(NC(=O)CSc3nnc(-c4ccc(OC)cc4)n3N)ccc21,12230.2,<rdkit.Chem.rdchem.Mol object at 0x000001F2C838A420>
CCn1c2ccccc2c2nnc(SCC(=O)Nc3ccc4c(c3)OCO4)nc21,50000.0,<rdkit.Chem.rdchem.Mol object at 0x000001F2C838A490>
CCn1nc(-c2ccc(O)cc2O)c2ccc(O)cc21,305.0,<rdkit.Chem.rdchem.Mol object at 0x000001F2C838A500>
CCn1nnc(NC(=O)CSc2ccc(Cl)cc2)n1,9268.37,<rdkit.Chem.rdchem.Mol object at 0x000001F2C838A570>
CN(/N=C/c1cccnc1)c1cnn(-c2ccc(F)c(Cl)c2)c(=O)c1Cl,17867.63,<rdkit.Chem.rdchem.Mol object at 0x000001F2C838A5E0>
CN(C)C(=O)/C=C/c1ccc(N2CCc3cc(O)ccc3C2c2ccccc2)cc1,8.0,<rdkit.Chem.rdchem.Mol object at 0x000001F2C838A650>
CN(C)C(=O)/C=C/c1ccc(S[C@@H]2Cc3cc(O)ccc3[C@H]3CC[C@]4(C)[C@@H](O)CC[C@H]4[C@@H]32)cc1,94.0,<rdkit.Chem.rdchem.Mol object at 0x000001F2C838A6C0>
CN(C)CC(=O)N1CCC2(CC1)C(=O)Nc1cc(/C=C3\c4ccccc4COc4cc(F)ccc43)ccc12,40000.0,<rdkit.Chem.rdchem.Mol object at 0x000001F2C838A730>
CN(C)CC(=O)N1c2ccccc2CCc2ccc(NC(=O)c3ccc(N)cc3)cc21.Cl,15578.84,<rdkit.Chem.rdchem.Mol object at 0x000001F2C838A7A0>
CN(C)CCCOc1ccc(/C(=C(/CCCO)c2ccccc2)c2ccc(O)cc2)cc1.Cl,990.0,<rdkit.Chem.rdchem.Mol object at 0x000001F2C838A810>
CN(C)CCN1C(=O)N(C)C2=C(C(=O)c3ccccc32)C1c1ccc(C(F)(F)F)cc1,2090.0,<rdkit.Chem.rdchem.Mol object at 0x000001F2C838A880>
CN(C)CCNC(=O)/C=C/c1ccc(C(=C2C3CC4CC(C3)CC2C4)c2ccc(O)cc2)cc1,2.9,<rdkit.Chem.rdchem.Mol object at 0x000001F2C838A8F0>
CN(C)CCOc1ccc(-n2c3c(c4ccc(O)cc4c2=O)C(=O)c2cc(O)ccc2-3)cc1,7600.0,<rdkit.Chem.rdchem.Mol object at 0x000001F2C838A960>
CN(C)CCOc1ccc(/C(=C(/CCC#N)c2ccccc2)c2ccc(O)cc2)cc1,200.0,<rdkit.Chem.rdchem.Mol object at 0x000001F2C838A9D0>
CN(C)CCOc1ccc(/C(=C(/CCC(F)F)c2ccccc2)c2ccc(O)cc2)cc1.Cl,1700.0,<rdkit.Chem.rdchem.Mol object at 0x000001F2C838AA40>
CN(C)CCOc1ccc(/C(=C(/CCCC#N)c2ccccc2)c2ccc(O)cc2)cc1,25.0,<rdkit.Chem.rdchem.Mol object at 0x000001F2C838AAB0>
CN(C)CCOc1ccc(/C(=C(/CCCCO)c2ccccc2)c2ccc(O)cc2)cc1,79.0,<rdkit.Chem.rdchem.Mol object at 0x000001F2C838AB20>
CN(C)CCOc1ccc(/C(=C(/CCCCl)c2ccccc2)c2ccc(O)cc2)cc1,100.0,<rdkit.Chem.rdchem.Mol object at 0x000001F2C838AB90>
CN(C)CCOc1ccc(/C(=C(/CCCF)c2ccccc2)c2ccc(O)cc2)cc1.Cl,20.0,<rdkit.Chem.rdchem.Mol object at 0x000001F2C838AC00>
CN(C)CCOc1ccc(/C(=C(/CCCN=[N+]=[N-])c2ccccc2)c2ccc(O)cc2)cc1,13.0,<rdkit.Chem.rdchem.Mol object at 0x000001F2C838AC70>
CN(C)CCOc1ccc(/C(=C(/CCCO)c2ccccc2)c2ccc(Br)cc2)cc1.Cl,10000.0,<rdkit.Chem.rdchem.Mol object at 0x000001F2C838ACE0>
CN(C)CCOc1ccc(/C(=C(/CCCO)c2ccccc2)c2ccc(O)cc2)cc1,2000.0,<rdkit.Chem.rdchem.Mol object at 0x000001F2C838AD50>
CN(C)CCOc1ccc(/C(=C(/CCCO)c2ccccc2)c2ccc(O)cc2)cc1.Cl,2000.0,<rdkit.Chem.rdchem.Mol object at 0x000001F2C838ADC0>
CN(C)CCOc1ccc(/C(=C(/CCCl)c2ccccc2)c2ccc(O)cc2)cc1,4.0,<rdkit.Chem.rdchem.Mol object at 0x000001F2C838AE30>
CN(C)CCOc1ccc(/C(=C(/CCN=[N+]=[N-])c2ccccc2)c2ccc(O)cc2)cc1,1.0,<rdkit.Chem.rdchem.Mol object at 0x000001F2C838AEA0>
CN(C)CCOc1ccc(/C(=C(/CCO)c2ccccc2)c2ccc(O)cc2)cc1,250.0,<rdkit.Chem.rdchem.Mol object at 0x000001F2C838AF10>
CN(C)CCOc1ccc(C(=C(C#N)c2ccccc2)c2ccccc2)cc1.Cl,86.0,<rdkit.Chem.rdchem.Mol object at 0x000001F2C838AF80>
CN(C)CCOc1ccc(C(=C(C#N)c2cccs2)c2ccc(OCCN(C)C)cc2)cc1,10000.0,<rdkit.Chem.rdchem.Mol object at 0x000001F2C838AFF0>
CN(C)CCOc1ccc(C23CC4CC(CC(c5ccc(O)cc5)(C4)C2)C3)cc1,1060.0,<rdkit.Chem.rdchem.Mol object at 0x000001F2C838B060>
CN(C)CCOc1ccc(C2=C3c4ccc(O)cc4CC3(Cc3ccccc3)CCC2=O)cc1,620.0,<rdkit.Chem.rdchem.Mol object at 0x000001F2C838B0D0>
CN(C)CCOc1ccc(C2C3=C(c4ccccc4C3=O)N(C)C(=O)N2CC(F)(F)F)cc1,7550.0,<rdkit.Chem.rdchem.Mol object at 0x000001F2C838B140>
CN(C)CCOc1ccc(C2NC(=O)N(C)C3=C2C(=O)c2ccccc23)cc1,3170.0,<rdkit.Chem.rdchem.Mol object at 0x000001F2C838B1B0>
CN(C)CCOc1ccc(Cn2c3ccc(O)cc3c3sc4cc(O)ccc4c32)cc1,18.0,<rdkit.Chem.rdchem.Mol object at 0x000001F2C838B220>
CN(C)CCOc1ccc(Cn2c3ccccc3c3sc4cc(O)ccc4c32)cc1,51.4,<rdkit.Chem.rdchem.Mol object at 0x000001F2C838B290>
CN(C)CCOc1ccc(Nc2c(-c3ccc(F)cc3)c(=O)oc3cc(O)ccc23)cc1,6620.0,<rdkit.Chem.rdchem.Mol object at 0x000001F2C838B300>
CN(C)CCOc1ccc(Nc2c(-c3ccc(F)cc3)c(=O)oc3ccccc23)cc1,10000.0,<rdkit.Chem.rdchem.Mol object at 0x000001F2C838B370>
CN(C)CCOc1ccc(Nc2c(-c3ccc(O)cc3)c(=O)oc3cc(O)ccc23)cc1,8210.0,<rdkit.Chem.rdchem.Mol object at 0x000001F2C838B3E0>
CN(C)CCOc1ccc(Nc2nc(-c3ccc(O)cc3)nc(Cl)c2-c2ccccc2)cc1,3420.0,<rdkit.Chem.rdchem.Mol object at 0x000001F2C838B450>
CN(C)CCOc1ccc(Oc2c(-c3ccc(F)cc3)c(=O)oc3cc(O)ccc23)cc1,6430.0,<rdkit.Chem.rdchem.Mol object at 0x000001F2C838B4C0>
CN(C)CCOc1ccc(Oc2c(-c3ccc(O)cc3)c(=O)oc3cc(O)ccc23)cc1,8430.0,<rdkit.Chem.rdchem.Mol object at 0x000001F2C838B530>
CN(C)CCOc1ccc([C@@H]2Oc3cc(O)ccc3C3=C2c2ccc(O)cc2OCC3)cc1,11.0,<rdkit.Chem.rdchem.Mol object at 0x000001F2C838B5A0>
CN(C)CCOc1ccc([C@@H]2Oc3cc(O)ccc3C3=C2c2ccccc2OCC3)cc1,11.1,<rdkit.Chem.rdchem.Mol object at 0x000001F2C838B610>
CN(C)CCOc1ccc([C@@H]2Oc3ccc(O)cc3S[C@@H]2c2cccc(O)c2)cc1,1.4,<rdkit.Chem.rdchem.Mol object at 0x000001F2C838B680>
CN(C)CCOc1ccc([C@@H]2Oc3ccccc3C3=C2c2ccc(O)cc2OCC3)cc1,13.0,<rdkit.Chem.rdchem.Mol object at 0x000001F2C838B6F0>
CN(C)CCOc1ccc([C@H]2Oc3cc(O)ccc3C3=C2c2ccc(O)cc2OCC3)cc1,3.3,<rdkit.Chem.rdchem.Mol object at 0x000001F2C838B760>
CN(C)CCOc1ccc([C@H]2Oc3cc(O)ccc3C3=C2c2ccccc2OCC3)cc1,180.0,<rdkit.Chem.rdchem.Mol object at 0x000001F2C838B7D0>
CN(C)CCOc1ccc([C@H]2Oc3ccccc3C3=C2c2ccc(O)cc2OCC3)cc1,16.0,<rdkit.Chem.rdchem.Mol object at 0x000001F2C838B840>
CN(C)Cc1ccccc1-c1sc2cc(O)ccc2c1Oc1ccc(/C=C/C(=O)O)cc1,22.7,<rdkit.Chem.rdchem.Mol object at 0x000001F2C838B8B0>
CN(C)S(=O)(=O)N(CC(=O)N(Cc1ccccc1)Cc1ccccc1)c1ccccc1,24910.74,<rdkit.Chem.rdchem.Mol object at 0x000001F2C838B920>
CN(C)c1cccc(N2CCc3cc(O)ccc3C2(C)c2ccc(OCCN3CCCC3)cc2)c1,56.49,<rdkit.Chem.rdchem.Mol object at 0x000001F2C838B990>
CN(C)c1cccc(N2CCc3cc(O)ccc3C2(C)c2ccc(OCCN3CCCCC3)cc2)c1,45.4,<rdkit.Chem.rdchem.Mol object at 0x000001F2C838BA00>
CN(C)c1cccc(N2CCc3cc(O)ccc3C2c2ccc(OCCN3CCCCC3)cc2)c1,45.39,<rdkit.Chem.rdchem.Mol object at 0x000001F2C838BA70>
CN(C)c1ccccc1-c1sc2cc(O)ccc2c1Oc1ccc(/C=C/C(=O)O)cc1,124.0,<rdkit.Chem.rdchem.Mol object at 0x000001F2C838BAE0>
CN(C)c1nc(N/N=C\c2ccc(Cl)c([N+](=O)[O-])c2)nc(Nc2ccc(F)cc2)n1,50000.0,<rdkit.Chem.rdchem.Mol object at 0x000001F2C838BB50>
CN(CC(=O)NC(=O)NCc1ccco1)Cc1nc(O)c2ccccc2n1,13740.82,<rdkit.Chem.rdchem.Mol object at 0x000001F2C838BBC0>
CN(CCCc1ccc(Cl)cc1)c1nc(NCCc2ccc(O)cc2)nc(N2CCN(CCO)CC2)n1,30.0,<rdkit.Chem.rdchem.Mol object at 0x000001F2C838BC30>
CN(CCCc1ccc(Cl)cc1)c1nc(NCCc2ccc(O)cc2)nc(N2CCNCC2)n1,110.0,<rdkit.Chem.rdchem.Mol object at 0x000001F2C838BCA0>
CN(CCCc1ccc(F)cc1)c1nc(NCCc2ccc(O)cc2)nc(N2CCNCC2)n1,240.0,<rdkit.Chem.rdchem.Mol object at 0x000001F2C838BD10>
CN(CCO)C(=O)/C=C/c1ccc(C(=C2C3CC4CC(C3)CC2C4)c2ccc(O)cc2)cc1,5.4,<rdkit.Chem.rdchem.Mol object at 0x000001F2C838BD80>
CN(CCOc1ccc(C2NC(=O)N(C)C3=C2C(=O)c2ccccc23)cc1)CCC(Oc1ccc(C(F)(F)F)cc1)c1ccccc1,810.0,<rdkit.Chem.rdchem.Mol object at 0x000001F2C838BDF0>
CN(C[C@@H]1C[C@@H]1c1ccccc1)c1nc(NCCc2ccc(O)cc2)nc(N2CCNCC2)n1,565.0,<rdkit.Chem.rdchem.Mol object at 0x000001F2C838BE60>
CN(Cc1cccc(O)c1Cl)C(C1CCCC1)C(F)(F)F,58.0,<rdkit.Chem.rdchem.Mol object at 0x000001F2C838BED0>
CN(Cc1cccc(O)c1Cl)CC1(c2ccc(OCCN3CCCCC3)cc2F)CCCC1,62.0,<rdkit.Chem.rdchem.Mol object at 0x000001F2C838BF40>
CN(Cc1cccc(O)c1Cl)CC1(c2ccccc2F)CCCC1,11.55,<rdkit.Chem.rdchem.Mol object at 0x000001F2C8390040>
CN(Cc1cccc(O)c1Cl)CC1(c2ccccc2OCCN2CCCCC2)CCCC1,10000.0,<rdkit.Chem.rdchem.Mol object at 0x000001F2C83900B0>
CN(c1ccc(/C=C/C(=O)O)cc1)c1c(-c2ccc(O)cc2)sc2cc(O)ccc12,3400.0,<rdkit.Chem.rdchem.Mol object at 0x000001F2C8390120>
CN(c1ccc(Cl)cc1)S(=O)(=O)C1CC2OC1C(c1ccc(NC(=O)CCCCCCC(=O)O)cc1)=C2c1ccc(O)cc1,5270.0,<rdkit.Chem.rdchem.Mol object at 0x000001F2C8390190>
CN(c1ccc(O)cc1)S(=O)(=O)C1CC2OC1C(c1ccc(NC(=O)CCCCCCC(=O)O)cc1)=C2c1ccc(O)cc1,1396.0,<rdkit.Chem.rdchem.Mol object at 0x000001F2C8390200>
CN(c1ccccc1C(=O)O)S(=O)(=O)c1ccc2c3c(cccc13)C(=O)N2,18685.62,<rdkit.Chem.rdchem.Mol object at 0x000001F2C8390270>
CN(c1ccccc1Cl)S(=O)(=O)C1CC2OC1C(c1ccc(NC(=O)CCCCCCC(=O)O)cc1)=C2c1ccc(O)cc1,5075.0,<rdkit.Chem.rdchem.Mol object at 0x000001F2C83902E0>
CN1C(=O)C=C[C@]2(C)[C@H]3CC[C@]4(C)[C@@H](O)/C(=C/c5cncnc5)C[C@H]4[C@@H]3CC[C@@H]12,1000.0,<rdkit.Chem.rdchem.Mol object at 0x000001F2C8390350>
CN1C(=O)COc2ccc(C3=C(c4ccc(O[C@H]5CCN(CCCF)C5)cc4)c4ccc(O)cc4CCC3)cc21,583.0,<rdkit.Chem.rdchem.Mol object at 0x000001F2C83903C0>
CN1C(=O)CSc2ccc(NC(=O)N3CCC(N4CCCCC4)CC3)cc21,11810.48,<rdkit.Chem.rdchem.Mol object at 0x000001F2C8390430>
CN1C(=O)N(CC(F)(F)F)C(c2ccc(OCCN3CCN(CC(F)(F)F)CC3)cc2)C2=C1c1ccccc1C2=O,930.0,<rdkit.Chem.rdchem.Mol object at 0x000001F2C83904A0>
CN1C(=O)N(CCN(CCO)CCO)C(c2ccc(C(F)(F)F)cc2)C2=C1c1ccccc1C2=O,4.0,<rdkit.Chem.rdchem.Mol object at 0x000001F2C8390510>
CN1C(=O)N(CCN2CCNCC2)C(c2ccc(C(F)(F)F)cc2)C2=C1c1ccccc1C2=O,21.0,<rdkit.Chem.rdchem.Mol object at 0x000001F2C8390580>
CN1C(=O)N(N(C)CCC(Oc2ccc(C(F)(F)F)cc2)c2ccccc2)C(c2ccc(C(F)(F)F)cc2)C2=C1c1ccccc1C2=O,1330.0,<rdkit.Chem.rdchem.Mol object at 0x000001F2C83905F0>
CN1C(=O)NC(c2ccc(C(F)(F)F)cc2)C2=C1c1ccccc1C2=O,29610.0,<rdkit.Chem.rdchem.Mol object at 0x000001F2C8390660>
CN1C(=O)NC(c2ccc(O)cc2)C2=C1c1ccccc1C2=O,36140.0,<rdkit.Chem.rdchem.Mol object at 0x000001F2C83906D0>
CN1C(=O)NC(c2ccc(OCCN(CCO)CCO)cc2)C2=C1c1ccccc1C2=O,7.1,<rdkit.Chem.rdchem.Mol object at 0x000001F2C8390740>
CN1C(=O)NC(c2ccc(OCCN3CCN(CC(F)(F)F)CC3)cc2)C2=C1c1ccccc1C2=O,1290.0,<rdkit.Chem.rdchem.Mol object at 0x000001F2C83907B0>
CN1C(=O)NC(c2ccc(OCCN3CCNCC3)cc2)C2=C1c1ccccc1C2=O,440.0,<rdkit.Chem.rdchem.Mol object at 0x000001F2C8390820>
CN1CC(c2ccc(O)cc2)Cc2ccc(O)cc21,2950.0,<rdkit.Chem.rdchem.Mol object at 0x000001F2C8390890>
CN1CC=C(C2=C(c3ccc(O[C@H]4CCN(CCCF)C4)cc3)c3ccc(O)cc3CCC2)CC1,726.0,<rdkit.Chem.rdchem.Mol object at 0x000001F2C8390900>
CN1CCC(c2ccc(/C(=C(/CCCO)c3ccccc3)c3cccc(O)c3)cc2)CC1.Cl,10000.0,<rdkit.Chem.rdchem.Mol object at 0x000001F2C8390970>
CN1CCC(c2ccc(C3c4ccc(O)cc4CCN3c3ccc(F)cc3)cc2)CC1,66.55,<rdkit.Chem.rdchem.Mol object at 0x000001F2C83909E0>
CN1CCC(c2ccc(C3c4ccc(O)cc4CCN3c3cccc(F)c3)cc2)CC1,158.0,<rdkit.Chem.rdchem.Mol object at 0x000001F2C8390A50>
CN1CCC(c2ccc(C3c4ccc(O)cc4CCN3c3cccc(O)c3)cc2)CC1,69.5,<rdkit.Chem.rdchem.Mol object at 0x000001F2C8390AC0>
CN1CCC(c2ccc(C3c4ccc(O)cc4CCN3c3ccccc3)cc2)CC1,76.3,<rdkit.Chem.rdchem.Mol object at 0x000001F2C8390B30>
CN1CCCC1CCOc1ccc(/C(=C(/CCCO)c2ccccc2)c2ccc(Br)cc2)cc1.Cl,2970.0,<rdkit.Chem.rdchem.Mol object at 0x000001F2C8390BA0>
CN1CCCC1CCOc1ccc(/C(=C(/CCCO)c2ccccc2)c2ccc(O)cc2)cc1,331.0,<rdkit.Chem.rdchem.Mol object at 0x000001F2C8390C10>
CN1CCCC1CCOc1ccc(/C(=C(/CCCO)c2ccccc2)c2ccc(O)cc2)cc1.Cl,331.0,<rdkit.Chem.rdchem.Mol object at 0x000001F2C8390C80>
CN1CCCC1COc1ccc(/C(=C(/CCCO)c2ccccc2)c2ccc(Br)cc2)cc1,10000.0,<rdkit.Chem.rdchem.Mol object at 0x000001F2C8390CF0>
CN1CCCC1COc1ccc(/C(=C(/CCCO)c2ccccc2)c2ccc(O)cc2)cc1,1100.0,<rdkit.Chem.rdchem.Mol object at 0x000001F2C8390D60>
CN1CCCN(c2ccc([C@@H]3Oc4ccc(O)cc4S[C@@H]3c3ccc(O)cc3)cc2)CC1,3.6,<rdkit.Chem.rdchem.Mol object at 0x000001F2C8390DD0>
CN1CCC[C@@H]1CCOc1ccc(/C(=C(/CCCO)c2ccccc2)c2ccc(O)cc2)cc1.Cl.Cl,784.0,<rdkit.Chem.rdchem.Mol object at 0x000001F2C8390E40>
CN1CCC[C@@H]1COc1ccc(/C(=C(/CCCO)c2ccccc2)c2ccc(O)cc2)cc1.Cl,3757.0,<rdkit.Chem.rdchem.Mol object at 0x000001F2C8390EB0>
CN1CCC[C@H]1CCOc1ccc(/C(=C(/CCCO)c2ccccc2)c2ccc(O)cc2)cc1.Cl,724.0,<rdkit.Chem.rdchem.Mol object at 0x000001F2C8390F20>
CN1CCC[C@H]1COc1ccc(/C(=C(/CCCO)c2ccccc2)c2ccc(Br)cc2)cc1,10000.0,<rdkit.Chem.rdchem.Mol object at 0x000001F2C8390F90>
CN1CCC[C@H]1COc1ccc(/C(=C(/CCCO)c2ccccc2)c2ccc(Br)cc2)cc1.Cl,10000.0,<rdkit.Chem.rdchem.Mol object at 0x000001F2C8391000>
CN1CCC[C@H]1COc1ccc(/C(=C(/CCCO)c2ccccc2)c2ccc(O)cc2)cc1,1100.0,<rdkit.Chem.rdchem.Mol object at 0x000001F2C8391070>
CN1CCC[C@H]1COc1ccc(/C(=C(/CCCO)c2ccccc2)c2ccc(O)cc2)cc1.Cl,1063.0,<rdkit.Chem.rdchem.Mol object at 0x000001F2C83910E0>
CN1CCN(C(=O)/C=C/c2ccc(C3=C(c4ccc(O)cc4)CCOc4cc(F)ccc43)cc2)CC1,57.0,<rdkit.Chem.rdchem.Mol object at 0x000001F2C8391150>
CN1CCN(CCN2C(=O)N(C)C3=C(C(=O)c4ccccc43)C2c2ccc(C(F)(F)F)cc2)CC1,72.0,<rdkit.Chem.rdchem.Mol object at 0x000001F2C83911C0>
CN1CCN(CCOc2ccc(-n3c4c(c5ccc(O)cc5c3=O)C(=O)c3cc(O)ccc3-4)cc2)CC1,10600.0,<rdkit.Chem.rdchem.Mol object at 0x000001F2C8391230>
CN1CCN(CCOc2ccc(C(=C(C#N)c3ccccc3)c3ccc(OCCN4CCN(C)CC4)cc3)cc2)CC1,10000.0,<rdkit.Chem.rdchem.Mol object at 0x000001F2C83912A0>
CN1CCN(CCOc2ccc(C(=C(C#N)c3ccccc3)c3ccc(OCCN4CCN(C)CC4)cc3)cc2)CC1.CN1CCN(CCOc2ccc(C(=C(C#N)c3ccccc3)c3ccc(OCCN4CCN(C)CC4)cc3)cc2)CC1.Cl.Cl.Cl.Cl.Cl,10000.0,<rdkit.Chem.rdchem.Mol object at 0x000001F2C8391310>
CN1CCN(CCOc2ccc(C3C4=C(c5ccccc5C4=O)N(C)C(=O)N3CC(F)(F)F)cc2)CC1,3010.0,<rdkit.Chem.rdchem.Mol object at 0x000001F2C8391380>
CN1CCN(CCOc2ccc(C3NC(=O)N(C)C4=C3C(=O)c3ccccc34)cc2)CC1,490.0,<rdkit.Chem.rdchem.Mol object at 0x000001F2C83913F0>
CN1CCN(CCOc2ccc([C@@H]3Oc4cc(O)ccc4C4=C3c3ccc(O)cc3OCC4)cc2)CC1,312.0,<rdkit.Chem.rdchem.Mol object at 0x000001F2C8391460>
CN1CCN(CCOc2ccc([C@H]3Oc4cc(O)ccc4C4=C3c3ccc(O)cc3OCC4)cc2)CC1,8.7,<rdkit.Chem.rdchem.Mol object at 0x000001F2C83914D0>
CN1CCN(CCOc2cccc([C@@H]3Oc4cc(O)ccc4C4=C3c3ccc(O)cc3OCC4)c2)CC1,1000.0,<rdkit.Chem.rdchem.Mol object at 0x000001F2C8391540>
CN1CCN(CCOc2cccc([C@H]3Oc4cc(O)ccc4C4=C3c3ccc(O)cc3OCC4)c2)CC1,1000.0,<rdkit.Chem.rdchem.Mol object at 0x000001F2C83915B0>
CN1CCN(c2ccc(/C(=C(/CCCO)c3ccccc3)c3ccc(Br)cc3)cc2)CC1,10000.0,<rdkit.Chem.rdchem.Mol object at 0x000001F2C8391620>
CN1CCN(c2ccc(/C(=C(/CCCO)c3ccccc3)c3ccc(Br)cc3)cc2)CC1.Cl.Cl,10000.0,<rdkit.Chem.rdchem.Mol object at 0x000001F2C8391690>
CN1CCN(c2ccc(/C(=C(/CCCO)c3ccccc3)c3ccc(O)cc3)cc2)CC1,1700.0,<rdkit.Chem.rdchem.Mol object at 0x000001F2C8391700>
CN1CCN(c2ccc(/C(=C(/CCCO)c3ccccc3)c3ccc(O)cc3)cc2)CC1.Cl.Cl,1700.0,<rdkit.Chem.rdchem.Mol object at 0x000001F2C8391770>
CN1CCN(c2ccc(C3c4ccc(O)cc4CCN3c3cccc(O)c3)cc2)CC1,93.6,<rdkit.Chem.rdchem.Mol object at 0x000001F2C83917E0>
CN1CCN(c2ccc(C3c4ccc(O)cc4CCN3c3ccccc3)cc2)CC1,120.0,<rdkit.Chem.rdchem.Mol object at 0x000001F2C8391850>
CN1CCN(c2ccc([C@@H]3Oc4ccc(O)cc4S[C@@H]3c3ccc(O)cc3)cc2)CC1,1.0,<rdkit.Chem.rdchem.Mol object at 0x000001F2C83918C0>
CN1CCOc2cc(C3=C(c4ccc(O[C@H]5CCN(CCCF)C5)cc4)c4ccc(O)cc4CCC3)ccc21,190.0,<rdkit.Chem.rdchem.Mol object at 0x000001F2C8391930>
CN1CC[C@@H](N2C(=O)S/C(=C\c3ccc4c(cnn4Cc4ccc(Cl)cc4C(F)(F)F)c3)C2=O)[C@H](F)C1,10000.0,<rdkit.Chem.rdchem.Mol object at 0x000001F2C83919A0>
CN1CCc2nc(SCC(=O)Nc3ccc(F)cc3)c(C#N)cc2C1,50000.0,<rdkit.Chem.rdchem.Mol object at 0x000001F2C8391A10>
CN1Cc2cc(C(=O)c3cc(Cl)cc(CSc4ncccn4)c3O)cnc2NC1=O,50000.0,<rdkit.Chem.rdchem.Mol object at 0x000001F2C8391A80>
CN1c2ccccc2C2(C)CCCC3Cc4cc(Br)cc(Br)c4OC312,20.0,<rdkit.Chem.rdchem.Mol object at 0x000001F2C8391AF0>
CNC(=O)/C=C/c1ccc(C2(C)c3ccc(O)cc3CCN2c2ccc(F)cc2)cc1,120.0,<rdkit.Chem.rdchem.Mol object at 0x000001F2C8391B60>
CNC(=O)/C=C/c1ccc(Oc2c(-c3ccc(C(F)(F)F)cc3)sc3cc(O)ccc23)cc1,32.5,<rdkit.Chem.rdchem.Mol object at 0x000001F2C8391BD0>
CNC(=O)/C=C/c1ccc(Oc2c(-c3ccc(F)cc3)sc3cc(O)ccc23)cc1,360.0,<rdkit.Chem.rdchem.Mol object at 0x000001F2C8391C40>
CNC(=O)/C=C/c1ccc(Oc2c(-c3ccc(O)c(C)c3)sc3cc(O)ccc23)cc1,161.5,<rdkit.Chem.rdchem.Mol object at 0x000001F2C8391CB0>
CNC(=O)/C=C/c1ccc(Oc2c(-c3ccc(O)c(F)c3)sc3cc(O)ccc23)cc1,104.5,<rdkit.Chem.rdchem.Mol object at 0x000001F2C8391D20>
CNC(=O)/C=C/c1ccc(Oc2c(-c3ccc(O)cc3)sc3cc(O)ccc23)cc1,55.5,<rdkit.Chem.rdchem.Mol object at 0x000001F2C8391D90>
CNC(=O)/C=C/c1ccc(Oc2c(-c3ccc(O)cc3)sc3cc(O)ccc23)cn1,269.0,<rdkit.Chem.rdchem.Mol object at 0x000001F2C8391E00>
CNC(=O)Cn1cc(C2CC2)c(Oc2ccc(C#N)cc2)c1C1CC1,10000.0,<rdkit.Chem.rdchem.Mol object at 0x000001F2C8391E70>
CNC(=O)c1ccc(C2=C(c3ccc(O[C@H]4CCN(CCCF)C4)cc3)c3ccc(O)cc3CCC2)cc1F,1692.0,<rdkit.Chem.rdchem.Mol object at 0x000001F2C8391EE0>
CNCCCCCCCCCCCCn1c(-c2ccc(O)cc2)c(C)c2cc(O)ccc21,380.0,<rdkit.Chem.rdchem.Mol object at 0x000001F2C8391F50>
CNCCCc1ccc(Oc2c(C(=O)c3c(C)cc(F)cc3C)sc3cc(O)ccc23)cc1,1000.0,<rdkit.Chem.rdchem.Mol object at 0x000001F2C8391FC0>
CNCCOc1ccc(/C(=C(/CCCO)c2ccccc2)c2ccc(O)cc2)cc1.Cl,3340.0,<rdkit.Chem.rdchem.Mol object at 0x000001F2C8392030>
CNCCOc1ccc(C2=C(c3ccccc3)CCCc3cc(O)ccc32)cc1,3.0,<rdkit.Chem.rdchem.Mol object at 0x000001F2C83920A0>
CNCCOc1ccc(N2Nc3c(c(=O)oc4cc(O)ccc34)-c3ccc(O)cc32)cc1,160.53,<rdkit.Chem.rdchem.Mol object at 0x000001F2C8392110>
CNCCOc1ccc(N2Nc3cc(O)ccc3-c3c2c2ccc(O)cc2oc3=O)cc1,50.165,<rdkit.Chem.rdchem.Mol object at 0x000001F2C8392180>
CNCc1ccc(Oc2c(C(=O)c3c(C)cc(F)cc3C)sc3cc(O)ccc23)cc1,1000.0,<rdkit.Chem.rdchem.Mol object at 0x000001F2C83921F0>
CN[C@@H](C)C(=O)N[C@H](C(=O)N1CCC[C@H]1c1nc(C(=O)c2cccc(OCCOCc3cn(CCOc4ccc(Cn5c(-c6ccc(O)cc6)c(C)c6cc(O)ccc65)cc4)nn3)c2)cs1)C1CCCCC1,32.0,<rdkit.Chem.rdchem.Mol object at 0x000001F2C8392260>
CN[C@H](C)C(=O)N[C@H](C(=O)N1CCC[C@H]1c1nc(C(=O)c2ccc(F)cc2)cs1)C1CCN(C(=O)COCCOCc2cn(CCOc3ccc(Cn4c(-c5ccc(O)cc5)c(C)c5cc(O)ccc54)cc3)nn2)CC1,52.0,<rdkit.Chem.rdchem.Mol object at 0x000001F2C83922D0>
CNc1nnc(-c2cc3cc(Cl)ccc3oc2=O)s1,11057.83,<rdkit.Chem.rdchem.Mol object at 0x000001F2C8392340>
CO/C=C/[C@]12CC[C@H](O)CC1=CCC1C2CC[C@@]2(C)C1CC[C@@H]2O,10000.0,<rdkit.Chem.rdchem.Mol object at 0x000001F2C83923B0>
CO/C=C\[C@]12CC[C@H](O)CC1=CCC1C2CC[C@@]2(C)C1CC[C@@H]2O,3349.0,<rdkit.Chem.rdchem.Mol object at 0x000001F2C8392420>
COC(=O)/C(=C\Nc1ccc(Cl)c2ccccc12)c1ncc(C(F)(F)F)cc1Cl,50000.0,<rdkit.Chem.rdchem.Mol object at 0x000001F2C8392490>
COC(=O)/C=C/c1ccc(Oc2c(-c3ccc(F)cc3)sc3cc(O)ccc23)cc1,137.0,<rdkit.Chem.rdchem.Mol object at 0x000001F2C8392500>
COC(=O)/C=C/c1ccc(Oc2c(-c3ccc(O)c(C)c3)sc3cc(O)ccc23)cc1,10000.0,<rdkit.Chem.rdchem.Mol object at 0x000001F2C8392570>
COC(=O)/C=C/c1ccc(Oc2c(-c3ccc(O)cc3)sc3c(F)c(O)c(F)cc23)cc1,41.0,<rdkit.Chem.rdchem.Mol object at 0x000001F2C83925E0>
COC(=O)/C=C/c1ccc(Oc2c(-c3ccccc3)sc3cc(O)ccc23)cc1,10000.0,<rdkit.Chem.rdchem.Mol object at 0x000001F2C8392650>
COC(=O)/C=C/c1ccc(Oc2c(-c3ccccc3C(C)C)sc3cc(O)ccc23)cc1,23.0,<rdkit.Chem.rdchem.Mol object at 0x000001F2C83926C0>
COC(=O)/C=C/c1ccc(Oc2c(-c3ccccc3C(C)C)sc3cc(OC)ccc23)cc1,16.0,<rdkit.Chem.rdchem.Mol object at 0x000001F2C8392730>
COC(=O)C1=C(N)Oc2cc(O)ccc2C1c1ccc(O)cc1,790.0,<rdkit.Chem.rdchem.Mol object at 0x000001F2C83927A0>
COC(=O)C1=C(N)Oc2cc(O)ccc2C1c1ccc(OCCN2CCCC2)cc1,20.0,<rdkit.Chem.rdchem.Mol object at 0x000001F2C8392810>
COC(=O)C1=C(N)Oc2cc(O)ccc2C1c1ccc(OCCN2CCCCC2)cc1,50.0,<rdkit.Chem.rdchem.Mol object at 0x000001F2C8392880>
COC(=O)C1=C(N)Oc2cc(O)ccc2C1c1ccc(OCCN2CCOCC2)cc1,109100.0,<rdkit.Chem.rdchem.Mol object at 0x000001F2C83928F0>
COC(=O)C1=C(N)Oc2cc(O)ccc2C1c1ccc(OCc2ccc(C)cc2)cc1,56.0,<rdkit.Chem.rdchem.Mol object at 0x000001F2C8392960>
COC(=O)C1=C(N)Oc2cc(O)ccc2C1c1ccc(OCc2ccccc2F)cc1,53.0,<rdkit.Chem.rdchem.Mol object at 0x000001F2C83929D0>
COC(=O)C1=C(N)Oc2cc(O)ccc2C1c1ccccc1,3300.0,<rdkit.Chem.rdchem.Mol object at 0x000001F2C8392A40>
COC(=O)C1=C(O)/C(=C\c2ccc(CNC(=O)C(=O)Nc3ccc(C)c(C)c3)o2)N=C1C,19602.37,<rdkit.Chem.rdchem.Mol object at 0x000001F2C8392AB0>
COC(=O)CCCCCCC(=O)Nc1ccc(OS(=O)(=O)C2CC3OC2C(c2ccc(O)cc2)=C3c2ccc(O)cc2)cc1,10800.0,<rdkit.Chem.rdchem.Mol object at 0x000001F2C8392B20>
COC(=O)COc1ccc(C2Oc3cc(O)ccc3C3=C2c2ccc(O)cc2OCC3)cc1,4.8,<rdkit.Chem.rdchem.Mol object at 0x000001F2C8392B90>
COC(=O)COc1ccc(S(=O)(=O)Nc2ccc3c(c2)OCO3)cc1,50000.0,<rdkit.Chem.rdchem.Mol object at 0x000001F2C8392C00>
COC(=O)Cc1ccc(OCc2oc(-c3cccc(OC)c3)nc2C)cc1,1700.0,<rdkit.Chem.rdchem.Mol object at 0x000001F2C8392C70>
COC(=O)Cc1ccc(OCc2oc(-c3ccccc3OC)nc2C)cc1,4100.0,<rdkit.Chem.rdchem.Mol object at 0x000001F2C8392CE0>
COC(=O)Oc1c(Br)c(=O)oc2ccccc12,50000.0,<rdkit.Chem.rdchem.Mol object at 0x000001F2C8392D50>
COC(=O)[C@@H]1CC2=CC(=O)CC[C@]2(C)[C@@]23O[C@@H]2C[C@@]2(C)[C@@H](CC[C@@]24CCC(=O)O4)[C@H]13,20000.0,<rdkit.Chem.rdchem.Mol object at 0x000001F2C8392DC0>
COC(=O)c1cc(NC(=O)Cn2c(=O)cnc3ccccc32)cc(C(=O)OC)c1,50000.0,<rdkit.Chem.rdchem.Mol object at 0x000001F2C8392E30>
COC(=O)c1cc(NC2c3ccccc3C(=O)N2c2ccc(Cl)cn2)cc(C(=O)OC)c1,50000.0,<rdkit.Chem.rdchem.Mol object at 0x000001F2C8392EA0>
COC(=O)c1cc(O)cc2nc(-c3ccc(O)cc3)oc12,5000.0,<rdkit.Chem.rdchem.Mol object at 0x000001F2C8392F10>
COC(=O)c1cc(O)cc2ncn(-c3ccc(O)cc3)c(=O)c12,81324.0,<rdkit.Chem.rdchem.Mol object at 0x000001F2C8392F80>
COC(=O)c1cc2ccsc2n1CC(=O)Nc1ccc(N(C)C)cc1,47259.62,<rdkit.Chem.rdchem.Mol object at 0x000001F2C8392FF0>
COC(=O)c1ccc(CSc2nc(C)nc3sc(C)c(C)c23)o1,48895.72,<rdkit.Chem.rdchem.Mol object at 0x000001F2C8393060>
COC(=O)c1ccc(CSc2nc(O)c3cnn(-c4ccc(C)c(C)c4)c3n2)o1,38489.05,<rdkit.Chem.rdchem.Mol object at 0x000001F2C83930D0>
COC(=O)c1ccc(OCc2oc(-c3cccc(OC)c3)nc2C)cc1,4700.0,<rdkit.Chem.rdchem.Mol object at 0x000001F2C8393140>
COC(=O)c1ccc2c(=O)n(CC3CCCO3)c(SCC(=O)Nc3ccccc3Cl)nc2c1,20945.32,<rdkit.Chem.rdchem.Mol object at 0x000001F2C83931B0>
COC(=O)c1ccc2c(=O)n(CCCC(=O)N3CCN(c4cccc(Cl)c4)CC3)c(=S)[nH]c2c1,18750.0,<rdkit.Chem.rdchem.Mol object at 0x000001F2C8393220>
COC(=O)c1ccc2c(=O)n(CCCCCC(=O)NCc3ccc4c(c3)OCO4)c(=O)[nH]c2c1,14798.06,<rdkit.Chem.rdchem.Mol object at 0x000001F2C8393290>
COC(=O)c1ccc2c(c1)N(Cc1nc(-c3cccc(C)c3)oc1C)C(=O)C1CCCN21,50000.0,<rdkit.Chem.rdchem.Mol object at 0x000001F2C8393300>
COC(=O)c1cccc(OCc2oc(-c3ccccc3OC)nc2C)c1,5200.0,<rdkit.Chem.rdchem.Mol object at 0x000001F2C8393370>
COC(=O)c1cnn2c(C(F)(F)F)cc(-c3ccco3)nc12,42406.58,<rdkit.Chem.rdchem.Mol object at 0x000001F2C83933E0>
COC(=O)c1oc2ccc(Br)cc2c1NC(=O)CCCN1C(=O)c2ccccc2C1=O,42271.0,<rdkit.Chem.rdchem.Mol object at 0x000001F2C8393450>
COC(=O)c1sc2nc(-c3ccco3)ccc2c1N,50000.0,<rdkit.Chem.rdchem.Mol object at 0x000001F2C83934C0>
COC/C=C/C1=C(C)c2cc(O)ccc2O[C@H]1c1ccc(OCCN2CC(CF)C2)cc1,0.2,<rdkit.Chem.rdchem.Mol object at 0x000001F2C8393530>
COCC(C)(F)CN1[C@H](c2c(F)cc(OCCNCCCF)cc2F)c2[nH]c3ccccc3c2C[C@H]1C,1.54,<rdkit.Chem.rdchem.Mol object at 0x000001F2C83935A0>
COCC(C)(F)CN1[C@H](c2ccc(NC3CN(CCCF)C3)cc2OC)c2ccc3[nH]ncc3c2C[C@H]1C,6.9,<rdkit.Chem.rdchem.Mol object at 0x000001F2C8393610>
COCC(C)(F)CN1[C@H](c2ccc(OCCN3CC(CF)C3)cc2OC)c2ccc3[nH]ncc3c2C[C@H]1C,6.8999999999999995,<rdkit.Chem.rdchem.Mol object at 0x000001F2C8393680>
COCC(F)(F)CN1[C@H](c2c(F)cc(NC3CN(CCCF)C3)cc2F)c2[nH]c3ccccc3c2C[C@H]1C,0.16,<rdkit.Chem.rdchem.Mol object at 0x000001F2C83936F0>
COCC(F)(F)CN1[C@H](c2c(F)cc(OCCNCCCF)cc2F)c2[nH]c3ccccc3c2C[C@H]1C,1.57,<rdkit.Chem.rdchem.Mol object at 0x000001F2C8393760>
COCC(F)(F)CN1[C@H](c2ccc(NC3CN(CCCF)C3)cc2OC)c2ccc3[nH]ncc3c2C[C@H]1C,3.7,<rdkit.Chem.rdchem.Mol object at 0x000001F2C83937D0>
COCC(F)(F)CN1[C@H](c2ccc(NC3CN(CCCF)C3)cn2)c2ccc3[nH]ncc3c2C[C@H]1C,2.95,<rdkit.Chem.rdchem.Mol object at 0x000001F2C8393840>
COCC(F)(F)CN1[C@H](c2ccc(OCCN3CC(CF)C3)cc2OC)c2ccc3[nH]ncc3c2C[C@H]1C,5.2,<rdkit.Chem.rdchem.Mol object at 0x000001F2C83938B0>
COCC(F)(F)CN1[C@H](c2ccc(OCCN3CC(CF)C3)cn2)c2ccc3[nH]ncc3c2C[C@H]1C,7.9,<rdkit.Chem.rdchem.Mol object at 0x000001F2C8393920>
COCCC(=O)Oc1ccc2c(Oc3ccc(/C=C/C(=O)O)cc3)c(-c3ccccc3C(C)C)sc2c1,15.0,<rdkit.Chem.rdchem.Mol object at 0x000001F2C8393990>
COCCCCCC[C@@H]1C[C@@H]2[C@H](CCC3[C@H]2CC[C@@H]3O)c2ccc(O)cc21,70.0,<rdkit.Chem.rdchem.Mol object at 0x000001F2C8393A00>
COCCCNC(=O)c1ccc2c(=O)n(Cc3ccc4c(c3)OCO4)c(=S)[nH]c2c1,42005.2,<rdkit.Chem.rdchem.Mol object at 0x000001F2C8393A70>
COCCNC(=O)c1c(N)n(/N=C/c2cccs2)c2nc3ccccc3nc12,11198.21,<rdkit.Chem.rdchem.Mol object at 0x000001F2C8393AE0>
COCCOC(=O)c1[nH]c2c(c1C)C(=O)CC(c1ccco1)C2,19512.36,<rdkit.Chem.rdchem.Mol object at 0x000001F2C8393B50>
COC[C@@H]1CC2C(CC[C@@]3(C)C2CC[C@@H]3O)c2ccc(O)cc21,495.0,<rdkit.Chem.rdchem.Mol object at 0x000001F2C8393BC0>
COC[C@@H]1CCN(CCOc2ccc(C3Oc4ccc(O)cc4C(C)=C3c3cccc(O)c3)cc2)C1,0.3,<rdkit.Chem.rdchem.Mol object at 0x000001F2C8393C30>
COC[C@@H]1C[C@@H]2[C@H](CCC3C(O)CC[C@H]32)c2ccc(O)cc21,2250.0,<rdkit.Chem.rdchem.Mol object at 0x000001F2C8393CA0>
COC[C@@](C)(F)CN1[C@H](c2ccc(NC3CN(CCCF)C3)cc2OC)c2ccc3[nH]ncc3c2C[C@H]1C,4.915,<rdkit.Chem.rdchem.Mol object at 0x000001F2C8393D10>
COC[C@@](C)(F)CN1[C@H](c2ccc(OC3CN(CCCF)C3)cc2OC)c2ccc3[nH]ncc3c2C[C@H]1C,1.805,<rdkit.Chem.rdchem.Mol object at 0x000001F2C8393D80>
COC[C@H](C)CN1[C@H](c2c(F)cc(/C=C/C(=O)O)cc2F)c2ccc(O)cc2CC1(C)C,8.7,<rdkit.Chem.rdchem.Mol object at 0x000001F2C8393DF0>
COC[C@H](C)CN1[C@H](c2c(F)cc(/C=C/C(=O)O)cc2F)c2ccc(O)cc2C[C@H]1C,2.0,<rdkit.Chem.rdchem.Mol object at 0x000001F2C8393E60>
COC[C@H](C)CN1[C@H](c2ccc(/C=C/C(=O)O)cc2)c2ccc(O)cc2C[C@H]1C,44.4,<rdkit.Chem.rdchem.Mol object at 0x000001F2C8393ED0>
COC[C@](C)(F)CN1[C@H](c2ccc(NC3CN(CCCF)C3)cc2OC)c2ccc3[nH]ncc3c2C[C@H]1C,8.05,<rdkit.Chem.rdchem.Mol object at 0x000001F2C8393F40>
COC[C@](C)(F)CN1[C@H](c2ccc(OC3CN(CCCF)C3)cc2OC)c2ccc3[nH]ncc3c2C[C@H]1C,2.4,<rdkit.Chem.rdchem.Mol object at 0x000001F2C8380040>
COC[C@]1(OC)CC[C@H]2[C@@H]3CCC4=CC(=O)CCC4=C3[C@@H](c3ccc(/C=N/O)cc3)C[C@@]21C,1900.0,<rdkit.Chem.rdchem.Mol object at 0x000001F2C83800B0>
COCc1ccc(OCCNCCCF)cc1[C@@H]1c2[nH]c3ccccc3c2C[C@@H](C)N1CC(F)(F)F,3.4,<rdkit.Chem.rdchem.Mol object at 0x000001F2C8380120>
COCc1ccccc1-c1sc2cc(O)ccc2c1Oc1ccc(/C=C/C(=O)O)cc1,63.0,<rdkit.Chem.rdchem.Mol object at 0x000001F2C8380190>
CO[C@@H]1C(c2ccc(C#N)c(Cl)c2C)=NN2CC[C@H](O)[C@@H]12,1000.0,<rdkit.Chem.rdchem.Mol object at 0x000001F2C8380200>
CO[C@H]1/C=C\C=C(/C)C(=O)NC2=CC(=O)C(NC/C=C/CCC[C@@H]3C[C@H]4[C@@H]5CCc6cc(O)ccc6[C@H]5CC[C@]4(C)[C@H]3O)=C(C[C@@H](C)C[C@H](OC)[C@H](O)[C@@H](C)/C=C(\C)[C@@H]1OC(N)=O)C2=O,80.0,<rdkit.Chem.rdchem.Mol object at 0x000001F2C8380270>
CO[C@H]1/C=C\C=C(/C)C(=O)NC2=CC(=O)C(NC/C=C/C[C@@H]3C[C@H]4[C@@H]5CCc6cc(O)ccc6[C@H]5CC[C@]4(C)[C@H]3O)=C(C[C@@H](C)C[C@H](OC)[C@H](O)[C@@H](C)/C=C(\C)[C@@H]1OC(N)=O)C2=O,80.0,<rdkit.Chem.rdchem.Mol object at 0x000001F2C83802E0>
CO[C@H]1/C=C\C=C(/C)C(=O)NC2=CC(=O)C(NCC#CCC[C@@H]3C[C@H]4[C@@H]5CCc6cc(O)ccc6[C@H]5CC[C@]4(C)[C@H]3O)=C(C[C@@H](C)C[C@H](OC)[C@H](O)[C@@H](C)/C=C(\C)[C@@H]1OC(N)=O)C2=O,220.0,<rdkit.Chem.rdchem.Mol object at 0x000001F2C8380350>
COc1c(Br)c(O)c(Br)c2nc(-c3ccc(O)c(F)c3)oc12,559.0,<rdkit.Chem.rdchem.Mol object at 0x000001F2C83803C0>
COc1c(C)c(Br)c2c(=O)oc3c(C)c(O)ccc3c2c1C,225.0,<rdkit.Chem.rdchem.Mol object at 0x000001F2C8380430>
COc1c(C)cc2c(=O)oc3c(C)c(O)ccc3c2c1C,4160.0,<rdkit.Chem.rdchem.Mol object at 0x000001F2C83804A0>
COc1c(F)cc(C2=C(c3ccc(O[C@H]4CCN(CCCF)C4)cc3)c3ccc(O)cc3CCC2)cc1F,81.0,<rdkit.Chem.rdchem.Mol object at 0x000001F2C8380510>
COc1c(F)cc(OCCNCCCF)c(F)c1[C@@H]1c2[nH]c3ccccc3c2C[C@@H](C)N1CC(F)(F)F,2.0,<rdkit.Chem.rdchem.Mol object at 0x000001F2C8380580>
COc1c(F)cc(OCCNCCCF)cc1[C@@H]1c2[nH]c3ccccc3c2C[C@@H](C)N1CC(F)(F)F,2.7,<rdkit.Chem.rdchem.Mol object at 0x000001F2C83805F0>
COc1c(F)ccc(C2=C(c3ccc(O[C@H]4CCN(CCCF)C4)cc3)c3ccc(O)cc3CCC2)c1F,46.0,<rdkit.Chem.rdchem.Mol object at 0x000001F2C8380660>
COc1c(F)cccc1C1=C(c2ccc(O[C@H]3CCN(CCCF)C3)cc2)c2ccc(O)cc2CCC1,133.0,<rdkit.Chem.rdchem.Mol object at 0x000001F2C83806D0>
COc1c(O)ccc2cc(-c3ccc(O)cc3)ccc12,884.0,<rdkit.Chem.rdchem.Mol object at 0x000001F2C8380740>
COc1c(OCCNCCCF)cccc1[C@@H]1c2[nH]c3ccccc3c2C[C@@H](C)N1CC1(F)COC1,35.06,<rdkit.Chem.rdchem.Mol object at 0x000001F2C83807B0>
COc1c([C@@H]2c3ccc4[nH]ncc4c3C[C@@H](C)N2CC(C)(F)F)ccc(/C=C/C(=O)O)c1F,3.7844999999999995,<rdkit.Chem.rdchem.Mol object at 0x000001F2C8380820>
COc1cc(-c2cc(=O)c3cc(O)ccc3o2)ccc1O,1000000.0,<rdkit.Chem.rdchem.Mol object at 0x000001F2C8380890>
COc1cc(-c2cc(Cl)c([C@@H]3c4[nH]c5ccccc5c4C[C@@H](C)N3CC(C)(C)F)c(Cl)c2)ccc1C(=O)O,19.8,<rdkit.Chem.rdchem.Mol object at 0x000001F2C8380900>
COc1cc(-c2cc(F)c([C@@H]3c4[nH]c5ccccc5c4C[C@@H](C)N3CC(C)(C)F)c(Cl)c2)ccc1C(=O)O,18.4,<rdkit.Chem.rdchem.Mol object at 0x000001F2C8380970>
COc1cc(-c2cc(F)c([C@@H]3c4[nH]c5ccccc5c4C[C@@H](C)N3CC(C)(C)F)c(F)c2)ccc1C(=O)O,17.1,<rdkit.Chem.rdchem.Mol object at 0x000001F2C83809E0>
COc1cc(-c2ccc(C(=O)O)cc2)cc(F)c1[C@@H]1c2[nH]c3ccccc3c2C[C@@H](C)N1CC(C)(C)F,19.8,<rdkit.Chem.rdchem.Mol object at 0x000001F2C8380A50>
COc1cc(-c2ccc(C(=O)O)cn2)cc(F)c1[C@@H]1c2[nH]c3ccccc3c2C[C@@H](C)N1CC(C)(C)F,18.3,<rdkit.Chem.rdchem.Mol object at 0x000001F2C8380AC0>
COc1cc(-c2ccc(O)cc2)nc2ccc(O)cc12,6630.0,<rdkit.Chem.rdchem.Mol object at 0x000001F2C8380B30>
COc1cc(-c2nnc(-c3ccc(S(=O)(=O)c4ccccc4)cc3)o2)cc(OC)c1OC,50000.0,<rdkit.Chem.rdchem.Mol object at 0x000001F2C8380BA0>
COc1cc(/C=C/C(=O)O)c(F)cc1[C@@H]1c2ccc3[nH]ncc3c2C[C@@H](C)N1CC(C)(F)F,0.40869999999999995,<rdkit.Chem.rdchem.Mol object at 0x000001F2C8380C10>
COc1cc(/C=C/C(=O)O)cc(F)c1[C@@H]1c2[nH]c3ccccc3c2C[C@@H](C)N1CC(C)(C)F,130.8,<rdkit.Chem.rdchem.Mol object at 0x000001F2C8380C80>
COc1cc(/C=C/C(=O)O)cc(F)c1[C@@H]1c2ccc3[nH]ncc3c2C[C@@H](C)N1CC(C)(F)F,0.25785,<rdkit.Chem.rdchem.Mol object at 0x000001F2C8380CF0>
COc1cc(/C=C/C(=O)O)cc(OC)c1[C@@H]1c2[nH]c3ccccc3c2C[C@@H](C)N1CC(C)(C)F,50.8,<rdkit.Chem.rdchem.Mol object at 0x000001F2C8380D60>
COc1cc(/C=C/C(=O)O)ccc1[C@@H]1c2ccc3[nH]ncc3c2C[C@@H](C)N1CC(C)(C)F,1.108,<rdkit.Chem.rdchem.Mol object at 0x000001F2C8380DD0>
COc1cc(/C=C/C(=O)O)ccc1[C@@H]1c2ccc3[nH]ncc3c2C[C@@H](C)N1CC(C)(F)F,1.0,<rdkit.Chem.rdchem.Mol object at 0x000001F2C8380E40>
COc1cc(/C=C/C(=O)O)ccc1[C@]1(C)c2ccc3[nH]ncc3c2C[C@@H](C)N1CC(C)(C)F,3.2465,<rdkit.Chem.rdchem.Mol object at 0x000001F2C8380EB0>
COc1cc(/C=C/c2ccc(C3=C(c4ccc(O)cc4)C4CC(S(=O)(=O)Oc5ccc(Br)cc5)C3O4)cc2)cc(OC)c1,9270.0,<rdkit.Chem.rdchem.Mol object at 0x000001F2C8380F20>
COc1cc(/C=C/c2ccc(OS(=O)(=O)C3CC4OC3C(c3ccc(O)cc3)=C4c3ccc(O)cc3)cc2)cc(OC)c1,7.0,<rdkit.Chem.rdchem.Mol object at 0x000001F2C8380F90>
COc1cc(/C=C/c2ccc(OS(=O)(=O)[C@@H]3C[C@@H]4O[C@H]3C(c3ccc(O)cc3)=C4c3ccc(O)cc3)cc2)cc(OC)c1,3.0,<rdkit.Chem.rdchem.Mol object at 0x000001F2C8381000>
COc1cc(/C=C/c2ccc(OS(=O)(=O)[C@H]3C[C@H]4O[C@@H]3C(c3ccc(O)cc3)=C4c3ccc(O)cc3)cc2)cc(OC)c1,27.0,<rdkit.Chem.rdchem.Mol object at 0x000001F2C8381070>
COc1cc(/C=C/c2cccc(OS(=O)(=O)C3CC4OC3C(c3ccc(O)cc3)=C4c3ccc(O)cc3)c2)cc(OC)c1,738.0,<rdkit.Chem.rdchem.Mol object at 0x000001F2C83810E0>
COc1cc(/C=C2/C(=N)N3C=CSC3=NC2=O)ccc1OCCCOc1ccccc1C,50000.0,<rdkit.Chem.rdchem.Mol object at 0x000001F2C8381150>
COc1cc(/C=C2\SC(=O)NC2=O)ccc1Oc1ccc(C#N)cc1C(F)(F)F,2200.0,<rdkit.Chem.rdchem.Mol object at 0x000001F2C83811C0>
COc1cc(/C=N/NC(=O)c2cc3c(ccc4ccccc43)o2)cc(OC)c1O,100000.0,<rdkit.Chem.rdchem.Mol object at 0x000001F2C8381230>
COc1cc(/C=c2\s/c(=C(/C#N)C(=O)N3CCCC3)n(-c3ccccc3)c2=O)ccc1O,50000.0,<rdkit.Chem.rdchem.Mol object at 0x000001F2C83812A0>
COc1cc(/C=c2\sc3nc(-c4ccncc4)nn3c2=O)ccc1OC(C)=O,31657.96,<rdkit.Chem.rdchem.Mol object at 0x000001F2C8381310>
COc1cc(Br)c2c(c1)C(=O)N(c1ccc(O)cc1)C2=O,5000.0,<rdkit.Chem.rdchem.Mol object at 0x000001F2C8381380>
COc1cc(C(=O)CCc2cc3c(cc2OC)CC[C@@H]2[C@@H]3CC[C@]3(C)[C@@H](O)CC[C@@H]23)ccc1O,64908.26,<rdkit.Chem.rdchem.Mol object at 0x000001F2C83813F0>
COc1cc(C(=O)O)cc(Cl)c1-c1cc(F)c([C@@H]2c3[nH]c4ccccc4c3C[C@@H](C)N2CC(C)(C)F)c(F)c1,32.9,<rdkit.Chem.rdchem.Mol object at 0x000001F2C8381460>
COc1cc(C(=O)O)ccc1-c1cc(F)c([C@@H]2c3[nH]c4ccccc4c3C[C@@H](C)N2CC(C)(C)F)c(F)c1,19.8,<rdkit.Chem.rdchem.Mol object at 0x000001F2C83814D0>
COc1cc(C(=O)OCC(=O)Nc2c(F)c(F)c(F)c(F)c2F)cc(OC)c1OC,50000.0,<rdkit.Chem.rdchem.Mol object at 0x000001F2C8381540>
COc1cc(C)c(C2=C(c3ccc(O[C@H]4CCN(CCCF)C4)cc3)c3ccc(O)cc3CCC2)cc1C,504.0,<rdkit.Chem.rdchem.Mol object at 0x000001F2C83815B0>
COc1cc(C)c(C2=C(c3ccc(O[C@H]4CCN(CCCF)C4)cc3)c3ccc(O)cc3CCC2)cn1,18.0,<rdkit.Chem.rdchem.Mol object at 0x000001F2C8381620>
COc1cc(C)c(S(=O)(=O)NCc2ccc3c(c2)OCO3)cc1C,50000.0,<rdkit.Chem.rdchem.Mol object at 0x000001F2C8381690>
COc1cc(C2=C(c3ccc(O[C@H]4CCN(CCCF)C4)cc3)c3ccc(O)cc3CCC2)ccc1F,113.0,<rdkit.Chem.rdchem.Mol object at 0x000001F2C8381700>
COc1cc(C2=C(c3ccc(O[C@H]4CCN(CCCF)C4)cc3)c3ccc(O)cc3CCC2)ccn1,17.0,<rdkit.Chem.rdchem.Mol object at 0x000001F2C8381770>
COc1cc(C2C(C#N)=C(N)Oc3cc(C)oc(=O)c32)cc2c1OCO2,26191.67,<rdkit.Chem.rdchem.Mol object at 0x000001F2C83817E0>
COc1cc(C2Nc3ccccc3C(=O)N2Cc2ccccc2)ccc1O,1100.0,<rdkit.Chem.rdchem.Mol object at 0x000001F2C8381850>
COc1cc(C2Oc3c(OC)cc(/C=C/CO)cc3C2CO)ccc1O,61.91,<rdkit.Chem.rdchem.Mol object at 0x000001F2C83818C0>
COc1cc(CNC(=O)[C@@]2(Cc3ccccc3)OC(=O)N([C@@H]3CCc4ccccc43)C2=O)cc(OC)c1,17000.0,<rdkit.Chem.rdchem.Mol object at 0x000001F2C8381930>
COc1cc(Cc2ccc([C@@H]3O[C@@H]4C[C@H]5[C@@H]6C[C@H](F)C7=CC(=O)C=C[C@]7(C)[C@@]6(F)[C@@H](O)C[C@]5(C)[C@]4(C(=O)CO)O3)cc2)ccc1N,30000.0,<rdkit.Chem.rdchem.Mol object at 0x000001F2C83819A0>
COc1cc(Cn2c(-c3ccc(O)cc3)c(C)c3cc(O)ccc32)ccc1OCCN1CCCCC1,80.0,<rdkit.Chem.rdchem.Mol object at 0x000001F2C8381A10>
COc1cc(Cn2c(-c3ccc(O)cc3)c(C)c3cc(O)ccc32)ccc1OCCN1CCCCCC1,57.0,<rdkit.Chem.rdchem.Mol object at 0x000001F2C8381A80>
COc1cc(F)c(C2=C(c3ccc(O[C@H]4CCN(CCCF)C4)cc3)c3ccc(O)cc3CCC2)cc1F,78.0,<rdkit.Chem.rdchem.Mol object at 0x000001F2C8381AF0>
COc1cc(F)c(NCCNCCCF)cc1[C@@H]1c2[nH]c3ccccc3c2C[C@@H](C)N1CC(F)(F)F,9.4,<rdkit.Chem.rdchem.Mol object at 0x000001F2C8381B60>
COc1cc(F)c(OCCNCCCF)cc1[C@@H]1c2[nH]c3ccccc3c2C[C@@H](C)N1CC(F)(F)F,2.8,<rdkit.Chem.rdchem.Mol object at 0x000001F2C8381BD0>
COc1cc(F)ccc1-c1c(Cc2ccc(/C=C/C(=O)O)cc2)c2ccc(O)cc2oc1=O,1135.5,<rdkit.Chem.rdchem.Mol object at 0x000001F2C8381C40>
COc1cc(F)ccc1C1=C(c2ccc(O[C@H]3CCN(CCCF)C3)cc2)c2ccc(O)cc2CCC1,224.0,<rdkit.Chem.rdchem.Mol object at 0x000001F2C8381CB0>
COc1cc(N(C)C2CN(CCCF)C2)ccc1[C@@H]1c2ccc3[nH]ncc3c2C[C@@H](C)N1CC1(F)CC1,11.0,<rdkit.Chem.rdchem.Mol object at 0x000001F2C8381D20>
COc1cc(N2CCN(C3CC4CC(Oc5ccc([C@@H]6c7ccc(O)cc7CC[C@@H]6c6ccc(F)cc6)cc5)CC4C3)CC2)cc2c1C(=O)N(C1CCC(=O)NC1=O)C2,0.82,<rdkit.Chem.rdchem.Mol object at 0x000001F2C8381D90>
COc1cc(N2CCN(CC(=O)C3CC(Oc4ccc([C@@H]5c6ccc(O)cc6CC[C@@H]5c5ccccc5)cc4)C3)CC2)cc2c1C(=O)N(C1CCC(=O)NC1=O)C2,0.7,<rdkit.Chem.rdchem.Mol object at 0x000001F2C8381E00>
COc1cc(N2CCN(CC3CCN(c4ncc([C@@H]5c6[nH]c7ccccc7c6C[C@@H](C)N5CC(C)(C)F)cn4)CC3)CC2)cc2c1C(=O)N(C1CCC(=O)NC1=O)C2,3.2,<rdkit.Chem.rdchem.Mol object at 0x000001F2C8381E70>
COc1cc(N2CCN(CCC3(O)CC(Oc4ccc([C@@H]5c6ccc(O)cc6CC[C@@H]5c5ccccc5)cc4)C3)CC2)cc2c1C(=O)N(C1CCC(=O)NC1=O)C2,0.3,<rdkit.Chem.rdchem.Mol object at 0x000001F2C8381EE0>
COc1cc(N2CCN(CCC3CCN(c4ccc([C@@H]5c6ccc(O)cc6CC[C@@H]5c5ccccc5)cc4F)CC3)CC2)cc2c1C(=O)N(C1CCC(=O)NC1=O)C2,0.7,<rdkit.Chem.rdchem.Mol object at 0x000001F2C8381F50>
COc1cc(N2CCN(CCC3CCN(c4ncc([C@@H]5c6[nH]c7ccccc7c6C[C@@H](C)N5CC(C)(C)F)cn4)CC3)CC2)cc2c1C(=O)N(C1CCC(=O)NC1=O)C2,1.5,<rdkit.Chem.rdchem.Mol object at 0x000001F2C8381FC0>
COc1cc(N2CCN(CCCCCOc3ccc([C@@H]4c5ccc(O)cc5CC[C@@H]4c4ccccc4)cc3)CC2)cc2c1C(=O)N(C1CCC(=O)NC1=O)C2,0.79,<rdkit.Chem.rdchem.Mol object at 0x000001F2C8382030>
COc1cc(N2CCN(CCCCCOc3ccc([C@@H]4c5ccc(O)cc5CC[C@@H]4c4ccccc4)cc3)CC2)cc2c1C(=O)N([C@@H]1CCC(=O)NC1=O)C2,0.37,<rdkit.Chem.rdchem.Mol object at 0x000001F2C83820A0>
COc1cc(N2CCN(CCCCCOc3ccc([C@@H]4c5ccc(O)cc5CC[C@@H]4c4ccccc4)cc3)CC2)cc2c1C(=O)N([C@H]1CCC(=O)NC1=O)C2,0.49,<rdkit.Chem.rdchem.Mol object at 0x000001F2C8382110>
COc1cc(NC(=O)COc2ccc(-n3cnnn3)cc2)c(OC)cc1Cl,8308.43,<rdkit.Chem.rdchem.Mol object at 0x000001F2C8382180>
COc1cc(NC(=O)CSc2nc3ccccc3c(=O)n2C)ccc1NC(=O)c1ccco1,32541.21,<rdkit.Chem.rdchem.Mol object at 0x000001F2C83821F0>
COc1cc(NC(=O)c2cccs2)c(C(=O)OCC(=O)NCc2ccco2)cc1OC,14772.44,<rdkit.Chem.rdchem.Mol object at 0x000001F2C8382260>
COc1cc(NC2CN(CCC(F)(F)F)C2)ccc1[C@@H]1c2ccc3[nH]ncc3c2C[C@@H](C)N1CC1(F)CC1,8.2,<rdkit.Chem.rdchem.Mol object at 0x000001F2C83822D0>
COc1cc(NC2CN(CCCF)C2)c(F)cc1[C@@H]1c2ccc3[nH]ncc3c2C[C@@H](C)N1CC1(F)CC1,5.7,<rdkit.Chem.rdchem.Mol object at 0x000001F2C8382340>
COc1cc(NC2CN(CCCF)C2)ccc1[C@@H]1c2ccc3[nH]ncc3c2C[C@@H](C)N1CC(C)(C)F,6.1,<rdkit.Chem.rdchem.Mol object at 0x000001F2C83823B0>
COc1cc(NC2CN(CCCF)C2)ccc1[C@@H]1c2ccc3[nH]ncc3c2C[C@@H](C)N1CC(C)(F)F,2.556,<rdkit.Chem.rdchem.Mol object at 0x000001F2C8382420>
COc1cc(NC2CN(CCCF)C2)ccc1[C@@H]1c2ccc3[nH]ncc3c2C[C@@H](C)N1CC(C)F,10.0,<rdkit.Chem.rdchem.Mol object at 0x000001F2C8382490>
COc1cc(NC2CN(CCCF)C2)ccc1[C@@H]1c2ccc3[nH]ncc3c2C[C@@H](C)N1CC(F)(F)CO,4.7,<rdkit.Chem.rdchem.Mol object at 0x000001F2C8382500>
COc1cc(NC2CN(CCCF)C2)ccc1[C@@H]1c2ccc3[nH]ncc3c2C[C@@H](C)N1CC(F)(F)F,5.356,<rdkit.Chem.rdchem.Mol object at 0x000001F2C8382570>
COc1cc(NC2CN(CCCF)C2)ccc1[C@@H]1c2ccc3[nH]ncc3c2C[C@@H](C)N1CC(F)F,2.0475000000000003,<rdkit.Chem.rdchem.Mol object at 0x000001F2C83825E0>
COc1cc(NC2CN(CCCF)C2)ccc1[C@@H]1c2ccc3[nH]ncc3c2C[C@@H](C)N1CC1(CF)COC1,8.0,<rdkit.Chem.rdchem.Mol object at 0x000001F2C8382650>
COc1cc(NC2CN(CCCF)C2)ccc1[C@@H]1c2ccc3[nH]ncc3c2C[C@@H](C)N1CC1(F)CC1,8.371500000000001,<rdkit.Chem.rdchem.Mol object at 0x000001F2C83826C0>
COc1cc(NC2CN(CCCF)C2)ccc1[C@]1(C)c2ccc3[nH]ncc3c2C[C@@H](C)N1CC(F)F,1.6,<rdkit.Chem.rdchem.Mol object at 0x000001F2C8382730>
COc1cc(NC2CN(CCCF)C2)cnc1[C@@H]1c2ccc3[nH]ncc3c2C[C@@H](C)N1CC(F)(F)F,7.2,<rdkit.Chem.rdchem.Mol object at 0x000001F2C83827A0>
COc1cc(NC2CN(CCCF)C2)ncc1[C@@H]1c2ccc3[nH]ncc3c2C[C@@H](C)N1CC1(F)CC1,360.0,<rdkit.Chem.rdchem.Mol object at 0x000001F2C8382810>
COc1cc(NCCNCCCF)ccc1[C@@H]1c2[nH]c3ccccc3c2C[C@@H](C)N1CC(F)(F)CO,5.075,<rdkit.Chem.rdchem.Mol object at 0x000001F2C8382880>
COc1cc(NCCNCCCF)ccc1[C@@H]1c2[nH]c3ccccc3c2C[C@@H](C)N1CC(F)F,2.27,<rdkit.Chem.rdchem.Mol object at 0x000001F2C83828F0>
COc1cc(NCCNCCCF)ccc1[C@@H]1c2[nH]c3ccccc3c2C[C@@H](C)N1CC1(F)CC1,7.9,<rdkit.Chem.rdchem.Mol object at 0x000001F2C8382960>
COc1cc(NCCNCCCF)ccc1[C@@H]1c2[nH]c3ccccc3c2C[C@@H](C)N1CC1(F)COC1,13.62,<rdkit.Chem.rdchem.Mol object at 0x000001F2C83829D0>
COc1cc(NCCNCCCF)ncc1[C@@H]1c2[nH]c3ccccc3c2C[C@@H](C)N1CC(C)(F)F,1.465,<rdkit.Chem.rdchem.Mol object at 0x000001F2C8382A40>
COc1cc(NCCNCCCF)ncc1[C@@H]1c2[nH]c3ccccc3c2C[C@@H](C)N1CC(F)(F)CO,1.515,<rdkit.Chem.rdchem.Mol object at 0x000001F2C8382AB0>
COc1cc(NCCNCCCF)ncc1[C@@H]1c2[nH]c3ccccc3c2C[C@@H](C)N1CC(F)F,1.685,<rdkit.Chem.rdchem.Mol object at 0x000001F2C8382B20>
COc1cc(NCCNCCCF)ncc1[C@@H]1c2[nH]c3ccccc3c2C[C@@H](C)N1CC1(F)COC1,3.15,<rdkit.Chem.rdchem.Mol object at 0x000001F2C8382B90>
COc1cc(O)c(/C=C\C(C)(C)O)c(O)c1C(=O)/C=C/c1ccc(O)cc1,80000.0,<rdkit.Chem.rdchem.Mol object at 0x000001F2C8382C00>
COc1cc(O)c(/C=C\C(C)(C)O)c2c1C(=O)CC(c1ccc(O)cc1)O2,1000000.0,<rdkit.Chem.rdchem.Mol object at 0x000001F2C8382C70>
COc1cc(O)c(/C=C\C(C)(C)O)c2c1C(=O)C[C@@H](c1ccccc1)O2,3500000.0,<rdkit.Chem.rdchem.Mol object at 0x000001F2C8382CE0>
COc1cc(O)c(Br)c2cc(-c3ccc(O)c(F)c3)oc12,335.0,<rdkit.Chem.rdchem.Mol object at 0x000001F2C8382D50>
COc1cc(O)c(Br)c2cc(-c3ccc(O)cc3)oc12,21.0,<rdkit.Chem.rdchem.Mol object at 0x000001F2C8382DC0>
COc1cc(O)c(Br)c2nc(-c3ccc(O)c(F)c3)oc12,2668.0,<rdkit.Chem.rdchem.Mol object at 0x000001F2C8382E30>
COc1cc(O)c(C#N)c2cc(-c3ccc(O)cc3)oc12,1650.0,<rdkit.Chem.rdchem.Mol object at 0x000001F2C8382EA0>
COc1cc(O)c(Cl)c2cc(-c3ccc(O)cc3)oc12,114.0,<rdkit.Chem.rdchem.Mol object at 0x000001F2C8382F10>
COc1cc(O)c2c(=O)c3c(oc2c1)oc1cc(O)ccc13,2728.0,<rdkit.Chem.rdchem.Mol object at 0x000001F2C8382F80>
COc1cc(O)c2c(=O)n(-c3ccc(O)cc3)cnc2c1,25956.0,<rdkit.Chem.rdchem.Mol object at 0x000001F2C8382FF0>
COc1cc(O)c2c(C=O)c(-c3ccc(O)cc3O)oc2c1,43.0,<rdkit.Chem.rdchem.Mol object at 0x000001F2C8383060>
COc1cc(O)cc2c1C(Br)=C(c1ccc(O)cc1)C2=O,200.0,<rdkit.Chem.rdchem.Mol object at 0x000001F2C83830D0>
COc1cc(O)cc2cc(-c3ccc(O)c(F)c3)oc12,990.0,<rdkit.Chem.rdchem.Mol object at 0x000001F2C8383140>
COc1cc(O)cc2cc(-c3ccc(O)cc3)oc12,483.0,<rdkit.Chem.rdchem.Mol object at 0x000001F2C83831B0>
COc1cc(O)cc2nc(-c3ccc(O)cc3)oc12,2557.0,<rdkit.Chem.rdchem.Mol object at 0x000001F2C8383220>
COc1cc(O)ccc1-c1ccc2cc(O)ccc2c1,174.0,<rdkit.Chem.rdchem.Mol object at 0x000001F2C8383290>
COc1cc(O)ccc1[C@@H]1C(=O)c2ccc(O)cc2O[C@@H]1c1ccc(OCCN2CCCCC2)cc1,149.0,<rdkit.Chem.rdchem.Mol object at 0x000001F2C8383300>
COc1cc(OC)cc(-c2nnc([C@@]3(Cc4ccccc4)OC(=O)N([C@H](C)c4ccccc4)C3=O)o2)c1,5000.0,<rdkit.Chem.rdchem.Mol object at 0x000001F2C8383370>
COc1cc(OC)nc(NC(=O)C(C)C)n1,50000.0,<rdkit.Chem.rdchem.Mol object at 0x000001F2C83833E0>
COc1cc(OC2CN(CCCF)C2)ccc1[C@@H]1c2ccc3[nH]ncc3c2C[C@@H](C)N1CC(F)(F)CO,11000.0,<rdkit.Chem.rdchem.Mol object at 0x000001F2C8383450>
COc1cc(OC2CN(CCCF)C2)ccc1[C@@H]1c2ccc3[nH]ncc3c2C[C@@H](C)N1CC(F)F,5.7,<rdkit.Chem.rdchem.Mol object at 0x000001F2C83834C0>
COc1cc(OC2CN(CCCF)C2)ccc1[C@@H]1c2ccc3[nH]ncc3c2C[C@@H](C)N1CC1(F)CC1,7.943,<rdkit.Chem.rdchem.Mol object at 0x000001F2C8383530>
COc1cc(OCCN2CC(C)C2)ccc1[C@@H]1c2ccc3[nH]ncc3c2C[C@@H](C)N1CC(C)(C)F,2.8,<rdkit.Chem.rdchem.Mol object at 0x000001F2C83835A0>
COc1cc(OCCN2CC(CF)C2)cc(F)c1[C@@H]1c2ccc3[nH]ncc3c2C[C@@H](C)N1CC(C)(F)F,1.3,<rdkit.Chem.rdchem.Mol object at 0x000001F2C8383610>
COc1cc(OCCN2CC(CF)C2)cc(F)c1[C@@H]1c2ccc3[nH]ncc3c2C[C@@H](C)N1CC(F)(F)CF,2.6,<rdkit.Chem.rdchem.Mol object at 0x000001F2C8383680>
COc1cc(OCCN2CC(CF)C2)cc(F)c1[C@@H]1c2ccc3[nH]ncc3c2C[C@@H](C)N1CC(F)(F)CO,3.8,<rdkit.Chem.rdchem.Mol object at 0x000001F2C83836F0>
COc1cc(OCCN2CC(CF)C2)ccc1[C@@H]1c2ccc3[nH]ncc3c2C[C@@H](C)N1CC(C)(C)F,3.162,<rdkit.Chem.rdchem.Mol object at 0x000001F2C8383760>
COc1cc(OCCN2CC(CF)C2)ccc1[C@@H]1c2ccc3[nH]ncc3c2C[C@@H](C)N1CC(C)(F)CF,1.55,<rdkit.Chem.rdchem.Mol object at 0x000001F2C83837D0>
COc1cc(OCCN2CC(CF)C2)ccc1[C@@H]1c2ccc3[nH]ncc3c2C[C@@H](C)N1CC(C)(F)F,1.3,<rdkit.Chem.rdchem.Mol object at 0x000001F2C8383840>
COc1cc(OCCN2CC(CF)C2)ccc1[C@@H]1c2ccc3[nH]ncc3c2C[C@@H](C)N1CC(C)C,5.8,<rdkit.Chem.rdchem.Mol object at 0x000001F2C83838B0>
COc1cc(OCCN2CC(CF)C2)ccc1[C@@H]1c2ccc3[nH]ncc3c2C[C@@H](C)N1CC(F)(F)CF,1.9,<rdkit.Chem.rdchem.Mol object at 0x000001F2C8383920>
COc1cc(OCCN2CC(CF)C2)ccc1[C@@H]1c2ccc3[nH]ncc3c2C[C@@H](C)N1CC(F)(F)CO,3.5,<rdkit.Chem.rdchem.Mol object at 0x000001F2C8383990>
COc1cc(OCCN2CC(CF)C2)ccc1[C@@H]1c2ccc3[nH]ncc3c2C[C@@H](C)N1CC(F)(F)F,2.9,<rdkit.Chem.rdchem.Mol object at 0x000001F2C8383A00>
COc1cc(OCCN2CC(CF)C2)ccc1[C@@H]1c2ccc3[nH]ncc3c2C[C@@H](C)N1CC(F)CF,2.4,<rdkit.Chem.rdchem.Mol object at 0x000001F2C8383A70>
COc1cc(OCCN2CC(CF)C2)ccc1[C@@H]1c2ccc3[nH]ncc3c2C[C@@H](C)N1CC(F)F,2.0,<rdkit.Chem.rdchem.Mol object at 0x000001F2C8383AE0>
COc1cc(OCCN2CC(CF)C2)ccc1[C@@H]1c2ccc3[nH]ncc3c2C[C@@H](C)N1CC1(F)CC1,10.0,<rdkit.Chem.rdchem.Mol object at 0x000001F2C8383B50>
COc1cc(OCCN2CC(CF)C2)ccc1[C@@H]1c2ccc3[nH]ncc3c2C[C@@H](C)N1CC1(F)COC1,3.7,<rdkit.Chem.rdchem.Mol object at 0x000001F2C8383BC0>
COc1cc(OCCN2CC(CF)C2)ncc1[C@@H]1c2ccc3[nH]ncc3c2C[C@@H](C)N1CC1(F)CC1,6.6,<rdkit.Chem.rdchem.Mol object at 0x000001F2C8383C30>
COc1cc(OCCN2CC(OC)C2)ccc1[C@@H]1c2ccc3[nH]ncc3c2C[C@@H](C)N1CC(C)(C)F,3.7,<rdkit.Chem.rdchem.Mol object at 0x000001F2C8383CA0>
COc1cc(OCCNCCCF)ccc1[C@@H]1c2[nH]c3ccccc3c2C[C@@H](C)N1CC(C)(F)F,1.07,<rdkit.Chem.rdchem.Mol object at 0x000001F2C8383D10>
COc1cc(OCCNCCCF)ccc1[C@@H]1c2[nH]c3ccccc3c2C[C@@H](C)N1CC(F)(F)CO,0.836,<rdkit.Chem.rdchem.Mol object at 0x000001F2C8383D80>
COc1cc(OCCNCCCF)ccc1[C@@H]1c2[nH]c3ccccc3c2C[C@@H](C)N1CC(F)(F)F,1.397,<rdkit.Chem.rdchem.Mol object at 0x000001F2C8383DF0>
COc1cc(OCCNCCCF)ccc1[C@@H]1c2[nH]c3ccccc3c2C[C@@H](C)N1CC(F)F,0.87175,<rdkit.Chem.rdchem.Mol object at 0x000001F2C8383E60>
COc1cc(OCCNCCCF)ccc1[C@@H]1c2[nH]c3ccccc3c2C[C@@H](C)N1CC1(F)CC1,2.58,<rdkit.Chem.rdchem.Mol object at 0x000001F2C8383ED0>
COc1cc(OCCNCCCF)ccc1[C@@H]1c2[nH]c3ccccc3c2C[C@@H](C)N1CC1(F)COC1,0.6799999999999999,<rdkit.Chem.rdchem.Mol object at 0x000001F2C8383F40>
COc1cc(OCCNCCCF)ccc1[C@@H]1c2ccc3[nH]ncc3c2C[C@@H](C)N1CC1(F)CC1,4.1296,<rdkit.Chem.rdchem.Mol object at 0x000001F2C839C040>
COc1cc(OCCNCCCF)cnc1[C@@H]1c2[nH]c3ccccc3c2C[C@@H](C)N1CC(C)(C)F,1.04,<rdkit.Chem.rdchem.Mol object at 0x000001F2C839C0B0>
COc1cc(OCCNCCCF)ncc1[C@@H]1c2[nH]c3ccccc3c2C[C@@H](C)N1CC(C)(C)F,1.22,<rdkit.Chem.rdchem.Mol object at 0x000001F2C839C120>
COc1cc(OCCNCCCF)ncc1[C@@H]1c2[nH]c3ccccc3c2C[C@@H](C)N1CC(C)(F)F,0.6395,<rdkit.Chem.rdchem.Mol object at 0x000001F2C839C190>
COc1cc(OCCNCCCF)ncc1[C@@H]1c2[nH]c3ccccc3c2C[C@@H](C)N1CC(F)(F)CO,0.705,<rdkit.Chem.rdchem.Mol object at 0x000001F2C839C200>
COc1cc(OCCNCCCF)ncc1[C@@H]1c2[nH]c3ccccc3c2C[C@@H](C)N1CC(F)(F)F,0.8200000000000001,<rdkit.Chem.rdchem.Mol object at 0x000001F2C839C270>
COc1cc(OCCNCCCF)ncc1[C@@H]1c2[nH]c3ccccc3c2C[C@@H](C)N1CC(F)F,0.9349999999999999,<rdkit.Chem.rdchem.Mol object at 0x000001F2C839C2E0>
COc1cc(OCCNCCCF)ncc1[C@@H]1c2[nH]c3ccccc3c2C[C@@H](C)N1CC1(F)CC1,1.455,<rdkit.Chem.rdchem.Mol object at 0x000001F2C839C350>
COc1cc(OCCNCCCF)ncc1[C@@H]1c2[nH]c3ccccc3c2C[C@@H](C)N1CC1(F)COC1,1.3050000000000002,<rdkit.Chem.rdchem.Mol object at 0x000001F2C839C3C0>
COc1cc(Oc2c(-c3cc(F)c(F)cc3C(C)(F)F)sc3c2ccc2[nH]ncc23)ccc1NC1CN(CCCF)C1,2.5,<rdkit.Chem.rdchem.Mol object at 0x000001F2C839C430>
COc1cc(Oc2c(-c3cc(F)c(F)cc3C(C)(F)F)sc3c2ccc2[nH]ncc23)ccc1OC1CN(CCCF)C1,1.4,<rdkit.Chem.rdchem.Mol object at 0x000001F2C839C4A0>
COc1cc(Oc2c(-c3ccc(F)cc3C(C)(C)F)sc3c2ccc2[nH]ncc23)ccc1NC1CN(CCCF)C1,0.7,<rdkit.Chem.rdchem.Mol object at 0x000001F2C839C510>
COc1cc(Oc2c(-c3ccc(F)cc3C(C)(C)F)sc3c2ccc2[nH]ncc23)ccc1OC1CN(CCCF)C1,0.8,<rdkit.Chem.rdchem.Mol object at 0x000001F2C839C580>
COc1cc(Oc2c(-c3ccc(F)cc3C(C)(F)F)sc3c2ccc2[nH]ncc23)ccc1NC1CN(CCCF)C1,0.6,<rdkit.Chem.rdchem.Mol object at 0x000001F2C839C5F0>
COc1cc(Oc2c(-c3ccc(F)cc3C(C)(F)F)sc3c2ccc2[nH]ncc23)ccc1OC1CN(CCCF)C1,0.6,<rdkit.Chem.rdchem.Mol object at 0x000001F2C839C660>
COc1cc(Oc2c(-c3ccc(F)cc3CC(F)(F)F)sc3c2ccc2[nH]ncc23)ccc1NC1CN(CCCF)C1,1.1,<rdkit.Chem.rdchem.Mol object at 0x000001F2C839C6D0>
COc1cc(Oc2c(-c3ccc(F)cc3CC(F)(F)F)sc3c2ccc2[nH]ncc23)ccc1OC1CN(CCCF)C1,0.9,<rdkit.Chem.rdchem.Mol object at 0x000001F2C839C740>
COc1cc(Oc2c(-c3ccc(O)cc3)sc3cc(O)ccc23)ccc1/C=C/C(=O)O,5020.0,<rdkit.Chem.rdchem.Mol object at 0x000001F2C839C7B0>
COc1cc([C@@H]2C(=O)N(c3ccc(O)cc3)[C@H]2c2ccc(O)cc2)cc(OC)c1OC,1470.0,<rdkit.Chem.rdchem.Mol object at 0x000001F2C839C820>
COc1cc([C@@H]2C(=O)c3ccc(O)cc3O[C@@H]2c2ccc(OCCN3CCCCC3)cc2)ccc1O,413.0,<rdkit.Chem.rdchem.Mol object at 0x000001F2C839C890>
COc1cc([C@H](O)[C@H]2CCCC3=Cc4c(cnn4-c4ccc(F)cc4)C[C@@]32C)cc(F)c1F,5000.0,<rdkit.Chem.rdchem.Mol object at 0x000001F2C839C900>
COc1cc([C@H]2[C@H](c3ccc(O)cc3)C(=O)N2c2ccc(O)cc2)cc(OC)c1OC,18000.0,<rdkit.Chem.rdchem.Mol object at 0x000001F2C839C970>
COc1cc2[nH]c(=S)n(CCCC(=O)N3CCN(c4cccc(Cl)c4)CC3)c(=O)c2cc1OC,2360.0,<rdkit.Chem.rdchem.Mol object at 0x000001F2C839C9E0>
COc1cc2[nH]ncc2c2c1[C@@H](c1ccc(NC3CN(CCCF)C3)cn1)N(CC(F)(F)F)[C@H](C)C2,251.851,<rdkit.Chem.rdchem.Mol object at 0x000001F2C839CA50>
COc1cc2c(=O)oc3c(C)c(O)ccc3c2cc1Br,10000.0,<rdkit.Chem.rdchem.Mol object at 0x000001F2C839CAC0>
COc1cc2c(cc1C=O)[C@H]1CC[C@]3(C)[C@@H](OC(C)=O)CC[C@H]3[C@@H]1CC2,64908.26,<rdkit.Chem.rdchem.Mol object at 0x000001F2C839CB30>
COc1cc2c(cc1O)CC[C@@H]1[C@@H]2CC[C@]2(C)C(=O)CCC[C@@H]12,6200.0,<rdkit.Chem.rdchem.Mol object at 0x000001F2C839CBA0>
COc1cc2c(cc1O)CC[C@@H]1[C@@H]2CC[C@]2(C)C(=O)CC[C@@H]12,11000.0,<rdkit.Chem.rdchem.Mol object at 0x000001F2C839CC10>
COc1cc2cc(C(c3nnnn3C3CCCC3)N3CCc4ccccc43)c(O)nc2cc1OC,21924.56,<rdkit.Chem.rdchem.Mol object at 0x000001F2C839CC80>
COc1cc2oc(-c3ccc(O)cc3O)cc2cc1O,46.0,<rdkit.Chem.rdchem.Mol object at 0x000001F2C839CCF0>
COc1ccc(-c2c(C)c3cc(O)ccc3n2Cc2ccc(OCCN3CCCCC3)cc2)cc1,300.0,<rdkit.Chem.rdchem.Mol object at 0x000001F2C839CD60>
COc1ccc(-c2c(C)c3cc(OC)ccc3n2Cc2ccc(OCCN3CCCCC3)cc2)cc1,600.0,<rdkit.Chem.rdchem.Mol object at 0x000001F2C839CDD0>
COc1ccc(-c2c(C)c3cc(OC)ccc3n2Cc2ccc(OCCN3CCCCCC3)cc2)cc1,520.0,<rdkit.Chem.rdchem.Mol object at 0x000001F2C839CE40>
COc1ccc(-c2c(Cc3ccc(/C=C/C(=O)O)cc3)c3ccc(O)cc3oc2=O)cc1,176.9,<rdkit.Chem.rdchem.Mol object at 0x000001F2C839CEB0>
COc1ccc(-c2c(Nc3ccc(OCCN4CCCCC4)cc3)c3ccc(O)cc3oc2=O)cc1,6640.0,<rdkit.Chem.rdchem.Mol object at 0x000001F2C839CF20>
COc1ccc(-c2c(Oc3ccc(OCCN(C)C)cc3)c3ccc(OC)cc3oc2=O)cc1,10000.0,<rdkit.Chem.rdchem.Mol object at 0x000001F2C839CF90>
COc1ccc(-c2c(Oc3ccc(OCCN4CCCC4)cc3)c3ccc(OC)cc3oc2=O)cc1,10000.0,<rdkit.Chem.rdchem.Mol object at 0x000001F2C839D000>
COc1ccc(-c2c(Oc3ccc(OCCN4CCCCC4)cc3)c3ccc(OC)cc3oc2=O)cc1,9420.0,<rdkit.Chem.rdchem.Mol object at 0x000001F2C839D070>
COc1ccc(-c2cc(-c3cccs3)c(C#N)c(SCC(=O)NCc3ccco3)n2)cc1,50000.0,<rdkit.Chem.rdchem.Mol object at 0x000001F2C839D0E0>
COc1ccc(-c2cc(C(F)(F)F)n3ncc(C(=O)NCc4ccco4)c3n2)cc1,50000.0,<rdkit.Chem.rdchem.Mol object at 0x000001F2C839D150>
COc1ccc(-c2cc3cc(OC)ccc3nc2Nc2ccc(NC(=O)CN3CCN(C)CC3)cc2)cc1,1780.0,<rdkit.Chem.rdchem.Mol object at 0x000001F2C839D1C0>
COc1ccc(-c2cc3ccc(OC)cc3nc2Nc2ccc(NC(=O)CN3CCN(C)CC3)cc2)cc1,2330.0,<rdkit.Chem.rdchem.Mol object at 0x000001F2C839D230>
COc1ccc(-c2nc(C(N)=O)c3nc(O)n(-c4cccc(Cl)c4)c3n2)cc1OC,6261.99,<rdkit.Chem.rdchem.Mol object at 0x000001F2C839D2A0>
COc1ccc(-c2nc(Cl)c(-c3ccccc3)c(Oc3ccc(OCCN4CCCC4)cc3)n2)cc1,2170.0,<rdkit.Chem.rdchem.Mol object at 0x000001F2C839D310>
COc1ccc(-c2nc(Cl)cc(Nc3ccc(NC(=O)CN4CCCC4)cc3)n2)cc1,2860.0,<rdkit.Chem.rdchem.Mol object at 0x000001F2C839D380>
COc1ccc(-c2nc(Cl)cc(Oc3ccc(OCCN(C)C)cc3)n2)cc1,5960.0,<rdkit.Chem.rdchem.Mol object at 0x000001F2C839D3F0>
COc1ccc(-c2nc(Cl)cc(Oc3ccc(OCCN4CCCC4)cc3)n2)cc1,6220.0,<rdkit.Chem.rdchem.Mol object at 0x000001F2C839D460>
COc1ccc(-c2nn(C)c(=O)c3ccccc23)cc1NC(=O)Cn1nc(C)c2ccccc2c1=O,50000.0,<rdkit.Chem.rdchem.Mol object at 0x000001F2C839D4D0>
COc1ccc(-c2nnc(-c3cc4c(ccc5ccccc54)oc3=O)o2)cc1,20039.24,<rdkit.Chem.rdchem.Mol object at 0x000001F2C839D540>
COc1ccc(-c2nnc(SC/C(O)=C(/C#N)C(C)=N)o2)cc1,30035.9,<rdkit.Chem.rdchem.Mol object at 0x000001F2C839D5B0>
COc1ccc(-c2sc3cc(O)ccc3c2Oc2ccc(/C=C/C(=O)O)cc2)c(C(C)C)c1,391.5,<rdkit.Chem.rdchem.Mol object at 0x000001F2C839D620>
COc1ccc(-c2sc3cc(O)ccc3c2Oc2ccc(/C=C/C(=O)O)cc2)c(C(F)(F)F)n1,23.0,<rdkit.Chem.rdchem.Mol object at 0x000001F2C839D690>
COc1ccc(-c2sc3cc(O)ccc3c2Oc2ccc(/C=C/C(=O)O)cc2)c(C)n1,297.0,<rdkit.Chem.rdchem.Mol object at 0x000001F2C839D700>
COc1ccc(-c2sc3cc(O)ccc3c2Oc2ccc(/C=C/C(=O)O)cc2)cc1,647.0,<rdkit.Chem.rdchem.Mol object at 0x000001F2C839D770>
COc1ccc(-c2sc3cc(O)ccc3c2Oc2ccc(OCCN3CCCCC3)cc2)cc1,31.75,<rdkit.Chem.rdchem.Mol object at 0x000001F2C839D7E0>
COc1ccc(-n2c(SCC(=O)Nc3ccc4c(c3)OCO4)nnc2C(C)N2CCCCC2)cc1,50000.0,<rdkit.Chem.rdchem.Mol object at 0x000001F2C839D850>
COc1ccc(-n2c(SCC(=O)Nc3nccs3)nc3sc4c(c3c2=O)CCN(C)C4)cc1,8475.25,<rdkit.Chem.rdchem.Mol object at 0x000001F2C839D8C0>
COc1ccc(-n2nc(C(=O)Nc3ccc(OC)c(OC)c3)c3c4ccccc4n(C)c3c2=O)cc1,50000.0,<rdkit.Chem.rdchem.Mol object at 0x000001F2C839D930>
COc1ccc(/C=C(/C(=O)N(C)CCCCCCCCCCCCn2c(-c3ccc(O)cc3)c(C)c3cc(O)ccc32)c2cc(OC)c(OC)c(OC)c2)cc1O,574.0,<rdkit.Chem.rdchem.Mol object at 0x000001F2C839D9A0>
COc1ccc(/C=C/C(O)=C2\C(=O)N(C)C3(C)CC2c2ccccc2O3)cc1,50000.0,<rdkit.Chem.rdchem.Mol object at 0x000001F2C839DA10>
COc1ccc(/C=C\c2cc(OC)c(OC)c(OC)c2)cc1OC(=O)N(C)CCOc1ccc(C(=C2CCC(C)CC2)c2ccc(O)cc2)cc1,15.0,<rdkit.Chem.rdchem.Mol object at 0x000001F2C839DA80>
COc1ccc(Br)cc1CNC(=O)C1CCCN(c2nc3ccccc3o2)C1,50000.0,<rdkit.Chem.rdchem.Mol object at 0x000001F2C839DAF0>
COc1ccc(C(=O)CSc2nnc(C3CCCCC3)n2N)c(OC)c1,50000.0,<rdkit.Chem.rdchem.Mol object at 0x000001F2C839DB60>
COc1ccc(C)cc1-n1nnnc1SCC(=O)NC(=O)NCc1ccco1,9477.83,<rdkit.Chem.rdchem.Mol object at 0x000001F2C839DBD0>
COc1ccc(C2=C(c3ccc(O[C@H]4CCN(CCCF)C4)cc3)c3ccc(C(=O)O)cc3CCC2)c(C)c1,72.0,<rdkit.Chem.rdchem.Mol object at 0x000001F2C839DC40>
COc1ccc(C2=C(c3ccc(O[C@H]4CCN(CCCF)C4)cc3)c3ccc(O)cc3CCC2)c(C#N)c1,34.0,<rdkit.Chem.rdchem.Mol object at 0x000001F2C839DCB0>
COc1ccc(C2=C(c3ccc(O[C@H]4CCN(CCCF)C4)cc3)c3ccc(O)cc3CCC2)c(C(F)(F)F)c1,25.0,<rdkit.Chem.rdchem.Mol object at 0x000001F2C839DD20>
COc1ccc(C2=C(c3ccc(O[C@H]4CCN(CCCF)C4)cc3)c3ccc(O)cc3CCC2)c(C)c1,12.0,<rdkit.Chem.rdchem.Mol object at 0x000001F2C839DD90>
COc1ccc(C2=C(c3ccc(O[C@H]4CCN(CCCF)C4)cc3)c3ccc(O)cc3CCC2)c(C)n1,78.0,<rdkit.Chem.rdchem.Mol object at 0x000001F2C839DE00>
COc1ccc(C2=C(c3ccc(O[C@H]4CCN(CCCF)C4)cc3)c3ccc(O)cc3CCC2)c(Cl)c1,8.0,<rdkit.Chem.rdchem.Mol object at 0x000001F2C839DE70>
COc1ccc(C2=C(c3ccc(O[C@H]4CCN(CCCF)C4)cc3)c3ccc(O)cc3CCC2)c(F)c1,2.0,<rdkit.Chem.rdchem.Mol object at 0x000001F2C839DEE0>
COc1ccc(C2=C(c3ccc(O[C@H]4CCN(CCCF)C4)cc3)c3ccc(O)cc3CCC2)c(F)c1F,24.0,<rdkit.Chem.rdchem.Mol object at 0x000001F2C839DF50>
COc1ccc(C2=C(c3ccc(O[C@H]4CCN(CCCF)C4)cc3)c3ccc(O)cc3CCC2)c(F)n1,17.0,<rdkit.Chem.rdchem.Mol object at 0x000001F2C839DFC0>
COc1ccc(C2=C(c3ccc(O[C@H]4CCN(CCCF)C4)cc3)c3ccc(O)cc3CCC2)c(OC)c1,88.0,<rdkit.Chem.rdchem.Mol object at 0x000001F2C839E030>
COc1ccc(C2=C(c3ccc(O[C@H]4CCN(CCCF)C4)cc3)c3ccc(O)cc3CCC2)cc1,23.0,<rdkit.Chem.rdchem.Mol object at 0x000001F2C839E0A0>
COc1ccc(C2=C(c3ccc(O[C@H]4CCN(CCCF)C4)cc3)c3ccc(O)cc3CCC2)cc1F,67.0,<rdkit.Chem.rdchem.Mol object at 0x000001F2C839E110>
COc1ccc(C2=C(c3ccc(O[C@H]4CCN(CCCF)C4)cc3)c3ccc(O)cc3CCC2)cn1,19.0,<rdkit.Chem.rdchem.Mol object at 0x000001F2C839E180>
COc1ccc(C2C=C(c3ccc(Cl)cc3)Nc3nc(NC(C)=O)nn32)cc1,21884.48,<rdkit.Chem.rdchem.Mol object at 0x000001F2C839E1F0>
COc1ccc(C2CC(c3c(O)nc4ccc(Cl)cc4c3-c3ccccc3)=NN2S(C)(=O)=O)cc1OC,12439.15,<rdkit.Chem.rdchem.Mol object at 0x000001F2C839E260>
COc1ccc(C2Sc3cc(O)ccc3OC2c2ccc(OCCN3CCCCC3)cc2)cc1,41.1,<rdkit.Chem.rdchem.Mol object at 0x000001F2C839E2D0>
COc1ccc(CCCc2ccc(O)cc2)c(O)c1,8100.0,<rdkit.Chem.rdchem.Mol object at 0x000001F2C839E340>
COc1ccc(CNC(=O)c2cc(-c3cccs3)on2)cc1,27729.62,<rdkit.Chem.rdchem.Mol object at 0x000001F2C839E3B0>
COc1ccc(Cc2nc3cc(S(=O)(=O)N4CCOCC4)ccc3[nH]2)cc1,50000.0,<rdkit.Chem.rdchem.Mol object at 0x000001F2C839E420>
COc1ccc(Cl)cc1NC(=O)c1oc(C)nc1C,50000.0,<rdkit.Chem.rdchem.Mol object at 0x000001F2C839E490>
COc1ccc(Cl)cc1NC(=O)c1ocnc1C,24949.8,<rdkit.Chem.rdchem.Mol object at 0x000001F2C839E500>
COc1ccc(Cn2c(=O)[nH]c3cc(C(=O)NCc4ccc5c(c4)OCO5)ccc3c2=O)cc1,18879.08,<rdkit.Chem.rdchem.Mol object at 0x000001F2C839E570>
COc1ccc(Cn2c(N)c(C(=O)NCc3ccco3)c3nc4ccccc4nc32)cc1,17299.71,<rdkit.Chem.rdchem.Mol object at 0x000001F2C839E5E0>
COc1ccc(F)cc1-c1ccc2c(c1)C(CSCCc1ccccc1)=CC(C)(C)N2,2000.0,<rdkit.Chem.rdchem.Mol object at 0x000001F2C839E650>
COc1ccc(N(CN2C(=O)C3C4C=CC(C4)C3C2=O)C(=O)c2ccco2)cc1,50000.0,<rdkit.Chem.rdchem.Mol object at 0x000001F2C839E6C0>
COc1ccc(N2C(=O)c3ccc(O)cc3C2=O)c(OC)c1,2470.0,<rdkit.Chem.rdchem.Mol object at 0x000001F2C839E730>
COc1ccc(N2C(=O)c3ccc(O)cc3C2=O)c([N+](=O)[O-])c1,5000.0,<rdkit.Chem.rdchem.Mol object at 0x000001F2C839E7A0>
COc1ccc(N2C(=O)c3ccc(O)cc3C2=O)cc1,3300.0,<rdkit.Chem.rdchem.Mol object at 0x000001F2C839E810>
COc1ccc(N2CCN(C(=O)CCCn3c(=S)[nH]c4ccccc4c3=O)CC2)cc1,50000.0,<rdkit.Chem.rdchem.Mol object at 0x000001F2C839E880>
COc1ccc(N2Cc3cccc(C(=O)N4CCN(C(=O)c5ccco5)CC4)c3C2=O)cc1,9795.21,<rdkit.Chem.rdchem.Mol object at 0x000001F2C839E8F0>
COc1ccc(N2Cc3cccc(C(=O)O)c3C2=O)cc1,11982.99,<rdkit.Chem.rdchem.Mol object at 0x000001F2C839E960>
COc1ccc(NC(=O)c2ccco2)cc1N,36096.23,<rdkit.Chem.rdchem.Mol object at 0x000001F2C839E9D0>
COc1ccc(NC2=NC(=O)S/C2=C\c2ccc(N(C)C)cc2)cc1,33330.16,<rdkit.Chem.rdchem.Mol object at 0x000001F2C839EA40>
COc1ccc(NCCNCCCF)c(F)c1[C@@H]1c2[nH]c3ccccc3c2C[C@@H](C)N1CC(F)(F)F,0.65,<rdkit.Chem.rdchem.Mol object at 0x000001F2C839EAB0>
COc1ccc(NCCNCCCF)cc1[C@@H]1c2[nH]c3ccccc3c2C[C@@H](C)N1CC(F)(F)F,7.9,<rdkit.Chem.rdchem.Mol object at 0x000001F2C839EB20>
COc1ccc(NCCNCCCF)nc1[C@@H]1c2[nH]c3ccccc3c2C[C@@H](C)N1CC(F)(F)F,82.0,<rdkit.Chem.rdchem.Mol object at 0x000001F2C839EB90>
COc1ccc(OC)c(/C=N/c2oc(-c3ccco3)c(-c3ccco3)c2C#N)c1,16276.25,<rdkit.Chem.rdchem.Mol object at 0x000001F2C839EC00>
COc1ccc(OC)c(N2C(=O)[C@@H]3C(c4ccccc4Cl)=NO[C@@H]3C2=O)c1,9784.89,<rdkit.Chem.rdchem.Mol object at 0x000001F2C839EC70>
COc1ccc(OC)c(NC(=O)c2cc(-c3ccc(C)cc3O)[nH]n2)c1,22118.11,<rdkit.Chem.rdchem.Mol object at 0x000001F2C839ECE0>
COc1ccc(OCCC(=O)OCC(=O)NCc2ccco2)cc1,33316.3,<rdkit.Chem.rdchem.Mol object at 0x000001F2C839ED50>
COc1ccc(OCCNCCC(F)(F)F)cc1[C@@H]1c2[nH]c3ccccc3c2C[C@@H](C)N1CC(F)(F)F,1.4,<rdkit.Chem.rdchem.Mol object at 0x000001F2C839EDC0>
COc1ccc(OCCNCCCF)c(C)c1[C@@H]1c2[nH]c3ccccc3c2C[C@@H](C)N1CC(F)(F)F,0.85,<rdkit.Chem.rdchem.Mol object at 0x000001F2C839EE30>
COc1ccc(OCCNCCCF)c(F)c1[C@@H]1c2[nH]c3ccc(F)cc3c2C[C@@H](C)N1CC(F)(F)CO,0.86,<rdkit.Chem.rdchem.Mol object at 0x000001F2C839EEA0>
COc1ccc(OCCNCCCF)c(F)c1[C@@H]1c2[nH]c3ccccc3c2C[C@@H](C)N1CC(F)(F)CO,110.0,<rdkit.Chem.rdchem.Mol object at 0x000001F2C839EF10>
COc1ccc(OCCNCCCF)c(F)c1[C@@H]1c2[nH]c3ccccc3c2C[C@@H](C)N1CC(F)(F)F,1.2,<rdkit.Chem.rdchem.Mol object at 0x000001F2C839EF80>
COc1ccc(OCCNCCCF)c(F)c1[C@@H]1c2[nH]c3ccccc3c2C[C@@H](C)N1CC(F)F,0.8,<rdkit.Chem.rdchem.Mol object at 0x000001F2C839EFF0>
COc1ccc(OCCNCCCF)c(F)c1[C@@H]1c2[nH]c3ccccc3c2C[C@@H](C)N1CC1(F)CC1,1.7,<rdkit.Chem.rdchem.Mol object at 0x000001F2C839F060>
COc1ccc(OCCNCCCF)c(F)c1[C@@H]1c2[nH]c3ccccc3c2C[C@@H](C)N1CC1(F)COC1,0.94,<rdkit.Chem.rdchem.Mol object at 0x000001F2C839F0D0>
COc1ccc(OCCNCCCF)cc1[C@@H]1c2[nH]c3ccc(F)cc3c2C[C@@H](C)N1CC(F)(F)CO,1.0,<rdkit.Chem.rdchem.Mol object at 0x000001F2C839F140>
COc1ccc(OCCNCCCF)cc1[C@@H]1c2[nH]c3ccccc3c2C[C@@H](C)N1CC(F)(F)CO,1.3295,<rdkit.Chem.rdchem.Mol object at 0x000001F2C839F1B0>
COc1ccc(OCCNCCCF)cc1[C@@H]1c2[nH]c3ccccc3c2C[C@@H](C)N1CC(F)(F)F,1.5,<rdkit.Chem.rdchem.Mol object at 0x000001F2C839F220>
COc1ccc(OCCNCCCF)cc1[C@@H]1c2[nH]c3ccccc3c2C[C@@H](C)N1CC(F)F,2.0475000000000003,<rdkit.Chem.rdchem.Mol object at 0x000001F2C839F290>
COc1ccc(OCCNCCCF)cc1[C@@H]1c2[nH]c3ccccc3c2C[C@@H](C)N1CC1(F)CC1,0.58,<rdkit.Chem.rdchem.Mol object at 0x000001F2C839F300>
COc1ccc(OCCNCCCF)cc1[C@@H]1c2[nH]c3ccccc3c2C[C@@H](C)N1CC1(F)COC1,2.2975000000000003,<rdkit.Chem.rdchem.Mol object at 0x000001F2C839F370>
COc1ccc(OCCNCCCF)cc1[C@@H]1c2[nH]c3ccccc3c2C[C@@H](C)N1C[C@H](C)C(=O)O,150.0,<rdkit.Chem.rdchem.Mol object at 0x000001F2C839F3E0>
COc1ccc(OCCNCCCF)nc1[C@@H]1c2[nH]c3ccccc3c2C[C@@H](C)N1CC(F)(F)F,39.0,<rdkit.Chem.rdchem.Mol object at 0x000001F2C839F450>
COc1ccc(OC[C@@H](C)NCCCF)cc1[C@@H]1c2[nH]c3ccccc3c2C[C@@H](C)N1CC(F)(F)CO,1.0,<rdkit.Chem.rdchem.Mol object at 0x000001F2C839F4C0>
COc1ccc(OC[C@H](C)NCCCF)cc1[C@@H]1c2[nH]c3ccccc3c2C[C@@H](C)N1CC(F)(F)CO,1.2,<rdkit.Chem.rdchem.Mol object at 0x000001F2C839F530>
COc1ccc(OS(=O)(=O)C2CC3OC2C(c2ccc(NC(=O)CCCCCCC(=O)O)cc2)=C3c2ccc(O)cc2)cc1,115600.0,<rdkit.Chem.rdchem.Mol object at 0x000001F2C839F5A0>
COc1ccc(O[C@@H](C)CNCCCF)cc1[C@@H]1c2[nH]c3ccccc3c2C[C@@H](C)N1CC(F)(F)CO,4.4,<rdkit.Chem.rdchem.Mol object at 0x000001F2C839F610>
COc1ccc(O[C@H](C)CNCCCF)cc1[C@@H]1c2[nH]c3ccccc3c2C[C@@H](C)N1CC(F)(F)CO,2.5,<rdkit.Chem.rdchem.Mol object at 0x000001F2C839F680>
COc1ccc(S(=O)(=O)Nc2ccc3cc[nH]c3c2)cc1,7.53,<rdkit.Chem.rdchem.Mol object at 0x000001F2C839F6F0>
COc1ccc([C@@H](Oc2ccc3c(cnn3-c3ccc(F)cc3)c2)[C@H](C)NC(=O)C2CC2)cn1,10000.0,<rdkit.Chem.rdchem.Mol object at 0x000001F2C839F760>
COc1ccc([C@H]2[C@H](C(O)c3ccc(O)cc3)C(=O)N2c2cc(OC)c(OC)c(OC)c2)cc1,8.0,<rdkit.Chem.rdchem.Mol object at 0x000001F2C839F7D0>
COc1ccc2[nH]c3c(c2c1)CCn1c-3nc2ccccc2c1=O,17183.79,<rdkit.Chem.rdchem.Mol object at 0x000001F2C839F840>
COc1ccc2[nH]c3nc(SCc4nnc(-c5ccc(C)cc5)o4)nnc3c2c1,6840.09,<rdkit.Chem.rdchem.Mol object at 0x000001F2C839F8B0>
COc1ccc2c(Cc3ccc(/C=C/C(=O)O)cc3)c(-c3ccc(OC(F)(F)F)cc3)c(=O)oc2c1,2350.0,<rdkit.Chem.rdchem.Mol object at 0x000001F2C839F920>
COc1ccc2c(Nc3ccc(OCCN(C)C)cc3)c(-c3ccc(F)cc3)c(=O)oc2c1,10000.0,<rdkit.Chem.rdchem.Mol object at 0x000001F2C839F990>
COc1ccc2c(Nc3ccc(OCCN4CCCC4)cc3)c(-c3ccc(F)cc3)c(=O)oc2c1,10000.0,<rdkit.Chem.rdchem.Mol object at 0x000001F2C839FA00>
COc1ccc2c(Nc3ccc(OCCN4CCCCC4)cc3)c(-c3ccc(F)cc3)c(=O)oc2c1,7960.0,<rdkit.Chem.rdchem.Mol object at 0x000001F2C839FA70>
COc1ccc2c(Oc3ccc(/C=C/C(=O)OC(C)(C)C)cc3)csc2c1,3400.0,<rdkit.Chem.rdchem.Mol object at 0x000001F2C839FAE0>
COc1ccc2c(Oc3ccc(OCCN(C)C)cc3)c(-c3ccc(F)cc3)c(=O)oc2c1,8960.0,<rdkit.Chem.rdchem.Mol object at 0x000001F2C839FB50>
COc1ccc2c(Oc3ccc(OCCN4CCCC4)cc3)c(-c3ccc(F)cc3)c(=O)oc2c1,10000.0,<rdkit.Chem.rdchem.Mol object at 0x000001F2C839FBC0>
COc1ccc2c(Oc3ccc(OCCN4CCCCC4)cc3)c(-c3ccc(F)cc3)c(=O)oc2c1,6870.0,<rdkit.Chem.rdchem.Mol object at 0x000001F2C839FC30>
COc1ccc2c(c1)C(=O)c1c-2n(-c2ccc(OCCCN(C)C)cc2)c(=O)c2cc(OC)ccc12,39400.0,<rdkit.Chem.rdchem.Mol object at 0x000001F2C839FCA0>
COc1ccc2c(c1)C(=O)c1c-2n(-c2ccc(OCCCN3CCCC3)cc2)c(=O)c2cc(OC)ccc12,40300.0,<rdkit.Chem.rdchem.Mol object at 0x000001F2C839FD10>
COc1ccc2c(c1)C(=O)c1c-2n(-c2ccc(OCCCN3CCCCC3)cc2)c(=O)c2cc(OC)ccc12,38300.0,<rdkit.Chem.rdchem.Mol object at 0x000001F2C839FD80>
COc1ccc2c(c1)C(=O)c1c-2n(-c2ccc(OCCCN3CCN(C)CC3)cc2)c(=O)c2cc(OC)ccc12,35200.0,<rdkit.Chem.rdchem.Mol object at 0x000001F2C839FDF0>
COc1ccc2c(c1)C(=O)c1c-2n(-c2ccc(OCCCN3CCOCC3)cc2)c(=O)c2cc(OC)ccc12,100000.0,<rdkit.Chem.rdchem.Mol object at 0x000001F2C839FE60>
COc1ccc2c(c1)C(=O)c1c-2n(-c2ccc(OCCN(C)C)cc2)c(=O)c2cc(OC)ccc12,24400.0,<rdkit.Chem.rdchem.Mol object at 0x000001F2C839FED0>
COc1ccc2c(c1)C(=O)c1c-2n(-c2ccc(OCCN3CCCC3)cc2)c(=O)c2cc(OC)ccc12,17700.0,<rdkit.Chem.rdchem.Mol object at 0x000001F2C839FF40>
COc1ccc2c(c1)C(=O)c1c-2n(-c2ccc(OCCN3CCCCC3)cc2)c(=O)c2cc(OC)ccc12,24900.0,<rdkit.Chem.rdchem.Mol object at 0x000001F2C8398040>
COc1ccc2c(c1)C(=O)c1c-2n(-c2ccc(OCCN3CCN(C)CC3)cc2)c(=O)c2cc(OC)ccc12,23300.0,<rdkit.Chem.rdchem.Mol object at 0x000001F2C83980B0>
COc1ccc2c(c1)C(=O)c1c-2n(-c2ccc(OCCN3CCOCC3)cc2)c(=O)c2cc(OC)ccc12,100000.0,<rdkit.Chem.rdchem.Mol object at 0x000001F2C8398120>
COc1ccc2c(c1)C(Br)=C(c1ccc(O)cc1)C2=O,1800.0,<rdkit.Chem.rdchem.Mol object at 0x000001F2C8398190>
COc1ccc2c(c1)C(C)=C(c1ccc(F)cc1)[C@H](c1ccc(OCCN3CC(CF)C3)cc1)O2,15.0,<rdkit.Chem.rdchem.Mol object at 0x000001F2C8398200>
COc1ccc2c(c1)CC/C(=C\c1ccc(OC)c(Cn3nc(C)cc3C)c1)C2=O,50000.0,<rdkit.Chem.rdchem.Mol object at 0x000001F2C8398270>
COc1ccc2c(c1)CC[C@@H]1[C@@H]2CC[C@]2(C)[C@@H](OC(C)=O)CC[C@@H]12,64908.26,<rdkit.Chem.rdchem.Mol object at 0x000001F2C83982E0>
COc1ccc2c(c1)CO[C@H](c1ccccc1)[C@@H]2c1ccc(OCCN2CCCC2)cc1,39.0,<rdkit.Chem.rdchem.Mol object at 0x000001F2C8398350>
COc1ccc2c(c1)CS[C@H](c1ccccc1)[C@@H]2c1ccc(OCCN2CCCC2)cc1,13.0,<rdkit.Chem.rdchem.Mol object at 0x000001F2C83983C0>
COc1ccc2c(c1)C[C@@H](C)N(CC(C)C)[C@@H]2c1ccc(/C=C/C(=O)O)cc1,275.0,<rdkit.Chem.rdchem.Mol object at 0x000001F2C8398430>
COc1ccc2c(c1)OCCC(c1ccc(O)cc1)=C2c1ccc(/C=C/C(=O)O)cc1,23.0,<rdkit.Chem.rdchem.Mol object at 0x000001F2C83984A0>
COc1ccc2c(c1)OCCC(c1ccc(O)cc1)=C2c1ccc(OCC(=O)O)cc1,429.0,<rdkit.Chem.rdchem.Mol object at 0x000001F2C8398510>
COc1ccc2c(c1)OCCC(c1ccc(O)cc1)=C2c1ccc(OCCN2CCC2)cc1,6.7,<rdkit.Chem.rdchem.Mol object at 0x000001F2C8398580>
COc1ccc2c(c1)OCCC(c1ccc(O)cc1)=C2c1ccc(OCCN2CCCC2)cc1,10.3,<rdkit.Chem.rdchem.Mol object at 0x000001F2C83985F0>
COc1ccc2c(c1)OCCC1=C2[C@@H](c2ccc(OCCN3CCCCC3)cc2)Oc2cc(O)ccc21,5.8,<rdkit.Chem.rdchem.Mol object at 0x000001F2C8398660>
COc1ccc2c(c1)OCCC1=C2[C@H](c2ccc(OCCN3CCCCC3)cc2)Oc2cc(O)ccc21,4.2,<rdkit.Chem.rdchem.Mol object at 0x000001F2C83986D0>
COc1ccc2c(c1)OC[C@]1(O)c3cc4c(cc3O[C@H]21)OCO4,5000000.0,<rdkit.Chem.rdchem.Mol object at 0x000001F2C8398740>
COc1ccc2c(c1)O[C@@H](c1ccc(OCCN3CCCCC3)cc1)C1=C2CCOc2cc(O)ccc21,6.3,<rdkit.Chem.rdchem.Mol object at 0x000001F2C83987B0>
COc1ccc2c(c1)O[C@@H](c1ccc(OCCN3CCCCC3)cc1)C1=C2CCOc2cc(OC)ccc21,10000.0,<rdkit.Chem.rdchem.Mol object at 0x000001F2C8398820>
COc1ccc2c(c1)O[C@H](c1ccc(OCCN3CCCCC3)cc1)C1=C2CCOc2cc(O)ccc21,9.0,<rdkit.Chem.rdchem.Mol object at 0x000001F2C8398890>
COc1ccc2c(c1)O[C@H](c1ccc(OCCN3CCCCC3)cc1)C1=C2CCOc2cc(OC)ccc21,64.0,<rdkit.Chem.rdchem.Mol object at 0x000001F2C8398900>
COc1ccc2c(c1)c(=O)oc1c(C)c(O)ccc12,10000.0,<rdkit.Chem.rdchem.Mol object at 0x000001F2C8398970>
COc1ccc2c(c1)c(=O)oc1cc(OCC(=O)N3CCC(C)CC3)ccc12,11679.9,<rdkit.Chem.rdchem.Mol object at 0x000001F2C83989E0>
COc1ccc2c(c1)c(=O)oc1cc(OCC(=O)NC3CCCCC3)ccc12,17894.9,<rdkit.Chem.rdchem.Mol object at 0x000001F2C8398A50>
COc1ccc2c(c1)c(=O)oc1cc3oc(C)c(C)c3cc12,6904.21,<rdkit.Chem.rdchem.Mol object at 0x000001F2C8398AC0>
COc1ccc2c(c1)c(C)c(-c1ccc(O)cc1)n2Cc1ccc(OCCN2CCCCC2)cc1,350.0,<rdkit.Chem.rdchem.Mol object at 0x000001F2C8398B30>
COc1ccc2c(c1C)c(=O)oc1c(C)c(O)ccc12,1000.0,<rdkit.Chem.rdchem.Mol object at 0x000001F2C8398BA0>
COc1ccc2cc(CCC(C)=O)ccc2c1,50000.0,<rdkit.Chem.rdchem.Mol object at 0x000001F2C8398C10>
COc1ccc2cc3c(N)nn(C(=O)Cc4ccc(Cl)cc4)c3nc2c1,24783.3,<rdkit.Chem.rdchem.Mol object at 0x000001F2C8398C80>
COc1ccc2nc3oc(C(=O)N4CCN(c5cccc(C(F)(F)F)c5)CC4)cc3cc2c1,15445.3,<rdkit.Chem.rdchem.Mol object at 0x000001F2C8398CF0>
COc1cccc(-c2c(C)c3cc(O)ccc3n2Cc2ccc(OCCN3CCCCC3)cc2)c1,120.0,<rdkit.Chem.rdchem.Mol object at 0x000001F2C8398D60>
COc1cccc(-c2c(Cc3ccc(/C=C/C(=O)O)cc3)c3ccc(O)cc3oc2=O)c1,2840.5,<rdkit.Chem.rdchem.Mol object at 0x000001F2C8398DD0>
COc1cccc(-c2nnc(NC(=O)Cc3cccs3)s2)c1,19078.24,<rdkit.Chem.rdchem.Mol object at 0x000001F2C8398E40>
COc1cccc(/C=C2\N=C(c3c(-c4ccccc4)noc3C)OC2=O)c1OC,50000.0,<rdkit.Chem.rdchem.Mol object at 0x000001F2C8398EB0>
COc1cccc(C2=C(c3ccc(O[C@H]4CCN(CCCF)C4)cc3)c3ccc(O)cc3CCC2)c1,13.0,<rdkit.Chem.rdchem.Mol object at 0x000001F2C8398F20>
COc1cccc(COc2ccc3c4c(c(=O)oc3c2)CCC4)c1,1000000.0,<rdkit.Chem.rdchem.Mol object at 0x000001F2C8398F90>
COc1cccc(N(C)S(=O)(=O)C2CC3OC2C(c2ccc(NC(=O)CCCCCCC(=O)O)cc2)=C3c2ccc(O)cc2)c1,5781.0,<rdkit.Chem.rdchem.Mol object at 0x000001F2C8399000>
COc1cccc(OCc2nnc(SCC(=O)NCc3ccco3)n2CCc2ccccc2)c1,50000.0,<rdkit.Chem.rdchem.Mol object at 0x000001F2C8399070>
COc1cccc(OS(=O)(=O)C2CC3OC2C(c2ccc(/C=C/c4cc(O)cc(O)c4)cc2)=C3c2ccc(O)cc2)c1,48.0,<rdkit.Chem.rdchem.Mol object at 0x000001F2C83990E0>
COc1cccc([C@@H](Oc2ccc3c(cnn3-c3ccc(F)cc3)c2)[C@H](C)NC(=O)C(F)(F)F)c1,10000.0,<rdkit.Chem.rdchem.Mol object at 0x000001F2C8399150>
COc1cccc2c1-c1ccc(NS(C)(=O)=O)c(Br)c1C(c1ccccc1)O2,2281.0,<rdkit.Chem.rdchem.Mol object at 0x000001F2C83991C0>
COc1cccc2c1-c1ccc(NS(C)(=O)=O)cc1C(c1ccc(C)cc1)O2,10000.0,<rdkit.Chem.rdchem.Mol object at 0x000001F2C8399230>
COc1cccc2c1-c1ccc(NS(C)(=O)=O)cc1C(c1ccc(F)cc1)O2,10000.0,<rdkit.Chem.rdchem.Mol object at 0x000001F2C83992A0>
COc1cccc2c1-c1ccc(NS(C)(=O)=O)cc1C(c1cccc(Cl)c1)O2,10000.0,<rdkit.Chem.rdchem.Mol object at 0x000001F2C8399310>
COc1cccc2c1-c1ccc(NS(C)(=O)=O)cc1C(c1cccc(F)c1)O2,10000.0,<rdkit.Chem.rdchem.Mol object at 0x000001F2C8399380>
COc1cccc2c1-c1ccc(NS(C)(=O)=O)cc1C(c1ccccc1)O2,10000.0,<rdkit.Chem.rdchem.Mol object at 0x000001F2C83993F0>
COc1cccc2c1-c1ccc(NS(C)(=O)=O)cc1C(c1cccs1)O2,10000.0,<rdkit.Chem.rdchem.Mol object at 0x000001F2C8399460>
COc1cccc2cc(-c3cn4ccc(C)cc4n3)c(=O)oc12,7851.33,<rdkit.Chem.rdchem.Mol object at 0x000001F2C83994D0>
COc1cccc2sc(Nc3nnc(-c4ccc(F)cc4)o3)nc12,24964.54,<rdkit.Chem.rdchem.Mol object at 0x000001F2C8399540>
COc1ccccc1/C=c1\sc2nc(-c3ccco3)nn2c1=O,17505.98,<rdkit.Chem.rdchem.Mol object at 0x000001F2C83995B0>
COc1ccccc1C(=O)Nc1nc(-c2cccs2)c(NC(C)=O)s1,19018.03,<rdkit.Chem.rdchem.Mol object at 0x000001F2C8399620>
COc1ccccc1CNC(=O)c1cc(C(F)(F)F)nn1-c1cccc(CNC(=O)[C@H](C)N)c1,10000.0,<rdkit.Chem.rdchem.Mol object at 0x000001F2C8399690>
COc1ccccc1CNC(=O)c1cc(C(F)(F)F)nn1-c1csc(CNC(=O)[C@H](C)N)c1,10000.0,<rdkit.Chem.rdchem.Mol object at 0x000001F2C8399700>
COc1ccccc1N1CCN(C(=O)c2cc3c(s2)CCC3)CC1,5194.54,<rdkit.Chem.rdchem.Mol object at 0x000001F2C8399770>
COc1ccccc1NC(=O)c1ccccc1NC(=O)c1cc(Cl)ccc1NC(=O)c1ccco1,12511.79,<rdkit.Chem.rdchem.Mol object at 0x000001F2C83997E0>
COc1ccccc1Oc1coc2cc(O)ccc2c1=O,1000000.0,<rdkit.Chem.rdchem.Mol object at 0x000001F2C8399850>
COc1ccccc1[C@H](c1cccc2ccccc12)[C@@](C)(C#N)C(=O)N1CCC(c2cccc(C(F)(F)F)c2)CC1,2430.0,<rdkit.Chem.rdchem.Mol object at 0x000001F2C83998C0>
COc1cnc(NCCNCCCF)cc1[C@@H]1c2[nH]c3ccccc3c2C[C@@H](C)N1CC(F)(F)F,3.7,<rdkit.Chem.rdchem.Mol object at 0x000001F2C8399930>
COc1cnc(OCCNCCCF)cc1[C@@H]1c2[nH]c3ccccc3c2C[C@@H](C)N1CC(F)(F)F,0.62,<rdkit.Chem.rdchem.Mol object at 0x000001F2C83999A0>
COc1nc(C2=NN(c3ccc(C#N)c(C)c3)[C@@H](C3CCCC3)C2)ccc1C(=O)O,10000.0,<rdkit.Chem.rdchem.Mol object at 0x000001F2C8399A10>
COc1nc(NCCNCCCF)ccc1[C@@H]1c2[nH]c3ccccc3c2C[C@@H](C)N1CC(C)(F)F,3.905,<rdkit.Chem.rdchem.Mol object at 0x000001F2C8399A80>
COc1nc(NCCNCCCF)ccc1[C@@H]1c2[nH]c3ccccc3c2C[C@@H](C)N1CC(F)F,1.66,<rdkit.Chem.rdchem.Mol object at 0x000001F2C8399AF0>
COc1nc(OCCN2CC(CF)C2)ccc1[C@@H]1c2ccc3[nH]ncc3c2C[C@@H](C)N1CC1(F)CC1,4.9,<rdkit.Chem.rdchem.Mol object at 0x000001F2C8399B60>
COc1nc(OCCNCCCF)ccc1[C@@H]1c2[nH]c3ccccc3c2C[C@@H](C)N1CC(C)(F)F,1.405,<rdkit.Chem.rdchem.Mol object at 0x000001F2C8399BD0>
COc1nc(OCCNCCCF)ccc1[C@@H]1c2[nH]c3ccccc3c2C[C@@H](C)N1CC(F)F,2.85,<rdkit.Chem.rdchem.Mol object at 0x000001F2C8399C40>
COc1ncc(C2=C(c3ccc(O[C@H]4CCN(CCCF)C4)cc3)c3ccc(O)cc3CCC2)cc1C,163.0,<rdkit.Chem.rdchem.Mol object at 0x000001F2C8399CB0>
COc1ncc(C2=C(c3ccc(O[C@H]4CCN(CCCF)C4)cc3)c3ccc(O)cc3CCC2)cc1Cl,280.0,<rdkit.Chem.rdchem.Mol object at 0x000001F2C8399D20>
COc1ncc(C2=C(c3ccc(O[C@H]4CCN(CCCF)C4)cc3)c3ccc(O)cc3CCC2)cc1F,71.0,<rdkit.Chem.rdchem.Mol object at 0x000001F2C8399D90>
COc1ncc(C2=C(c3ccc(O[C@H]4CCN(CCCF)C4)cc3)c3ccc(O)cc3CCC2)cn1,648.0,<rdkit.Chem.rdchem.Mol object at 0x000001F2C8399E00>
COc1ncc(NCCNCCCF)cc1[C@@H]1c2[nH]c3ccccc3c2C[C@@H](C)N1CC(F)(F)F,12.0,<rdkit.Chem.rdchem.Mol object at 0x000001F2C8399E70>
COc1ncc(OCCNCCCF)cc1[C@@H]1c2[nH]c3ccccc3c2C[C@@H](C)N1CC(F)(F)F,2.6,<rdkit.Chem.rdchem.Mol object at 0x000001F2C8399EE0>
COc1nnc(-c2ccc(C)c(S(=O)(=O)NCCO)c2)c2ccccc12,50000.0,<rdkit.Chem.rdchem.Mol object at 0x000001F2C8399F50>
COc1nnc(OCCNCCCF)cc1[C@@H]1c2[nH]c3ccccc3c2C[C@@H](C)N1CC(F)(F)F,2.0,<rdkit.Chem.rdchem.Mol object at 0x000001F2C8399FC0>
CS(=O)(=O)N(CC(=O)NCc1ccco1)c1ccc2c(c1)OCO2,40119.07,<rdkit.Chem.rdchem.Mol object at 0x000001F2C839A030>
CS(=O)(=O)N1CC(c2ccc(O)cc2)Cc2ccc(O)cc21,32100.0,<rdkit.Chem.rdchem.Mol object at 0x000001F2C839A0A0>
CS(=O)(=O)Nc1ccc2c(c1)C(c1ccccc1)Oc1cccc(OC(F)F)c1-2,10000.0,<rdkit.Chem.rdchem.Mol object at 0x000001F2C839A110>
CS(=O)(=O)c1ccc(-c2sc3cc(O)ccc3c2Oc2ccc(OCCN3CCCCC3)cc2)cc1,27.0,<rdkit.Chem.rdchem.Mol object at 0x000001F2C839A180>
CS(=O)(=O)c1ccc(C(CCCCO)=C(c2ccc(F)cc2)c2ccc(F)cc2)cc1,5000.0,<rdkit.Chem.rdchem.Mol object at 0x000001F2C839A1F0>
CS(=O)(=O)c1ccc(C(CCCCO)=C(c2ccccc2)c2ccccc2)cc1,5000.0,<rdkit.Chem.rdchem.Mol object at 0x000001F2C839A260>
CS(=O)(=O)c1ccc(C(CCCCO[N+](=O)[O-])=C(c2ccc(F)cc2)c2ccc(F)cc2)cc1,5000.0,<rdkit.Chem.rdchem.Mol object at 0x000001F2C839A2D0>
CS(=O)(=O)c1ccc(C(CCCCO[N+](=O)[O-])=C(c2ccccc2)c2ccccc2)cc1,5000.0,<rdkit.Chem.rdchem.Mol object at 0x000001F2C839A340>
CS(=O)(=O)c1ccc(C(CCCO)=C(c2ccc(F)cc2)c2ccc(F)cc2)cc1,5000.0,<rdkit.Chem.rdchem.Mol object at 0x000001F2C839A3B0>
CS(=O)(=O)c1ccc(C(CCCO)=C(c2ccccc2)c2ccccc2)cc1,5000.0,<rdkit.Chem.rdchem.Mol object at 0x000001F2C839A420>
CS(=O)(=O)c1ccc(C(CCCO[N+](=O)[O-])=C(c2ccc(F)cc2)c2ccc(F)cc2)cc1,5000.0,<rdkit.Chem.rdchem.Mol object at 0x000001F2C839A490>
CS(=O)(=O)c1ccc(C(CCCO[N+](=O)[O-])=C(c2ccccc2)c2ccccc2)cc1,5000.0,<rdkit.Chem.rdchem.Mol object at 0x000001F2C839A500>
CS(=O)(=O)c1ccc(C2=C(c3ccc(OCCN4CCCC4)cc3)c3ccc(F)cc3OCC2)cc1,15000.0,<rdkit.Chem.rdchem.Mol object at 0x000001F2C839A570>
CS(=O)(=O)c1ccc(C2=C(c3ccc(O[C@H]4CCN(CCCF)C4)cc3)c3ccc(O)cc3CCC2)c(F)c1,125.0,<rdkit.Chem.rdchem.Mol object at 0x000001F2C839A5E0>
CS(=O)(=O)c1ccc2nc(NC(=O)CCC(=O)c3cccs3)sc2c1,7107.47,<rdkit.Chem.rdchem.Mol object at 0x000001F2C839A650>
CSC1=C(c2ccc(O)cc2)C(=O)c2cc(O)cc(O)c21,2.0,<rdkit.Chem.rdchem.Mol object at 0x000001F2C839A6C0>
CSC1=C(c2ccc(O)cc2)C(=O)c2cc(O)ccc21,12.0,<rdkit.Chem.rdchem.Mol object at 0x000001F2C839A730>
CSC1=C(c2ccc(O)cc2)C(=O)c2ccc(O)cc21,3.1,<rdkit.Chem.rdchem.Mol object at 0x000001F2C839A7A0>
CSC1=N/C(=C\c2ccc(Br)o2)C(=O)S1,22111.37,<rdkit.Chem.rdchem.Mol object at 0x000001F2C839A810>
CSCCC/C(=C(\c1ccc(O)cc1)c1ccc(OCCN(C)C)cc1)c1ccccc1,10.0,<rdkit.Chem.rdchem.Mol object at 0x000001F2C839A880>
CSCCC1NC(=O)NC1=O,50000.0,<rdkit.Chem.rdchem.Mol object at 0x000001F2C839A8F0>
CSCCOC(=O)c1[nH]c2c(c1C)C(=O)CC(c1ccco1)C2,50000.0,<rdkit.Chem.rdchem.Mol object at 0x000001F2C839A960>
CSc1ccc(C2C(C#N)=C(N)Oc3c2ccc(=O)c2c(C)oc(C)c32)cc1,50000.0,<rdkit.Chem.rdchem.Mol object at 0x000001F2C839A9D0>
CSc1ccc(S(=O)(=O)Nc2c(C)cccc2C)cc1,50000.0,<rdkit.Chem.rdchem.Mol object at 0x000001F2C839AA40>
CSc1ccc(S(=O)(=O)Nc2cccc(F)c2)cc1,23686.88,<rdkit.Chem.rdchem.Mol object at 0x000001F2C839AAB0>
CSc1ccc([C@@H](Oc2ccc3c(cnn3-c3ccc(F)cc3)c2)[C@H](C)NS(=O)(=O)C2CC2)cc1,10000.0,<rdkit.Chem.rdchem.Mol object at 0x000001F2C839AB20>
CSc1cccc(NC(=O)CN(c2ccccc2)S(=O)(=O)N(C)C)c1,50000.0,<rdkit.Chem.rdchem.Mol object at 0x000001F2C839AB90>
CSc1nc(NCCOCCO)c2sc3nc(-c4ccco4)c4c(c3c2n1)CCC4,50000.0,<rdkit.Chem.rdchem.Mol object at 0x000001F2C839AC00>
CSc1nc(NCc2ccco2)c2ccccc2n1,50000.0,<rdkit.Chem.rdchem.Mol object at 0x000001F2C839AC70>
CSc1ncc2c(n1)-c1cc(C)ccc1SC2,50000.0,<rdkit.Chem.rdchem.Mol object at 0x000001F2C839ACE0>
C[C@@H](CCc1ccc(O)cc1)NC(=O)Cc1c(-c2ccccc2)[nH]c2ccccc12,37.0,<rdkit.Chem.rdchem.Mol object at 0x000001F2C839AD50>
C[C@@H](CN1CCCC1)Oc1ccc([C@@H]2Oc3ccc(O)cc3S[C@@H]2c2ccc(O)cc2)cc1,2.5,<rdkit.Chem.rdchem.Mol object at 0x000001F2C839ADC0>
C[C@@H](CN1[C@H](c2c(F)ccc(OCCNCCCF)c2Cl)c2[nH]c3ccccc3c2C[C@H]1C(F)(F)F)C(=O)O,2.8,<rdkit.Chem.rdchem.Mol object at 0x000001F2C839AE30>
C[C@@H](CN1[C@H](c2c(F)ccc(OCCNCCCF)c2Cl)c2[nH]c3ccccc3c2C[C@H]1C(F)F)C(=O)O,1.6,<rdkit.Chem.rdchem.Mol object at 0x000001F2C839AEA0>
C[C@@H](CN1[C@H](c2c(F)cnc(OCCNCCCF)c2Cl)c2[nH]c3ccccc3c2C[C@H]1C(F)(F)F)C(=O)O,1.5,<rdkit.Chem.rdchem.Mol object at 0x000001F2C839AF10>
C[C@@H](CN1[C@H](c2c(F)cnc(OCCNCCCF)c2Cl)c2[nH]c3ccccc3c2C[C@H]1C(F)F)C(=O)O,1.5,<rdkit.Chem.rdchem.Mol object at 0x000001F2C839AF80>
C[C@@H](CO)CN1[C@H](c2ccc(/C=C/C(=O)O)cc2)c2[nH]c3ccccc3c2C[C@H]1C,71.715,<rdkit.Chem.rdchem.Mol object at 0x000001F2C839AFF0>
C[C@@H](COc1ccc(C(=O)c2c(-c3ccc(O)cc3)sc3cc(O)ccc23)cc1)N1CCCC1,0.2,<rdkit.Chem.rdchem.Mol object at 0x000001F2C839B060>
C[C@@H](COc1ccc(C2Oc3cc(O)ccc3C3=C2c2ccc(O)cc2OCC3)cc1)N1CC[C@@H](CF)C1,0.051,<rdkit.Chem.rdchem.Mol object at 0x000001F2C839B0D0>
C[C@@H](COc1ccc([C@@H]2Oc3ccc(O)cc3S[C@@H]2c2ccc(O)cc2)cc1)N1CCCC1,1.3,<rdkit.Chem.rdchem.Mol object at 0x000001F2C839B140>
C[C@@H](COc1ccc([C@@H]2c3ccc(O)cc3CC[C@@H]2c2ccccc2)cc1)N1CCCC1,0.6,<rdkit.Chem.rdchem.Mol object at 0x000001F2C839B1B0>
C[C@@H](Nc1ccc([C@@H]2O[C@@H]3C[C@H]4[C@@H]5CCC6=CC(=O)C=C[C@]6(C)[C@@]5(F)[C@@H](O)C[C@]4(C)[C@]3(C(=O)CO)O2)cn1)c1ccc(N)cc1,30000.0,<rdkit.Chem.rdchem.Mol object at 0x000001F2C839B220>
C[C@@H](O)c1ccccc1-c1sc2cc(O)ccc2c1Oc1ccc(/C=C/C(=O)O)cc1,159.0,<rdkit.Chem.rdchem.Mol object at 0x000001F2C839B290>
C[C@@H](c1ccc(N)cc1)c1ccc([C@@H]2O[C@@H]3C[C@H]4[C@@H]5C[C@H](F)C6=CC(=O)C=C[C@]6(C)[C@@]5(F)[C@@H](O)C[C@]4(C)[C@]3(C(=O)CO)O2)cc1,30000.0,<rdkit.Chem.rdchem.Mol object at 0x000001F2C839B300>
C[C@@H](c1ccc([C@@H]2O[C@@H]3C[C@H]4[C@@H]5C[C@H](F)C6=CC(=O)C=C[C@]6(C)[C@@]5(F)[C@@H](O)C[C@]4(C)[C@]3(C(=O)CO)O2)cc1)c1cccc(N)c1,30000.0,<rdkit.Chem.rdchem.Mol object at 0x000001F2C839B370>
C[C@@H]1C(=O)c2c(O)cc(O)cc2O[C@@H]1c1ccc(OCCN2CCCCC2)cc1,551.0,<rdkit.Chem.rdchem.Mol object at 0x000001F2C839B3E0>
C[C@@H]1C(=O)c2ccc(O)cc2O[C@@H]1c1ccc(OCCN2CCCCC2)cc1,3563.0,<rdkit.Chem.rdchem.Mol object at 0x000001F2C839B450>
C[C@@H]1CC2c3ccccc3N(C)C2[C@@H](c2c(F)cc(/C=C/C(=O)O)cc2F)N1CC(C)(C)F,320.4,<rdkit.Chem.rdchem.Mol object at 0x000001F2C839B4C0>
C[C@@H]1CC2c3ccccc3NC2[C@@H](c2c(F)cc(/C=C/C(=O)O)cc2F)N1CC(C)(C)F,4.6,<rdkit.Chem.rdchem.Mol object at 0x000001F2C839B530>
C[C@@H]1CCCN1CCOc1ccc([C@@H]2Oc3ccc(O)cc3S[C@@H]2c2ccc(O)cc2)cc1,0.7,<rdkit.Chem.rdchem.Mol object at 0x000001F2C839B5A0>
C[C@@H]1CCN(CCOc2ccc(C(=O)c3c(-c4ccc(O)cc4)sc4cc(O)ccc34)cc2)C1,0.6,<rdkit.Chem.rdchem.Mol object at 0x000001F2C839B610>
C[C@@H]1CCN(CCOc2ccc([C@@H]3Oc4ccc(O)c(F)c4[C@@H](C)[C@@H]3c3ccc(O)cc3)cc2)C1,0.8,<rdkit.Chem.rdchem.Mol object at 0x000001F2C839B680>
C[C@@H]1CCN(CCOc2ccc([C@@H]3Oc4ccc(O)cc4S[C@@H]3c3ccc(O)cc3)cc2)C1,3.0,<rdkit.Chem.rdchem.Mol object at 0x000001F2C839B6F0>
C[C@@H]1CCN(CCOc2ccc([C@@H]3Oc4ccc(O)cc4[C@@H](C)[C@@H]3c3ccc(O)cc3)cc2)C1,2.4,<rdkit.Chem.rdchem.Mol object at 0x000001F2C839B760>
C[C@@H]1CCN(CCOc2ccc([C@@H]3c4ccc(O)cc4CC[C@@H]3c3ccccc3)cc2)C1,0.5,<rdkit.Chem.rdchem.Mol object at 0x000001F2C839B7D0>
C[C@@H]1CCN([C@@H](C)COc2ccc([C@@H]3Oc4ccc(O)c(F)c4[C@@H](C)[C@@H]3c3ccc(O)cc3)cc2)C1,0.9,<rdkit.Chem.rdchem.Mol object at 0x000001F2C839B840>
C[C@@H]1CCN([C@@H](C)COc2ccc([C@@H]3Oc4ccc(O)cc4S[C@@H]3c3ccc(O)cc3)cc2)C1,1.3,<rdkit.Chem.rdchem.Mol object at 0x000001F2C839B8B0>
C[C@@H]1CCN([C@@H](C)COc2ccc([C@@H]3Oc4ccc(O)cc4[C@@H](C)[C@@H]3c3ccc(O)cc3)cc2)C1,1.3,<rdkit.Chem.rdchem.Mol object at 0x000001F2C839B920>
C[C@@H]1CN(CCOc2ccc([C@@H]3Oc4ccc(O)cc4S[C@@H]3c3ccc(O)cc3)cc2)C[C@@H]1C,0.7,<rdkit.Chem.rdchem.Mol object at 0x000001F2C839B990>
C[C@@H]1CN(CCOc2ccc([C@@H]3Oc4ccc(O)cc4S[C@@H]3c3ccc(O)cc3)cc2)C[C@H]1C,0.4,<rdkit.Chem.rdchem.Mol object at 0x000001F2C839BA00>
C[C@@H]1CN(c2ccc3c(n2)NC(=O)CO3)[C@H](c2ccccc2)CO1,10000.0,<rdkit.Chem.rdchem.Mol object at 0x000001F2C839BA70>
C[C@@H]1C[C@@]12c1ccc3c(ccc4ccc(O)cc43)c1C[C@@H]2O,10.0,<rdkit.Chem.rdchem.Mol object at 0x000001F2C839BAE0>
C[C@@H]1C[C@H]2[C@@H]3C[C@H](F)C4=CC(=O)C=C[C@]4(C)[C@@]3(F)[C@@H](O)C[C@]2(C)[C@@]1(OC(=O)c1ccco1)C(=O)SCF,5000.0,<rdkit.Chem.rdchem.Mol object at 0x000001F2C839BB50>
C[C@@H]1Cc2c([nH]c3c(F)cccc23)[C@@H](c2c(F)cc(NC3CN(CCCF)C3)cc2F)N1CC(F)(F)CO,0.25,<rdkit.Chem.rdchem.Mol object at 0x000001F2C839BBC0>
C[C@@H]1Cc2c([nH]c3c(F)cccc23)[C@@H](c2c(F)ccc(OCCNCCCF)c2F)N1CC(F)(F)CO,0.84,<rdkit.Chem.rdchem.Mol object at 0x000001F2C839BC30>
C[C@@H]1Cc2c([nH]c3cc(F)ccc23)[C@@H](c2c(F)cc(NC3CN(CCCF)C3)cc2F)N1CC(F)(F)CO,0.09,<rdkit.Chem.rdchem.Mol object at 0x000001F2C839BCA0>
C[C@@H]1Cc2c([nH]c3cc(F)ccc23)[C@@H](c2c(F)ccc(OCCNCCCF)c2F)N1CC(F)(F)CO,0.79,<rdkit.Chem.rdchem.Mol object at 0x000001F2C839BD10>
C[C@@H]1Cc2c([nH]c3ccc(F)cc23)[C@@H](c2c(F)cc(NC3CN(CCCF)C3)cc2F)N1CC(F)(F)CO,0.06,<rdkit.Chem.rdchem.Mol object at 0x000001F2C839BD80>
C[C@@H]1Cc2c([nH]c3ccc(F)cc23)[C@@H](c2c(F)ccc(NCCNCCCF)c2F)N1CC(F)(F)CO,0.91,<rdkit.Chem.rdchem.Mol object at 0x000001F2C839BDF0>
C[C@@H]1Cc2c([nH]c3ccc(F)cc23)[C@@H](c2c(F)ccc(OCCNCCCF)c2F)N1CC(F)(F)CO,0.55,<rdkit.Chem.rdchem.Mol object at 0x000001F2C839BE60>
C[C@@H]1Cc2c([nH]c3ccc(F)cc23)[C@@H](c2c(F)ccc(OCCNCCCF)c2F)N1C[C@H](C)C(=O)O,2.3,<rdkit.Chem.rdchem.Mol object at 0x000001F2C839BED0>
C[C@@H]1Cc2c([nH]c3ccc(F)cc23)[C@@H](c2c(F)cnc(OCCN(C)CCCF)c2F)N1CC(F)(F)CO,0.7,<rdkit.Chem.rdchem.Mol object at 0x000001F2C839BF40>
C[C@@H]1Cc2c([nH]c3ccc(F)cc23)[C@@H](c2c(F)cnc(OCCNCCCF)c2F)N1CC(F)(F)CO,0.64,<rdkit.Chem.rdchem.Mol object at 0x000001F2C83AC040>
C[C@@H]1Cc2c([nH]c3ccc(F)cc23)[C@@H](c2c(F)cnc(OCCNCCCF)c2F)N1CC1(F)CC1,1.2,<rdkit.Chem.rdchem.Mol object at 0x000001F2C83AC0B0>
C[C@@H]1Cc2c([nH]c3ccc(O)cc23)[C@@H](c2ccc(Cl)cc2)N1CCO,33.019999999999996,<rdkit.Chem.rdchem.Mol object at 0x000001F2C83AC120>
C[C@@H]1Cc2c([nH]c3cccc(F)c23)[C@@H](c2c(F)cc(NC3CN(CCCF)C3)cc2F)N1CC(F)(F)CO,0.15,<rdkit.Chem.rdchem.Mol object at 0x000001F2C83AC190>
C[C@@H]1Cc2c([nH]c3cccc(F)c23)[C@@H](c2c(F)ccc(OCCNCCCF)c2F)N1CC(F)(F)CO,0.71,<rdkit.Chem.rdchem.Mol object at 0x000001F2C83AC200>
C[C@@H]1Cc2c([nH]c3ccccc23)[C@@H](c2c(Cl)cc(-c3ccc(C(=O)O)cc3)cc2Cl)N1CC(C)(C)F,31.2,<rdkit.Chem.rdchem.Mol object at 0x000001F2C83AC270>
C[C@@H]1Cc2c([nH]c3ccccc23)[C@@H](c2c(Cl)cc(/C=C/C(=O)O)cc2Cl)N1CC(C)(C)F,46.4,<rdkit.Chem.rdchem.Mol object at 0x000001F2C83AC2E0>
C[C@@H]1Cc2c([nH]c3ccccc23)[C@@H](c2c(Cl)ccc(OCCNCCCF)c2Cl)N1C[C@H](C)C(=O)O,3.4,<rdkit.Chem.rdchem.Mol object at 0x000001F2C83AC350>
C[C@@H]1Cc2c([nH]c3ccccc23)[C@@H](c2c(Cl)ccc(OCCNCCCF)c2F)N1CC(F)(F)F,1.3,<rdkit.Chem.rdchem.Mol object at 0x000001F2C83AC3C0>
C[C@@H]1Cc2c([nH]c3ccccc23)[C@@H](c2c(Cl)ccc(OCCNCCCF)c2F)N1C[C@H](C)C(=O)O,5.9,<rdkit.Chem.rdchem.Mol object at 0x000001F2C83AC430>
C[C@@H]1Cc2c([nH]c3ccccc23)[C@@H](c2c(F)c(F)cc(OCCNCCCF)c2F)N1CC(F)(F)F,2.7,<rdkit.Chem.rdchem.Mol object at 0x000001F2C83AC4A0>
C[C@@H]1Cc2c([nH]c3ccccc23)[C@@H](c2c(F)cc(-c3ccc(C(=O)O)cc3)cc2Cl)N1CC(C)(C)F,26.6,<rdkit.Chem.rdchem.Mol object at 0x000001F2C83AC510>
C[C@@H]1Cc2c([nH]c3ccccc23)[C@@H](c2c(F)cc(-c3ccc(C(=O)O)cc3)cc2F)N1CC(C)(C)F,17.1,<rdkit.Chem.rdchem.Mol object at 0x000001F2C83AC580>
C[C@@H]1Cc2c([nH]c3ccccc23)[C@@H](c2c(F)cc(-c3ccc(C(=O)O)cc3Cl)cc2F)N1CC(C)(C)F,32.2,<rdkit.Chem.rdchem.Mol object at 0x000001F2C83AC5F0>
C[C@@H]1Cc2c([nH]c3ccccc23)[C@@H](c2c(F)cc(-c3ccc(C(=O)O)cn3)cc2F)N1CC(C)(C)F,19.6,<rdkit.Chem.rdchem.Mol object at 0x000001F2C83AC660>
C[C@@H]1Cc2c([nH]c3ccccc23)[C@@H](c2c(F)cc(-c3ccc(C(N)=O)cc3)cc2F)N1CC(C)(C)F,22.4,<rdkit.Chem.rdchem.Mol object at 0x000001F2C83AC6D0>
C[C@@H]1Cc2c([nH]c3ccccc23)[C@@H](c2c(F)cc(-c3cccc(C(=O)O)c3)cc2F)N1CC(C)(C)F,20.0,<rdkit.Chem.rdchem.Mol object at 0x000001F2C83AC740>
C[C@@H]1Cc2c([nH]c3ccccc23)[C@@H](c2c(F)cc(-c3cnc(C(=O)O)s3)cc2F)N1CC(C)(C)F,19.0,<rdkit.Chem.rdchem.Mol object at 0x000001F2C83AC7B0>
C[C@@H]1Cc2c([nH]c3ccccc23)[C@@H](c2c(F)cc(-n3ccc(C(=O)O)n3)cc2F)N1CC(C)(C)F,17.4,<rdkit.Chem.rdchem.Mol object at 0x000001F2C83AC820>
C[C@@H]1Cc2c([nH]c3ccccc23)[C@@H](c2c(F)cc(/C=C/C(=O)NO)cc2F)N1CC(C)(C)F,28.8,<rdkit.Chem.rdchem.Mol object at 0x000001F2C83AC890>
C[C@@H]1Cc2c([nH]c3ccccc23)[C@@H](c2c(F)cc(/C=C/C(=O)O)cc2F)N1CC(C)(C)F,0.5,<rdkit.Chem.rdchem.Mol object at 0x000001F2C83AC900>
C[C@@H]1Cc2c([nH]c3ccccc23)[C@@H](c2c(F)cc(/C=C/C(=O)O)cc2F)N1CC(F)(F)CO,0.89,<rdkit.Chem.rdchem.Mol object at 0x000001F2C83AC970>
C[C@@H]1Cc2c([nH]c3ccccc23)[C@@H](c2c(F)cc(/C=C/C(=O)O)cc2F)N1CC1(C(F)(F)F)CC1,113.8,<rdkit.Chem.rdchem.Mol object at 0x000001F2C83AC9E0>
C[C@@H]1Cc2c([nH]c3ccccc23)[C@@H](c2c(F)cc(/C=C/C(=O)O)cc2F)N1CCC(C)(C)F,1000.0,<rdkit.Chem.rdchem.Mol object at 0x000001F2C83ACA50>
C[C@@H]1Cc2c([nH]c3ccccc23)[C@@H](c2c(F)cc(/C=C/C(=O)O)cc2F)N1c1ccccc1,1000.0,<rdkit.Chem.rdchem.Mol object at 0x000001F2C83ACAC0>
C[C@@H]1Cc2c([nH]c3ccccc23)[C@@H](c2c(F)cc(/C=C/C(N)=O)cc2F)N1CC(C)(C)F,30.4,<rdkit.Chem.rdchem.Mol object at 0x000001F2C83ACB30>
C[C@@H]1Cc2c([nH]c3ccccc23)[C@@H](c2c(F)cc(N(C)CCNCCCF)cc2F)N1CC(F)F,1.175,<rdkit.Chem.rdchem.Mol object at 0x000001F2C83ACBA0>
C[C@@H]1Cc2c([nH]c3ccccc23)[C@@H](c2c(F)cc(N(C)CCNCCCF)cc2F)N1CC1(F)CC1,2.3049999999999997,<rdkit.Chem.rdchem.Mol object at 0x000001F2C83ACC10>
C[C@@H]1Cc2c([nH]c3ccccc23)[C@@H](c2c(F)cc(N3CC(C#N)C3)cc2F)N1CC(C)(C)F,19.8,<rdkit.Chem.rdchem.Mol object at 0x000001F2C83ACC80>
C[C@@H]1Cc2c([nH]c3ccccc23)[C@@H](c2c(F)cc(N3CC(C(=O)O)C3)cc2F)N1CC(C)(C)F,19.8,<rdkit.Chem.rdchem.Mol object at 0x000001F2C83ACCF0>
C[C@@H]1Cc2c([nH]c3ccccc23)[C@@H](c2c(F)cc(N3CC(C(N)=O)C3)cc2F)N1CC(C)(C)F,3.2,<rdkit.Chem.rdchem.Mol object at 0x000001F2C83ACD60>
C[C@@H]1Cc2c([nH]c3ccccc23)[C@@H](c2c(F)cc(N3CC(CF)C3)cc2F)N1CC(C)(C)F,15.6,<rdkit.Chem.rdchem.Mol object at 0x000001F2C83ACDD0>
C[C@@H]1Cc2c([nH]c3ccccc23)[C@@H](c2c(F)cc(N3CC(N(C)C)C3)cc2F)N1CC(C)(C)F,1000.0,<rdkit.Chem.rdchem.Mol object at 0x000001F2C83ACE40>
C[C@@H]1Cc2c([nH]c3ccccc23)[C@@H](c2c(F)cc(N3CC(OCCF)C3)cc2F)N1CC(C)(C)F,21.8,<rdkit.Chem.rdchem.Mol object at 0x000001F2C83ACEB0>
C[C@@H]1Cc2c([nH]c3ccccc23)[C@@H](c2c(F)cc(N3CC4(CC(C(=O)O)C4)C3)cc2F)N1CC(C)(C)F,25.2,<rdkit.Chem.rdchem.Mol object at 0x000001F2C83ACF20>
C[C@@H]1Cc2c([nH]c3ccccc23)[C@@H](c2c(F)cc(N3CC4(COC4)C3)cc2F)N1CC(C)(C)F,17.1,<rdkit.Chem.rdchem.Mol object at 0x000001F2C83ACF90>
C[C@@H]1Cc2c([nH]c3ccccc23)[C@@H](c2c(F)cc(N3CCC(C(=O)O)C3)cc2F)N1CC(C)(C)F,29.5,<rdkit.Chem.rdchem.Mol object at 0x000001F2C83AD000>
C[C@@H]1Cc2c([nH]c3ccccc23)[C@@H](c2c(F)cc(N3CCC(C(=O)O)CC3)cc2F)N1CC(C)(C)F,88.9,<rdkit.Chem.rdchem.Mol object at 0x000001F2C83AD070>
C[C@@H]1Cc2c([nH]c3ccccc23)[C@@H](c2c(F)cc(N3CCC(F)(F)CC3)cc2F)N1CC(C)(C)F,110.4,<rdkit.Chem.rdchem.Mol object at 0x000001F2C83AD0E0>
C[C@@H]1Cc2c([nH]c3ccccc23)[C@@H](c2c(F)cc(N3CCOCC3)cc2F)N1CC(C)(C)F,17.6,<rdkit.Chem.rdchem.Mol object at 0x000001F2C83AD150>
C[C@@H]1Cc2c([nH]c3ccccc23)[C@@H](c2c(F)cc(N3CCS(=O)(=O)CC3)cc2F)N1CC(C)(C)F,1000.0,<rdkit.Chem.rdchem.Mol object at 0x000001F2C83AD1C0>
C[C@@H]1Cc2c([nH]c3ccccc23)[C@@H](c2c(F)cc(NC(=O)CN3CC(CF)C3)cc2F)N1CC(F)(F)CO,0.16,<rdkit.Chem.rdchem.Mol object at 0x000001F2C83AD230>
C[C@@H]1Cc2c([nH]c3ccccc23)[C@@H](c2c(F)cc(NC3(C(=O)O)CC3)cc2F)N1CC(C)(C)F,72.9,<rdkit.Chem.rdchem.Mol object at 0x000001F2C83AD2A0>
C[C@@H]1Cc2c([nH]c3ccccc23)[C@@H](c2c(F)cc(NC3CN(CC(CF)CF)C3)cc2F)N1CC(F)(F)CO,0.29,<rdkit.Chem.rdchem.Mol object at 0x000001F2C83AD310>
C[C@@H]1Cc2c([nH]c3ccccc23)[C@@H](c2c(F)cc(NC3CN(CCC(F)F)C3)cc2F)N1CC(F)(F)CO,0.09,<rdkit.Chem.rdchem.Mol object at 0x000001F2C83AD380>
C[C@@H]1Cc2c([nH]c3ccccc23)[C@@H](c2c(F)cc(NC3CN(CCCF)C3)cc2F)N1CC(F)(F)CO,0.05,<rdkit.Chem.rdchem.Mol object at 0x000001F2C83AD3F0>
C[C@@H]1Cc2c([nH]c3ccccc23)[C@@H](c2c(F)cc(NC3CN(CCCO)C3)cc2F)N1CC(F)(F)CO,0.07,<rdkit.Chem.rdchem.Mol object at 0x000001F2C83AD460>
C[C@@H]1Cc2c([nH]c3ccccc23)[C@@H](c2c(F)cc(NC3CN(CCCS(=O)(=O)CCCC(F)(F)C(F)(F)F)C3)cc2F)N1CC(F)(F)CO,6.7,<rdkit.Chem.rdchem.Mol object at 0x000001F2C83AD4D0>
C[C@@H]1Cc2c([nH]c3ccccc23)[C@@H](c2c(F)cc(NC3CN(CC[S+]([O-])CCCC(F)(F)C(F)(F)F)C3)cc2F)N1CC(F)(F)CO,6.4,<rdkit.Chem.rdchem.Mol object at 0x000001F2C83AD540>
C[C@@H]1Cc2c([nH]c3ccccc23)[C@@H](c2c(F)cc(NC3CN(CC[S+]([O-])CCCC(F)(F)C(F)(F)F)C3)cc2F)N1CC(F)(F)F,19.0,<rdkit.Chem.rdchem.Mol object at 0x000001F2C83AD5B0>
C[C@@H]1Cc2c([nH]c3ccccc23)[C@@H](c2c(F)cc(NCCN3CC(CF)C3)cc2F)N1CC(F)(F)CO,0.23,<rdkit.Chem.rdchem.Mol object at 0x000001F2C83AD620>
C[C@@H]1Cc2c([nH]c3ccccc23)[C@@H](c2c(F)cc(NCCNCCCF)cc2F)N1CC(F)(F)CO,0.6465,<rdkit.Chem.rdchem.Mol object at 0x000001F2C83AD690>
C[C@@H]1Cc2c([nH]c3ccccc23)[C@@H](c2c(F)cc(NCCNCCCF)cc2F)N1CC(F)F,0.865,<rdkit.Chem.rdchem.Mol object at 0x000001F2C83AD700>
C[C@@H]1Cc2c([nH]c3ccccc23)[C@@H](c2c(F)cc(NCCNCCCF)cc2F)N1CC1(F)CC1,2.51,<rdkit.Chem.rdchem.Mol object at 0x000001F2C83AD770>
C[C@@H]1Cc2c([nH]c3ccccc23)[C@@H](c2c(F)cc(NCCNCCCF)cc2F)N1CC1(F)COC1,1.335,<rdkit.Chem.rdchem.Mol object at 0x000001F2C83AD7E0>
C[C@@H]1Cc2c([nH]c3ccccc23)[C@@H](c2c(F)cc(Nc3cnc(C(=O)O)s3)cc2F)N1CC(C)(C)F,26.2,<rdkit.Chem.rdchem.Mol object at 0x000001F2C83AD850>
C[C@@H]1Cc2c([nH]c3ccccc23)[C@@H](c2c(F)cc(OC3CN(CC4(CF)CC4)C3)cc2F)N1CC(C)(C)F,0.52,<rdkit.Chem.rdchem.Mol object at 0x000001F2C83AD8C0>
C[C@@H]1Cc2c([nH]c3ccccc23)[C@@H](c2c(F)cc(OC3CN(CCCCF)C3)cc2F)N1CC(C)(C)F,0.39,<rdkit.Chem.rdchem.Mol object at 0x000001F2C83AD930>
C[C@@H]1Cc2c([nH]c3ccccc23)[C@@H](c2c(F)cc(OC3CN(CCCCl)C3)cc2F)N1CC(C)(C)F,0.17,<rdkit.Chem.rdchem.Mol object at 0x000001F2C83AD9A0>
C[C@@H]1Cc2c([nH]c3ccccc23)[C@@H](c2c(F)cc(OC3CN(CCCF)C3)cc2F)N1CC(C)(C)F,0.053,<rdkit.Chem.rdchem.Mol object at 0x000001F2C83ADA10>
C[C@@H]1Cc2c([nH]c3ccccc23)[C@@H](c2c(F)cc(OC3CN(CCCF)C3)cc2F)N1CC(F)(F)CO,0.13,<rdkit.Chem.rdchem.Mol object at 0x000001F2C83ADA80>
C[C@@H]1Cc2c([nH]c3ccccc23)[C@@H](c2c(F)cc(OC3CN(CCCO)C3)cc2F)N1CC(F)(F)CO,0.08,<rdkit.Chem.rdchem.Mol object at 0x000001F2C83ADAF0>
C[C@@H]1Cc2c([nH]c3ccccc23)[C@@H](c2c(F)cc(OC3CN(CCF)C3)cc2F)N1CC(C)(C)F,0.18,<rdkit.Chem.rdchem.Mol object at 0x000001F2C83ADB60>
C[C@@H]1Cc2c([nH]c3ccccc23)[C@@H](c2c(F)cc(OC3CN(CC[S+]([O-])CCCC(F)(F)C(F)(F)F)C3)cc2F)N1CC(F)(F)F,18.6,<rdkit.Chem.rdchem.Mol object at 0x000001F2C83ADBD0>
C[C@@H]1Cc2c([nH]c3ccccc23)[C@@H](c2c(F)cc(OC3CN(C[C@H]4C[C@@H]4F)C3)cc2F)N1CC(C)(C)F,0.55,<rdkit.Chem.rdchem.Mol object at 0x000001F2C83ADC40>
C[C@@H]1Cc2c([nH]c3ccccc23)[C@@H](c2c(F)cc(OC3CN(C[C@H]4C[C@H]4F)C3)cc2F)N1CC(C)(C)F,0.56,<rdkit.Chem.rdchem.Mol object at 0x000001F2C83ADCB0>
C[C@@H]1Cc2c([nH]c3ccccc23)[C@@H](c2c(F)cc(OCC(CO)NCCCF)cc2F)N1CC(C)(C)F,1.03,<rdkit.Chem.rdchem.Mol object at 0x000001F2C83ADD20>
C[C@@H]1Cc2c([nH]c3ccccc23)[C@@H](c2c(F)cc(OCCCCCN3CCN(c4ccc5c(c4)CN(C4CCC(=O)NC4=O)C5=O)CC3)cc2F)N1CC(C)(C)F,3.7,<rdkit.Chem.rdchem.Mol object at 0x000001F2C83ADD90>
C[C@@H]1Cc2c([nH]c3ccccc23)[C@@H](c2c(F)cc(OCCN3CC(C(F)F)C3)cc2F)N1CC(C)(C)F,0.09,<rdkit.Chem.rdchem.Mol object at 0x000001F2C83ADE00>
C[C@@H]1Cc2c([nH]c3ccccc23)[C@@H](c2c(F)cc(OCCN3CC(CF)C3)cc2F)N1CC(C)(C)F,0.36,<rdkit.Chem.rdchem.Mol object at 0x000001F2C83ADE70>
C[C@@H]1Cc2c([nH]c3ccccc23)[C@@H](c2c(F)cc(OCCN3CC(CF)C3)cc2F)N1CC(F)(F)CO,0.1,<rdkit.Chem.rdchem.Mol object at 0x000001F2C83ADEE0>
C[C@@H]1Cc2c([nH]c3ccccc23)[C@@H](c2c(F)cc(OCCN3CC(CF)C3)cc2F)N1CC(F)(F)F,0.8,<rdkit.Chem.rdchem.Mol object at 0x000001F2C83ADF50>
C[C@@H]1Cc2c([nH]c3ccccc23)[C@@H](c2c(F)cc(OCCN3CC(CF)C3)cc2F)N1CC(F)F,0.3,<rdkit.Chem.rdchem.Mol object at 0x000001F2C83ADFC0>
C[C@@H]1Cc2c([nH]c3ccccc23)[C@@H](c2c(F)cc(OCCN3CC(CF)C3)cc2F)N1CC1(C)COC1,0.5,<rdkit.Chem.rdchem.Mol object at 0x000001F2C83AE030>
C[C@@H]1Cc2c([nH]c3ccccc23)[C@@H](c2c(F)cc(OCCN3CC(CF)C3)cc2F)N1CC1(F)COC1,0.7943,<rdkit.Chem.rdchem.Mol object at 0x000001F2C83AE0A0>
C[C@@H]1Cc2c([nH]c3ccccc23)[C@@H](c2c(F)cc(OCCN3CC(CF)C3)cc2F)N1C[C@@](C)(F)CO,0.4,<rdkit.Chem.rdchem.Mol object at 0x000001F2C83AE110>
C[C@@H]1Cc2c([nH]c3ccccc23)[C@@H](c2c(F)cc(OCCN3CC(CF)C3)cc2F)N1C[C@](C)(F)C#N,0.4,<rdkit.Chem.rdchem.Mol object at 0x000001F2C83AE180>
C[C@@H]1Cc2c([nH]c3ccccc23)[C@@H](c2c(F)cc(OCCN3CC(CF)C3)cc2F)N1C[C@](C)(F)CO,0.8,<rdkit.Chem.rdchem.Mol object at 0x000001F2C83AE1F0>
C[C@@H]1Cc2c([nH]c3ccccc23)[C@@H](c2c(F)cc(OCCN3CC(CF)C3)cc2F)N1S(C)(=O)=O,11.0,<rdkit.Chem.rdchem.Mol object at 0x000001F2C83AE260>
C[C@@H]1Cc2c([nH]c3ccccc23)[C@@H](c2c(F)cc(OCCN3CC(CF)C3)cc2F)N1[C@H](C)C(=O)O,2.1,<rdkit.Chem.rdchem.Mol object at 0x000001F2C83AE2D0>
C[C@@H]1Cc2c([nH]c3ccccc23)[C@@H](c2c(F)cc(OCCN3CC(F)(CF)C3)cc2F)N1CC(C)(C)F,0.38,<rdkit.Chem.rdchem.Mol object at 0x000001F2C83AE340>
C[C@@H]1Cc2c([nH]c3ccccc23)[C@@H](c2c(F)cc(OCCN3CC[C@@H](CF)C3)cc2F)N1CC(C)(C)F,0.09,<rdkit.Chem.rdchem.Mol object at 0x000001F2C83AE3B0>
C[C@@H]1Cc2c([nH]c3ccccc23)[C@@H](c2c(F)cc(OCCNCCC(F)F)cc2F)N1CC(C)(C)F,0.6200000000000001,<rdkit.Chem.rdchem.Mol object at 0x000001F2C83AE420>
C[C@@H]1Cc2c([nH]c3ccccc23)[C@@H](c2c(F)cc(OCCNCCCF)cc2F)N1CC(C)(C)F,0.14,<rdkit.Chem.rdchem.Mol object at 0x000001F2C83AE490>
C[C@@H]1Cc2c([nH]c3ccccc23)[C@@H](c2c(F)cc(OCCNCCCF)cc2F)N1CC(C)(F)CO,1.025,<rdkit.Chem.rdchem.Mol object at 0x000001F2C83AE500>
C[C@@H]1Cc2c([nH]c3ccccc23)[C@@H](c2c(F)cc(OCCNCCCF)cc2F)N1CC(C)(F)F,0.55,<rdkit.Chem.rdchem.Mol object at 0x000001F2C83AE570>
C[C@@H]1Cc2c([nH]c3ccccc23)[C@@H](c2c(F)cc(OCCNCCCF)cc2F)N1CC(F)(F)CO,0.6129500000000001,<rdkit.Chem.rdchem.Mol object at 0x000001F2C83AE5E0>
C[C@@H]1Cc2c([nH]c3ccccc23)[C@@H](c2c(F)cc(OCCNCCCF)cc2F)N1CC(F)F,1.41,<rdkit.Chem.rdchem.Mol object at 0x000001F2C83AE650>
C[C@@H]1Cc2c([nH]c3ccccc23)[C@@H](c2c(F)cc(OCCNCCCF)cc2F)N1CC1(CF)COC1,1.435,<rdkit.Chem.rdchem.Mol object at 0x000001F2C83AE6C0>
C[C@@H]1Cc2c([nH]c3ccccc23)[C@@H](c2c(F)cc(OCCNCCCF)cc2F)N1CC1(F)CC1,0.78,<rdkit.Chem.rdchem.Mol object at 0x000001F2C83AE730>
C[C@@H]1Cc2c([nH]c3ccccc23)[C@@H](c2c(F)cc(OCCNCCCF)cc2F)N1CC1(F)COC1,0.8006,<rdkit.Chem.rdchem.Mol object at 0x000001F2C83AE7A0>
C[C@@H]1Cc2c([nH]c3ccccc23)[C@@H](c2c(F)cc(OCCNCCCF)cc2F)N1C[C@H](F)CF,1.1,<rdkit.Chem.rdchem.Mol object at 0x000001F2C83AE810>
C[C@@H]1Cc2c([nH]c3ccccc23)[C@@H](c2c(F)cc(OC[C@H](C)N3CC[C@@H](CF)C3)cc2F)N1CC(C)(C)F,0.21,<rdkit.Chem.rdchem.Mol object at 0x000001F2C83AE880>
C[C@@H]1Cc2c([nH]c3ccccc23)[C@@H](c2c(F)ccc(NCCNCCCF)c2F)N1CC(F)(F)F,2.2,<rdkit.Chem.rdchem.Mol object at 0x000001F2C83AE8F0>
C[C@@H]1Cc2c([nH]c3ccccc23)[C@@H](c2c(F)ccc(OCCN(C)CCCF)c2C(F)F)N1C[C@H](C)C(=O)O,1.1,<rdkit.Chem.rdchem.Mol object at 0x000001F2C83AE960>
C[C@@H]1Cc2c([nH]c3ccccc23)[C@@H](c2c(F)ccc(OCCN(C)CCCF)c2F)N1CC1(F)COC1,1.2,<rdkit.Chem.rdchem.Mol object at 0x000001F2C83AE9D0>
C[C@@H]1Cc2c([nH]c3ccccc23)[C@@H](c2c(F)ccc(OCCN(C)CCCF)c2F)N1C[C@H](C)C(=O)O,5.6,<rdkit.Chem.rdchem.Mol object at 0x000001F2C83AEA40>
C[C@@H]1Cc2c([nH]c3ccccc23)[C@@H](c2c(F)ccc(OCCNCCCF)c2C(F)F)N1C[C@H](C)C(=O)O,1.3,<rdkit.Chem.rdchem.Mol object at 0x000001F2C83AEAB0>
C[C@@H]1Cc2c([nH]c3ccccc23)[C@@H](c2c(F)ccc(OCCNCCCF)c2Cl)N1CC(C)(C)C(=O)O,13.0,<rdkit.Chem.rdchem.Mol object at 0x000001F2C83AEB20>
C[C@@H]1Cc2c([nH]c3ccccc23)[C@@H](c2c(F)ccc(OCCNCCCF)c2Cl)N1CC(F)(F)CO,1.3,<rdkit.Chem.rdchem.Mol object at 0x000001F2C83AEB90>
C[C@@H]1Cc2c([nH]c3ccccc23)[C@@H](c2c(F)ccc(OCCNCCCF)c2F)N1CC(F)(F)CO,0.6605,<rdkit.Chem.rdchem.Mol object at 0x000001F2C83AEC00>
C[C@@H]1Cc2c([nH]c3ccccc23)[C@@H](c2c(F)ccc(OCCNCCCF)c2F)N1CC(F)(F)F,1.2,<rdkit.Chem.rdchem.Mol object at 0x000001F2C83AEC70>
C[C@@H]1Cc2c([nH]c3ccccc23)[C@@H](c2c(F)ccc(OCCNCCCF)c2F)N1CC(F)F,1.2,<rdkit.Chem.rdchem.Mol object at 0x000001F2C83AECE0>
C[C@@H]1Cc2c([nH]c3ccccc23)[C@@H](c2c(F)ccc(OCCNCCCF)c2F)N1CC1(F)CC1,1.0,<rdkit.Chem.rdchem.Mol object at 0x000001F2C83AED50>
C[C@@H]1Cc2c([nH]c3ccccc23)[C@@H](c2c(F)ccc(OCCNCCCF)c2F)N1CC1(F)COC1,1.6,<rdkit.Chem.rdchem.Mol object at 0x000001F2C83AEDC0>
C[C@@H]1Cc2c([nH]c3ccccc23)[C@@H](c2c(F)ccc(OCCNCCCF)c2F)N1CC1(S(C)(=O)=O)CC1,7.3,<rdkit.Chem.rdchem.Mol object at 0x000001F2C83AEE30>
C[C@@H]1Cc2c([nH]c3ccccc23)[C@@H](c2c(F)ccc(OCCNCCCF)c2F)N1C[C@H](C)C(=O)O,7.105,<rdkit.Chem.rdchem.Mol object at 0x000001F2C83AEEA0>
C[C@@H]1Cc2c([nH]c3ccccc23)[C@@H](c2c(F)cnc(OCCNCCCF)c2Cl)N1CC(F)(F)CO,0.6,<rdkit.Chem.rdchem.Mol object at 0x000001F2C83AEF10>
C[C@@H]1Cc2c([nH]c3ccccc23)[C@@H](c2c(F)cnc(OCCNCCCF)c2Cl)N1C[C@H](C)C(=O)O,1.5,<rdkit.Chem.rdchem.Mol object at 0x000001F2C83AEF80>
C[C@@H]1Cc2c([nH]c3ccccc23)[C@@H](c2c(F)cnc(OCCNCCCF)c2F)N1CC(F)(F)CO,0.96,<rdkit.Chem.rdchem.Mol object at 0x000001F2C83AEFF0>
C[C@@H]1Cc2c([nH]c3ccccc23)[C@@H](c2c(F)cnc(OCCNCCCF)c2F)N1CC(F)(F)F,1.3,<rdkit.Chem.rdchem.Mol object at 0x000001F2C83AF060>
C[C@@H]1Cc2c([nH]c3ccccc23)[C@@H](c2c(F)cnc(OCCNCCCF)c2F)N1CC1(F)CC1,1.0,<rdkit.Chem.rdchem.Mol object at 0x000001F2C83AF0D0>
C[C@@H]1Cc2c([nH]c3ccccc23)[C@@H](c2cc(F)c(/C=C/C(=O)O)c(F)c2)N1CC(C)(C)F,120.7,<rdkit.Chem.rdchem.Mol object at 0x000001F2C83AF140>
C[C@@H]1Cc2c([nH]c3ccccc23)[C@@H](c2cc(F)cc(OCCNCCCF)c2)N1CC(F)(F)F,9.4,<rdkit.Chem.rdchem.Mol object at 0x000001F2C83AF1B0>
C[C@@H]1Cc2c([nH]c3ccccc23)[C@@H](c2cc(F)cc(OCCNCCCF)c2F)N1CC(F)(F)F,5.4,<rdkit.Chem.rdchem.Mol object at 0x000001F2C83AF220>
C[C@@H]1Cc2c([nH]c3ccccc23)[C@@H](c2cc(OCCNCCCF)cc(F)c2F)N1CC(F)(F)F,2.1,<rdkit.Chem.rdchem.Mol object at 0x000001F2C83AF290>
C[C@@H]1Cc2c([nH]c3ccccc23)[C@@H](c2cc(OCCNCCCF)ccc2C#N)N1CC(F)(F)F,2.7,<rdkit.Chem.rdchem.Mol object at 0x000001F2C83AF300>
C[C@@H]1Cc2c([nH]c3ccccc23)[C@@H](c2cc(OCCNCCCF)ccc2CO)N1CC(F)(F)F,1300.0,<rdkit.Chem.rdchem.Mol object at 0x000001F2C83AF370>
C[C@@H]1Cc2c([nH]c3ccccc23)[C@@H](c2cc(OCCNCCCF)ccc2Cl)N1CC(F)(F)CO,1.0,<rdkit.Chem.rdchem.Mol object at 0x000001F2C83AF3E0>
C[C@@H]1Cc2c([nH]c3ccccc23)[C@@H](c2cc(OCCNCCCF)ccc2Cl)N1CC(F)(F)F,1.4,<rdkit.Chem.rdchem.Mol object at 0x000001F2C83AF450>
C[C@@H]1Cc2c([nH]c3ccccc23)[C@@H](c2cc(OCCNCCCF)ccc2F)N1CC(F)(F)F,2.4475,<rdkit.Chem.rdchem.Mol object at 0x000001F2C83AF4C0>
C[C@@H]1Cc2c([nH]c3ccccc23)[C@@H](c2cc(OCCNCCCF)ccn2)N1CC(F)(F)F,1.9,<rdkit.Chem.rdchem.Mol object at 0x000001F2C83AF530>
C[C@@H]1Cc2c([nH]c3ccccc23)[C@@H](c2cc(OCCNCCCF)ncc2F)N1CC(F)(F)F,1.4,<rdkit.Chem.rdchem.Mol object at 0x000001F2C83AF5A0>
C[C@@H]1Cc2c([nH]c3ccccc23)[C@@H](c2cc(OCCNCCCF)ncn2)N1CC(F)(F)F,17.0,<rdkit.Chem.rdchem.Mol object at 0x000001F2C83AF610>
C[C@@H]1Cc2c([nH]c3ccccc23)[C@@H](c2ccc(/C=C/C(=O)O)cc2)N1CC(C)(C)F,425.5,<rdkit.Chem.rdchem.Mol object at 0x000001F2C83AF680>
C[C@@H]1Cc2c([nH]c3ccccc23)[C@@H](c2ccc(/C=C/C(=O)O)cc2)N1CCO,1005.0450000000001,<rdkit.Chem.rdchem.Mol object at 0x000001F2C83AF6F0>
C[C@@H]1Cc2c([nH]c3ccccc23)[C@@H](c2ccc(/C=C/C(=O)O)cn2)N1CC(C)(C)F,100.8,<rdkit.Chem.rdchem.Mol object at 0x000001F2C83AF760>
C[C@@H]1Cc2c([nH]c3ccccc23)[C@@H](c2ccc(Cl)cc2)N1CCC(=O)O,1277.2649999999999,<rdkit.Chem.rdchem.Mol object at 0x000001F2C83AF7D0>
C[C@@H]1Cc2c([nH]c3ccccc23)[C@@H](c2ccc(Cl)cc2)N1CCO,62.46,<rdkit.Chem.rdchem.Mol object at 0x000001F2C83AF840>
C[C@@H]1Cc2c([nH]c3ccccc23)[C@@H](c2ccc(Cl)cc2)N1C[C@H](C)C(=O)O,50.495000000000005,<rdkit.Chem.rdchem.Mol object at 0x000001F2C83AF8B0>
C[C@@H]1Cc2c([nH]c3ccccc23)[C@@H](c2ccc(F)c(OCCNCCCF)c2)N1CC(F)(F)F,31.0,<rdkit.Chem.rdchem.Mol object at 0x000001F2C83AF920>
C[C@@H]1Cc2c([nH]c3ccccc23)[C@@H](c2ccc(NC3CN(CCCF)C3)cc2)N1CC(F)(F)CO,0.6,<rdkit.Chem.rdchem.Mol object at 0x000001F2C83AF990>
C[C@@H]1Cc2c([nH]c3ccccc23)[C@@H](c2ccc(NC3CN(CCCF)C3)cc2F)N1CC(F)(F)CO,0.98,<rdkit.Chem.rdchem.Mol object at 0x000001F2C83AFA00>
C[C@@H]1Cc2c([nH]c3ccccc23)[C@@H](c2ccc(NC3CN(CCCF)C3)nc2)N1CC(F)(F)CO,1000.0,<rdkit.Chem.rdchem.Mol object at 0x000001F2C83AFA70>
C[C@@H]1Cc2c([nH]c3ccccc23)[C@@H](c2ccc(OCCN3CC(CF)C3)cc2)N1S(C)(=O)=O,11.0,<rdkit.Chem.rdchem.Mol object at 0x000001F2C83AFAE0>
C[C@@H]1Cc2c([nH]c3ccccc23)[C@@H](c2ccc(OCCN3CC(CF)C3)cc2F)N1S(C)(=O)=O,17.0,<rdkit.Chem.rdchem.Mol object at 0x000001F2C83AFB50>
C[C@@H]1Cc2c([nH]c3ccccc23)[C@@H](c2ccc(OCCN3CC(CF)C3)nc2)N1CC(C)(C)F,0.7,<rdkit.Chem.rdchem.Mol object at 0x000001F2C83AFBC0>
C[C@@H]1Cc2c([nH]c3ccccc23)[C@@H](c2ccc(OCCNCCCF)cc2)N1CC(C)(F)F,1.785,<rdkit.Chem.rdchem.Mol object at 0x000001F2C83AFC30>
C[C@@H]1Cc2c([nH]c3ccccc23)[C@@H](c2ccc(OCCNCCCF)cc2)N1CC(F)F,1.2,<rdkit.Chem.rdchem.Mol object at 0x000001F2C83AFCA0>
C[C@@H]1Cc2c([nH]c3ccccc23)[C@@H](c2ccc(OCCNCCCF)cc2)N1CC1(F)CC1,3.645,<rdkit.Chem.rdchem.Mol object at 0x000001F2C83AFD10>
C[C@@H]1Cc2c([nH]c3ccccc23)[C@@H](c2ccc(OCCNCCCF)cc2)N1CC1(F)COC1,2.84715,<rdkit.Chem.rdchem.Mol object at 0x000001F2C83AFD80>
C[C@@H]1Cc2c([nH]c3ccccc23)[C@@H](c2ccc(OCCNCCCF)cc2)N1C[C@H](F)CF,0.79,<rdkit.Chem.rdchem.Mol object at 0x000001F2C83AFDF0>
C[C@@H]1Cc2c([nH]c3ccccc23)[C@@H](c2ccc(OCCNCCCF)cc2C#N)N1CC1(F)CC1,14.0,<rdkit.Chem.rdchem.Mol object at 0x000001F2C83AFE60>
C[C@@H]1Cc2c([nH]c3ccccc23)[C@@H](c2ccc(OCCNCCCF)cc2F)N1CC(C)(F)F,0.9,<rdkit.Chem.rdchem.Mol object at 0x000001F2C83AFED0>
C[C@@H]1Cc2c([nH]c3ccccc23)[C@@H](c2ccc(OCCNCCCF)cc2F)N1CC(F)F,0.88,<rdkit.Chem.rdchem.Mol object at 0x000001F2C83AFF40>
C[C@@H]1Cc2c([nH]c3ccccc23)[C@@H](c2ccc(OCCNCCCF)cc2F)N1CC1(F)CC1,2.6399999999999997,<rdkit.Chem.rdchem.Mol object at 0x000001F2C8368040>
C[C@@H]1Cc2c([nH]c3ccccc23)[C@@H](c2ccc(OCCNCCCF)cc2F)N1CC1(F)COC1,0.9550000000000001,<rdkit.Chem.rdchem.Mol object at 0x000001F2C83680B0>
C[C@@H]1Cc2c([nH]c3ccccc23)[C@@H](c2ccc(OCCNCCCF)cn2)N1CC(C)(C)F,1.25,<rdkit.Chem.rdchem.Mol object at 0x000001F2C8368120>
C[C@@H]1Cc2c([nH]c3ccccc23)[C@@H](c2ccc(OCCNCCCF)cn2)N1CC1(F)CC1,17.0,<rdkit.Chem.rdchem.Mol object at 0x000001F2C8368190>
C[C@@H]1Cc2c([nH]c3ccccc23)[C@@H](c2ccc(OCCNCCCF)cn2)N1CC1(F)COC1,39.0,<rdkit.Chem.rdchem.Mol object at 0x000001F2C8368200>
C[C@@H]1Cc2c([nH]c3ccccc23)[C@@H](c2ccc(OCCNCCCF)nc2)N1CC1(F)CC1,2.9,<rdkit.Chem.rdchem.Mol object at 0x000001F2C8368270>
C[C@@H]1Cc2c([nH]c3ccccc23)[C@@H](c2ccc(OCCNCCCF)nc2)N1CC1(F)COC1,4.7,<rdkit.Chem.rdchem.Mol object at 0x000001F2C83682E0>
C[C@@H]1Cc2c([nH]c3ccccc23)[C@@H](c2ccc(OC[C@H](C)NCCCF)cc2)N1CC1(F)COC1,1.85,<rdkit.Chem.rdchem.Mol object at 0x000001F2C8368350>
C[C@@H]1Cc2c([nH]c3ccccc23)[C@@H](c2cccc(N(C)CCNCCCF)c2)N1CC1(F)COC1,180.0,<rdkit.Chem.rdchem.Mol object at 0x000001F2C83683C0>
C[C@@H]1Cc2c([nH]c3ccccc23)[C@@H](c2cccc(NCCNCCCF)c2)N1CC1(F)COC1,34.0,<rdkit.Chem.rdchem.Mol object at 0x000001F2C8368430>
C[C@@H]1Cc2c([nH]c3ccccc23)[C@@H](c2cccc(OCCCN3CC(CF)C3)c2)N1CC1(F)COC1,35.715,<rdkit.Chem.rdchem.Mol object at 0x000001F2C83684A0>
C[C@@H]1Cc2c([nH]c3ccccc23)[C@@H](c2cccc(OCCCNCCCF)c2)N1CC1(F)COC1,14.219999999999999,<rdkit.Chem.rdchem.Mol object at 0x000001F2C8368510>
C[C@@H]1Cc2c([nH]c3ccccc23)[C@@H](c2cccc(OCCNCCCF)c2)N1CC(F)(F)F,1.7,<rdkit.Chem.rdchem.Mol object at 0x000001F2C8368580>
C[C@@H]1Cc2c([nH]c3ccccc23)[C@@H](c2cccc(OCCNCCCF)c2)N1CC1(F)COC1,9.155,<rdkit.Chem.rdchem.Mol object at 0x000001F2C83685F0>
C[C@@H]1Cc2c([nH]c3ccccc23)[C@@H](c2cccc(OCCNCCCF)c2C#N)N1CC(F)(F)F,1.4,<rdkit.Chem.rdchem.Mol object at 0x000001F2C8368660>
C[C@@H]1Cc2c([nH]c3ccccc23)[C@@H](c2cccc(OCCNCCCF)c2C(F)F)N1CC(F)(F)CO,0.69,<rdkit.Chem.rdchem.Mol object at 0x000001F2C83686D0>
C[C@@H]1Cc2c([nH]c3ccccc23)[C@@H](c2cccc(OCCNCCCF)c2Cl)N1CC(F)(F)F,0.88,<rdkit.Chem.rdchem.Mol object at 0x000001F2C8368740>
C[C@@H]1Cc2c([nH]c3ccccc23)[C@@H](c2cccc(OCCNCCCF)c2F)N1CC(F)(F)F,1.7925,<rdkit.Chem.rdchem.Mol object at 0x000001F2C83687B0>
C[C@@H]1Cc2c([nH]c3ccccc23)[C@@H](c2cccc(OCCNCCCF)n2)N1CC(F)(F)F,190.0,<rdkit.Chem.rdchem.Mol object at 0x000001F2C8368820>
C[C@@H]1Cc2c([nH]c3ccccc23)[C@@H](c2ccnc(OCCNCCCF)c2)N1CC(F)(F)F,2.0,<rdkit.Chem.rdchem.Mol object at 0x000001F2C8368890>
C[C@@H]1Cc2c([nH]c3ccccc23)[C@@H](c2ccnc(OCCNCCCF)c2Cl)N1CC(F)(F)CO,0.72,<rdkit.Chem.rdchem.Mol object at 0x000001F2C8368900>
C[C@@H]1Cc2c([nH]c3ccccc23)[C@@H](c2cnc(N3CCC(CCN4CCC5(CC4)CCN(c4ccc6c(c4)CN(C4CCC(=O)NC4=O)C6=O)CC5)CC3)nc2)N1CC(C)(C)F,1.2,<rdkit.Chem.rdchem.Mol object at 0x000001F2C8368970>
C[C@@H]1Cc2c([nH]c3ccccc23)[C@@H](c2cnc(N3CCC(CCN4CCN(c5ccc6c(c5)CN(C5CCC(=O)NC5=O)C6=O)CC4)CC3)nc2)N1CC(C)(C)F,2.15,<rdkit.Chem.rdchem.Mol object at 0x000001F2C83689E0>
C[C@@H]1Cc2c([nH]c3ccccc23)[C@@H](c2cnc(N3CCC(CCN4CCOC5(CC4)CCN(c4ccc6c(c4)CN(C4CCC(=O)NC4=O)C6=O)CC5)CC3)nc2)N1CC(C)(C)F,2.0,<rdkit.Chem.rdchem.Mol object at 0x000001F2C8368A50>
C[C@@H]1Cc2c([nH]c3ccccc23)[C@@H](c2cnc(N3CCC(CN(C)C4CCN(c5ccc6c(c5)CN(C5CCC(=O)NC5=O)C6=O)CC4)CC3)nc2)N1CC(C)(C)F,1.0,<rdkit.Chem.rdchem.Mol object at 0x000001F2C8368AC0>
C[C@@H]1Cc2c([nH]c3ccccc23)[C@@H](c2cnc(N3CCC(CN4CCN(CC5CCN(c6ccc7c(c6)CN(C6CCC(=O)NC6=O)C7=O)CC5)CC4)CC3)nc2)N1CC(C)(C)F,5.6,<rdkit.Chem.rdchem.Mol object at 0x000001F2C8368B30>
C[C@@H]1Cc2c([nH]c3ccccc23)[C@@H](c2cnc(N3CCC(CN4CCN(c5ccc6c(c5)CN(C5CCC(=O)NC5=O)C6=O)CC4)CC3)nc2)N1CC(C)(C)F,1.0,<rdkit.Chem.rdchem.Mol object at 0x000001F2C8368BA0>
C[C@@H]1Cc2c([nH]c3ccccc23)[C@@H](c2cnc(N3CCC(CN4CCOC5(CC4)CCN(c4ccc6c(c4)CN(C4CCC(=O)NC4=O)C6=O)CC5)CC3)nc2)N1CC(C)(C)F,5.3,<rdkit.Chem.rdchem.Mol object at 0x000001F2C8368C10>
C[C@@H]1Cc2c([nH]c3ccccc23)[C@@H](c2cnc(N3CCC(CNC4CCN(c5ccc6c(c5)CN(C5CCC(=O)NC5=O)C6=O)CC4)CC3)nc2)N1CC(C)(C)F,1.0,<rdkit.Chem.rdchem.Mol object at 0x000001F2C8368C80>
C[C@@H]1Cc2c([nH]c3ccccc23)[C@@H](c2cnc(N3CCC(NC4CCN(c5ccc6c(c5)CN(C5CCC(=O)NC5=O)C6=O)CC4)CC3)nc2)N1CC(C)(C)F,1.0,<rdkit.Chem.rdchem.Mol object at 0x000001F2C8368CF0>
C[C@@H]1Cc2c([nH]c3ccccc23)[C@@H](c2cnc(N3CCC(OCCN4CCN(c5ccc6c(c5)CN(C5CCC(=O)NC5=O)C6=O)CC4)CC3)nc2)N1CC(C)(C)F,2.1,<rdkit.Chem.rdchem.Mol object at 0x000001F2C8368D60>
C[C@@H]1Cc2c([nH]c3ccccc23)[C@@H](c2cnc(N3CCC4(CC3)CC(CN3CC5(CCN(c6ccc7c(c6)CN(C6CCC(=O)NC6=O)C7=O)CC5)C3)C4)nc2)N1CC(C)(C)F,1.9,<rdkit.Chem.rdchem.Mol object at 0x000001F2C8368DD0>
C[C@@H]1Cc2c([nH]c3ccccc23)[C@@H](c2cnc(N3CCC4(CCN(CCC5CCN(c6ccc7c(c6)CN(C6CCC(=O)NC6=O)C7=O)CC5)CC4)CC3)nc2)N1CC(C)(C)F,22.3,<rdkit.Chem.rdchem.Mol object at 0x000001F2C8368E40>
C[C@@H]1Cc2c([nH]c3ccccc23)[C@@H](c2cnc(NCCNCCCF)cc2F)N1CC1(F)COC1,6.95,<rdkit.Chem.rdchem.Mol object at 0x000001F2C8368EB0>
C[C@@H]1Cc2c([nH]c3ccccc23)[C@@H](c2cnc(NCCNCCCF)cn2)N1CC(F)F,0.915,<rdkit.Chem.rdchem.Mol object at 0x000001F2C8368F20>
C[C@@H]1Cc2c([nH]c3ccccc23)[C@@H](c2cnc(OC3CCC4(CC3)CCN(CC3CCN(c5ccc6c(c5)CN(C5CCC(=O)NC5=O)C6=O)CC3)CC4)nc2)N1CC(C)(C)F,2.2,<rdkit.Chem.rdchem.Mol object at 0x000001F2C8368F90>
C[C@@H]1Cc2c([nH]c3ccccc23)[C@@H](c2cnc(OCCNCCCF)cn2)N1CC(C)(C)F,1.165,<rdkit.Chem.rdchem.Mol object at 0x000001F2C8369000>
C[C@@H]1Cc2c([nH]c3ccccc23)[C@@H](c2cnc(OCCNCCCF)cn2)N1CC(F)(F)CO,0.755,<rdkit.Chem.rdchem.Mol object at 0x000001F2C8369070>
C[C@@H]1Cc2c([nH]c3ccccc23)[C@@H](c2cnc(OCCNCCCF)cn2)N1CC(F)F,1.04,<rdkit.Chem.rdchem.Mol object at 0x000001F2C83690E0>
C[C@@H]1Cc2c([nH]c3ccccc23)[C@@H](c2cncc(OCCNCCCF)c2)N1CC(F)(F)F,9.2,<rdkit.Chem.rdchem.Mol object at 0x000001F2C8369150>
C[C@@H]1Cc2c([nH]c3ccccc23)[C@@H](c2ncc(/C=C/C(=O)O)cc2F)N1CC(C)(C)F,25.4,<rdkit.Chem.rdchem.Mol object at 0x000001F2C83691C0>
C[C@@H]1Cc2c([nH]c3ccccc23)[C@@H](c2ncc(OCCN3CC(CF)C3)cc2F)N1CC(C)(C)F,12.0,<rdkit.Chem.rdchem.Mol object at 0x000001F2C8369230>
C[C@@H]1Cc2c([nH]c3ccccc23)[C@@H](c2ncc(OCCNCCCF)cn2)N1CC(C)(C)F,120.5,<rdkit.Chem.rdchem.Mol object at 0x000001F2C83692A0>
C[C@@H]1Cc2c([nH]c3ccccc23)[C@@H](c2nccc(NCCNCCCF)c2F)N1CC(F)(F)F,3.6,<rdkit.Chem.rdchem.Mol object at 0x000001F2C8369310>
C[C@@H]1Cc2c([nH]c3ccccc23)[C@@H](c2nccc(OCCNCCCF)c2Cl)N1CC(F)(F)F,1.4,<rdkit.Chem.rdchem.Mol object at 0x000001F2C8369380>
C[C@@H]1Cc2c([nH]c3ccccc23)[C@@H](c2nccc(OCCNCCCF)c2F)N1CC(F)(F)CO,2.2,<rdkit.Chem.rdchem.Mol object at 0x000001F2C83693F0>
C[C@@H]1Cc2c([nH]c3ccccc23)[C@@H](c2nccc(OCCNCCCF)c2F)N1CC(F)(F)F,1.6,<rdkit.Chem.rdchem.Mol object at 0x000001F2C8369460>
C[C@@H]1Cc2c([nH]c3ccccc23)[C@@H](c2nccc(OCCNCCCF)c2F)N1CC(F)F,1.9,<rdkit.Chem.rdchem.Mol object at 0x000001F2C83694D0>
C[C@@H]1Cc2c([nH]c3ccccc23)[C@@H](c2nccc(OCCNCCCF)c2F)N1CC1(F)CC1,3.4,<rdkit.Chem.rdchem.Mol object at 0x000001F2C8369540>
C[C@@H]1Cc2c([nH]c3ccccc23)[C@@H](c2nccc(OCCNCCCF)c2F)N1CC1(F)COC1,5.2,<rdkit.Chem.rdchem.Mol object at 0x000001F2C83695B0>
C[C@@H]1Cc2c([nH]c3ccccc23)[C@@](C)(c2c(F)cc(/C=C/C(=O)O)cc2F)N1CC(C)(C)F,0.8285499999999999,<rdkit.Chem.rdchem.Mol object at 0x000001F2C8369620>
C[C@@H]1Cc2c([nH]c3ccccc23)[C@@](C)(c2c(F)cc(OCCN3CC(CF)C3)cc2F)N1CC(C)(C)F,0.6255999999999999,<rdkit.Chem.rdchem.Mol object at 0x000001F2C8369690>
C[C@@H]1Cc2c([nH]c3ccccc23)[C@@](C)(c2cccc(OCCNCCCF)c2)N1CC(F)(F)F,52.0,<rdkit.Chem.rdchem.Mol object at 0x000001F2C8369700>
C[C@@H]1Cc2c([nH]c3cccnc23)[C@@H](c2c(F)cc(OCCN3CC(CF)C3)cc2F)N1CC(C)(C)F,3.6,<rdkit.Chem.rdchem.Mol object at 0x000001F2C8369770>
C[C@@H]1Cc2c(c(F)cc3[nH]ncc23)[C@@H](c2ccc(NC3CN(CCCF)C3)cn2)N1CC(F)(F)F,10.431,<rdkit.Chem.rdchem.Mol object at 0x000001F2C83697E0>
C[C@@H]1Cc2c(c(O)cc3[nH]ncc23)[C@@H](c2ccc(NC3CN(CCCF)C3)cn2)N1CC(F)(F)F,82.85,<rdkit.Chem.rdchem.Mol object at 0x000001F2C8369850>
C[C@@H]1Cc2c(cc(F)c3[nH]ncc23)[C@@H](c2ccc(NC3CN(CCCF)C3)cn2)N1CC(F)(F)F,0.35035,<rdkit.Chem.rdchem.Mol object at 0x000001F2C83698C0>
C[C@@H]1Cc2c(ccc3[nH]ccc23)[C@@H](c2ccc(NC3CN(CCCF)C3)cn2)N1CC(F)(F)F,1.66025,<rdkit.Chem.rdchem.Mol object at 0x000001F2C8369930>
C[C@@H]1Cc2c(ccc3[nH]nc(F)c23)[C@@H](c2c(F)cc(OCCN3CC(CF)C3)cc2F)N1CC1(F)COC1,2.2,<rdkit.Chem.rdchem.Mol object at 0x000001F2C83699A0>
C[C@@H]1Cc2c(ccc3[nH]nc(F)c23)[C@@H](c2ccc(NC3CN(CCCF)C3)c(F)n2)N1CC(F)(F)CO,1.0,<rdkit.Chem.rdchem.Mol object at 0x000001F2C8369A10>
C[C@@H]1Cc2c(ccc3[nH]nc(F)c23)[C@@H](c2ccc(NC3CN(CCCF)C3)c(F)n2)N1CC(F)(F)F,0.94,<rdkit.Chem.rdchem.Mol object at 0x000001F2C8369A80>
C[C@@H]1Cc2c(ccc3[nH]nc(F)c23)[C@@H](c2ccc(NC3CN(CCCF)C3)cn2)N1CC(F)(F)CO,0.88,<rdkit.Chem.rdchem.Mol object at 0x000001F2C8369AF0>
C[C@@H]1Cc2c(ccc3[nH]nc(F)c23)[C@@H](c2ccc(NC3CN(CCCF)C3)cn2)N1CC(F)(F)F,2.1,<rdkit.Chem.rdchem.Mol object at 0x000001F2C8369B60>
C[C@@H]1Cc2c(ccc3[nH]nc(F)c23)[C@@H](c2ccc(OC3CN(CCCF)C3)cn2)N1CC(F)(F)CO,40000.0,<rdkit.Chem.rdchem.Mol object at 0x000001F2C8369BD0>
C[C@@H]1Cc2c(ccc3[nH]nc(F)c23)[C@@H](c2cnc(NC3CN(CCCF)C3)cn2)N1CC(F)(F)F,0.69,<rdkit.Chem.rdchem.Mol object at 0x000001F2C8369C40>
C[C@@H]1Cc2c(ccc3[nH]nc(F)c23)[C@@H](c2ncc(NC3CN(CCCF)C3)cc2F)N1CC(F)(F)F,1.3295,<rdkit.Chem.rdchem.Mol object at 0x000001F2C8369CB0>
C[C@@H]1Cc2c(ccc3[nH]ncc23)C(c2ccc(OCCN3CC(CF)C3)cn2)N1CC(F)(F)F,2.2,<rdkit.Chem.rdchem.Mol object at 0x000001F2C8369D20>
C[C@@H]1Cc2c(ccc3[nH]ncc23)[C@@H](c2c(F)cc(/C=C/C(=O)O)cc2F)N1CC(C)(C)F,0.7943,<rdkit.Chem.rdchem.Mol object at 0x000001F2C8369D90>
C[C@@H]1Cc2c(ccc3[nH]ncc23)[C@@H](c2c(F)cc(/C=C/C(=O)O)cc2F)N1CC(C)(F)F,0.3981,<rdkit.Chem.rdchem.Mol object at 0x000001F2C8369E00>
C[C@@H]1Cc2c(ccc3[nH]ncc23)[C@@H](c2c(F)cc(NC3CN(CCCF)C3)cc2F)N1CC(C)(F)CO,12.5,<rdkit.Chem.rdchem.Mol object at 0x000001F2C8369E70>
C[C@@H]1Cc2c(ccc3[nH]ncc23)[C@@H](c2c(F)cc(NC3CN(CCCF)C3)cc2F)N1CC(F)(F)CO,2.2,<rdkit.Chem.rdchem.Mol object at 0x000001F2C8369EE0>
C[C@@H]1Cc2c(ccc3[nH]ncc23)[C@@H](c2c(F)cc(NC3CN(CCCF)C3)cc2F)N1CC(F)(F)F,2.0,<rdkit.Chem.rdchem.Mol object at 0x000001F2C8369F50>
C[C@@H]1Cc2c(ccc3[nH]ncc23)[C@@H](c2c(F)cc(NC3CN(CCCF)C3)cc2F)N1CC(F)F,1.5,<rdkit.Chem.rdchem.Mol object at 0x000001F2C8369FC0>
C[C@@H]1Cc2c(ccc3[nH]ncc23)[C@@H](c2c(F)cc(NC3CN(CCCF)C3)cc2F)N1CC1(F)CC1,20.0,<rdkit.Chem.rdchem.Mol object at 0x000001F2C836A030>
C[C@@H]1Cc2c(ccc3[nH]ncc23)[C@@H](c2c(F)cc(NC3CN(CCCF)C3)cc2F)N1C[C@@](C)(F)CO,5.105,<rdkit.Chem.rdchem.Mol object at 0x000001F2C836A0A0>
C[C@@H]1Cc2c(ccc3[nH]ncc23)[C@@H](c2c(F)cc(NC3CN(CCCF)C3)cc2F)N1C[C@](C)(F)CO,7.575,<rdkit.Chem.rdchem.Mol object at 0x000001F2C836A110>
C[C@@H]1Cc2c(ccc3[nH]ncc23)[C@@H](c2c(F)cc(NCCN3CC(CF)C3)cc2F)N1CC(C)(C)F,1.1,<rdkit.Chem.rdchem.Mol object at 0x000001F2C836A180>
C[C@@H]1Cc2c(ccc3[nH]ncc23)[C@@H](c2c(F)cc(OCCN3CC(C(F)F)C3)cc2F)N1CC(C)(C)F,0.58,<rdkit.Chem.rdchem.Mol object at 0x000001F2C836A1F0>
C[C@@H]1Cc2c(ccc3[nH]ncc23)[C@@H](c2c(F)cc(OCCN3CC(CF)C3)cc2F)N1CC(C)(C)F,0.6,<rdkit.Chem.rdchem.Mol object at 0x000001F2C836A260>
C[C@@H]1Cc2c(ccc3[nH]ncc23)[C@@H](c2c(F)cc(OCCN3CC(CF)C3)cc2F)N1CC(F)CF,3.25,<rdkit.Chem.rdchem.Mol object at 0x000001F2C836A2D0>
C[C@@H]1Cc2c(ccc3[nH]ncc23)[C@@H](c2ccc(/C=C/C(=O)O)cc2)N1CC(C)(C)F,0.9506,<rdkit.Chem.rdchem.Mol object at 0x000001F2C836A340>
C[C@@H]1Cc2c(ccc3[nH]ncc23)[C@@H](c2ccc(N(C)C3CN(CCCF)C3)cn2)N1CC(F)(F)F,1.9,<rdkit.Chem.rdchem.Mol object at 0x000001F2C836A3B0>
C[C@@H]1Cc2c(ccc3[nH]ncc23)[C@@H](c2ccc(N(C)C3CN(CCCF)C3)cn2)N1CC(F)F,4.1,<rdkit.Chem.rdchem.Mol object at 0x000001F2C836A420>
C[C@@H]1Cc2c(ccc3[nH]ncc23)[C@@H](c2ccc(N(C)C3CN(CCCF)C3)cn2)N1CC1(F)CC1,5.0,<rdkit.Chem.rdchem.Mol object at 0x000001F2C836A490>
C[C@@H]1Cc2c(ccc3[nH]ncc23)[C@@H](c2ccc(N(C)[C@H]3CCN(CCCF)C3)cn2)N1CC(F)(F)F,20.30215,<rdkit.Chem.rdchem.Mol object at 0x000001F2C836A500>
C[C@@H]1Cc2c(ccc3[nH]ncc23)[C@@H](c2ccc(NC3(C)CN(CCCF)C3)cn2)N1CC(F)(F)F,5.5525,<rdkit.Chem.rdchem.Mol object at 0x000001F2C836A570>
C[C@@H]1Cc2c(ccc3[nH]ncc23)[C@@H](c2ccc(NC3CN(CCCF)C3)c(F)c2)N1CC(F)(F)F,2.4,<rdkit.Chem.rdchem.Mol object at 0x000001F2C836A5E0>
C[C@@H]1Cc2c(ccc3[nH]ncc23)[C@@H](c2ccc(NC3CN(CCCF)C3)c(F)n2)N1CC(F)(F)F,1.5925,<rdkit.Chem.rdchem.Mol object at 0x000001F2C836A650>
C[C@@H]1Cc2c(ccc3[nH]ncc23)[C@@H](c2ccc(NC3CN(CCCF)C3)c(F)n2)N1CC(F)F,1.2,<rdkit.Chem.rdchem.Mol object at 0x000001F2C836A6C0>
C[C@@H]1Cc2c(ccc3[nH]ncc23)[C@@H](c2ccc(NC3CN(CCCF)C3)cc2)N1CC(F)(F)F,0.81,<rdkit.Chem.rdchem.Mol object at 0x000001F2C836A730>
C[C@@H]1Cc2c(ccc3[nH]ncc23)[C@@H](c2ccc(NC3CN(CCCF)C3)cc2)N1CC(F)F,1.5,<rdkit.Chem.rdchem.Mol object at 0x000001F2C836A7A0>
C[C@@H]1Cc2c(ccc3[nH]ncc23)[C@@H](c2ccc(NC3CN(CCCF)C3)cn2)N1CC(C)(C)F,73.0,<rdkit.Chem.rdchem.Mol object at 0x000001F2C836A810>
C[C@@H]1Cc2c(ccc3[nH]ncc23)[C@@H](c2ccc(NC3CN(CCCF)C3)cn2)N1CC(C)(F)F,3.981,<rdkit.Chem.rdchem.Mol object at 0x000001F2C836A880>
C[C@@H]1Cc2c(ccc3[nH]ncc23)[C@@H](c2ccc(NC3CN(CCCF)C3)cn2)N1CC(F)(F)CO,6.605,<rdkit.Chem.rdchem.Mol object at 0x000001F2C836A8F0>
C[C@@H]1Cc2c(ccc3[nH]ncc23)[C@@H](c2ccc(NC3CN(CCCF)C3)cn2)N1CC(F)(F)F,1.8,<rdkit.Chem.rdchem.Mol object at 0x000001F2C836A960>
C[C@@H]1Cc2c(ccc3[nH]ncc23)[C@@H](c2ccc(NC3CN(CCCF)C3)cn2)N1CC(F)F,3.981,<rdkit.Chem.rdchem.Mol object at 0x000001F2C836A9D0>
C[C@@H]1Cc2c(ccc3[nH]ncc23)[C@@H](c2ccc(NC3CN(CCCF)C3)cn2)N1CC1(F)CC1,6.404999999999999,<rdkit.Chem.rdchem.Mol object at 0x000001F2C836AA40>
C[C@@H]1Cc2c(ccc3[nH]ncc23)[C@@H](c2ccc(NC3CN(CCCF)C3)nc2)N1CC1(F)CC1,160.0,<rdkit.Chem.rdchem.Mol object at 0x000001F2C836AAB0>
C[C@@H]1Cc2c(ccc3[nH]ncc23)[C@@H](c2ccc(NC3CN(CCCF)C3)nc2F)N1CC(F)(F)F,1.3,<rdkit.Chem.rdchem.Mol object at 0x000001F2C836AB20>
C[C@@H]1Cc2c(ccc3[nH]ncc23)[C@@H](c2ccc(NCCNCCCF)cn2)N1CC(F)(F)F,2.8215,<rdkit.Chem.rdchem.Mol object at 0x000001F2C836AB90>
C[C@@H]1Cc2c(ccc3[nH]ncc23)[C@@H](c2ccc(NCCNCCCF)cn2)N1CC1(F)CC1,5.5,<rdkit.Chem.rdchem.Mol object at 0x000001F2C836AC00>
C[C@@H]1Cc2c(ccc3[nH]ncc23)[C@@H](c2ccc(N[C@H]3CCN(CCCF)C3)cn2)N1CC(F)(F)F,1.31895,<rdkit.Chem.rdchem.Mol object at 0x000001F2C836AC70>
C[C@@H]1Cc2c(ccc3[nH]ncc23)[C@@H](c2ccc(OC3CN(CCCF)C3)cn2)N1CC(F)(F)CO,2.1,<rdkit.Chem.rdchem.Mol object at 0x000001F2C836ACE0>
C[C@@H]1Cc2c(ccc3[nH]ncc23)[C@@H](c2ccc(OC3CN(CCCF)C3)cn2)N1CC(F)F,6.7,<rdkit.Chem.rdchem.Mol object at 0x000001F2C836AD50>
C[C@@H]1Cc2c(ccc3[nH]ncc23)[C@@H](c2ccc(OCCN3CC(CF)C3)cc2)N1CC1(F)CC1,9.2,<rdkit.Chem.rdchem.Mol object at 0x000001F2C836ADC0>
C[C@@H]1Cc2c(ccc3[nH]ncc23)[C@@H](c2ccc(OCCN3CC(CF)C3)cc2)N1CC1(F)COC1,1.4,<rdkit.Chem.rdchem.Mol object at 0x000001F2C836AE30>
C[C@@H]1Cc2c(ccc3[nH]ncc23)[C@@H](c2ccc(OCCN3CC(CF)C3)cc2C#N)N1CC1(F)CC1,2.8,<rdkit.Chem.rdchem.Mol object at 0x000001F2C836AEA0>
C[C@@H]1Cc2c(ccc3[nH]ncc23)[C@@H](c2ccc(OCCN3CC(CF)C3)cn2)N1CC(C)(F)F,1.8,<rdkit.Chem.rdchem.Mol object at 0x000001F2C836AF10>
C[C@@H]1Cc2c(ccc3[nH]ncc23)[C@@H](c2ccc(OCCN3CC(CF)C3)cn2)N1CC(F)(F)F,0.8285499999999999,<rdkit.Chem.rdchem.Mol object at 0x000001F2C836AF80>
C[C@@H]1Cc2c(ccc3[nH]ncc23)[C@@H](c2ccc(OCCN3CC(CF)C3)cn2)N1CC(F)F,2.512,<rdkit.Chem.rdchem.Mol object at 0x000001F2C836AFF0>
C[C@@H]1Cc2c(ccc3[nH]ncc23)[C@@H](c2ccc(OCCN3CC(CF)C3)cn2)N1CC1(F)CC1,1.259,<rdkit.Chem.rdchem.Mol object at 0x000001F2C836B060>
C[C@@H]1Cc2c(ccc3[nH]ncc23)[C@@H](c2ccc(O[C@H]3CCN(CCCF)C3)cn2)N1CC(F)(F)F,1.19655,<rdkit.Chem.rdchem.Mol object at 0x000001F2C836B0D0>
C[C@@H]1Cc2c(ccc3[nH]ncc23)[C@@H](c2cnc(NC3CN(CCCF)C3)cn2)N1CC(F)(F)F,3.8,<rdkit.Chem.rdchem.Mol object at 0x000001F2C836B140>
C[C@@H]1Cc2c(ccc3[nH]ncc23)[C@@H](c2cnc(NC3CN(CCCF)C3)cn2)N1CC(F)F,2.7,<rdkit.Chem.rdchem.Mol object at 0x000001F2C836B1B0>
C[C@@H]1Cc2c(ccc3[nH]ncc23)[C@@H](c2cnc(NC3CN(CCCF)C3)cn2)N1CC1(F)CC1,8.2,<rdkit.Chem.rdchem.Mol object at 0x000001F2C836B220>
C[C@@H]1Cc2c(ccc3[nH]ncc23)[C@@H](c2ncc(NC3CN(CCCF)C3)cc2F)N1CC(F)(F)CF,1.995,<rdkit.Chem.rdchem.Mol object at 0x000001F2C836B290>
C[C@@H]1Cc2c(ccc3[nH]ncc23)[C@@H](c2ncc(NC3CN(CCCF)C3)cc2F)N1CC(F)(F)CO,13.0,<rdkit.Chem.rdchem.Mol object at 0x000001F2C836B300>
C[C@@H]1Cc2c(ccc3[nH]ncc23)[C@@H](c2ncc(NC3CN(CCCF)C3)cc2F)N1CC(F)(F)F,1.8,<rdkit.Chem.rdchem.Mol object at 0x000001F2C836B370>
C[C@@H]1Cc2c(ccc3[nH]ncc23)[C@@H](c2ncc(NC3CN(CCCF)C3)cc2F)N1CC(F)F,3.6,<rdkit.Chem.rdchem.Mol object at 0x000001F2C836B3E0>
C[C@@H]1Cc2c(ccc3[nH]ncc23)[C@@H](c2ncc(NC3CN(CCCF)C3)cc2F)N1CC1(F)CC1,29.0,<rdkit.Chem.rdchem.Mol object at 0x000001F2C836B450>
C[C@@H]1Cc2c(ccc3[nH]ncc23)[C@@H](c2ncc(OC3CN(CCCF)C3)cc2F)N1CC(F)(F)CO,7.2,<rdkit.Chem.rdchem.Mol object at 0x000001F2C836B4C0>
C[C@@H]1Cc2c(ccc3[nH]ncc23)[C@@H](c2ncc(OCCN3CC(CF)C3)cc2F)N1CC(F)(F)F,2.1,<rdkit.Chem.rdchem.Mol object at 0x000001F2C836B530>
C[C@@H]1Cc2c(ccc3[nH]ncc23)[C@@H](c2ncc(OCCN3CC(CF)C3)cc2F)N1CC(F)F,4.1,<rdkit.Chem.rdchem.Mol object at 0x000001F2C836B5A0>
C[C@@H]1Cc2c(ccc3[nH]ncc23)[C@@](C)(c2c(F)cc(/C=C/C(=O)O)cc2F)N1CC(C)(C)F,0.5145500000000001,<rdkit.Chem.rdchem.Mol object at 0x000001F2C836B610>
C[C@@H]1Cc2c(ccc3[nH]ncc23)[C@@](C)(c2c(F)cc(/C=C/C(=O)O)cc2F)N1CC(C)(F)F,0.55525,<rdkit.Chem.rdchem.Mol object at 0x000001F2C836B680>
C[C@@H]1Cc2c(ccc3[nH]ncc23)[C@@](C)(c2c(F)cc(OCCN3CC(CF)C3)cc2F)N1CC(C)(C)F,1.5,<rdkit.Chem.rdchem.Mol object at 0x000001F2C836B6F0>
C[C@@H]1Cc2c(ccc3[nH]ncc23)[C@@](C)(c2ccc(NC3CN(CCCF)C3)cn2)N1CC(F)F,9.6,<rdkit.Chem.rdchem.Mol object at 0x000001F2C836B760>
C[C@@H]1Cc2c(ccc3[nH]ncc23)[C@@](C)(c2ccc(OCCN3CC(CF)C3)cc2)N1CC1(F)CC1,0.98,<rdkit.Chem.rdchem.Mol object at 0x000001F2C836B7D0>
C[C@@H]1Cc2c(ccc3[nH]ncc23)[C@@](C)(c2ccc(OCCN3CC(CF)C3)cc2)N1CC1(F)COC1,0.67,<rdkit.Chem.rdchem.Mol object at 0x000001F2C836B840>
C[C@@H]1Cc2c(n(C)c3ccccc23)[C@@H](c2cnc(N3CCC(CCN4CCN(c5ccc6c(c5)CN(C5CCC(=O)NC5=O)C6=O)CC4)CC3)nc2)N1CC(C)(C)F,24.0,<rdkit.Chem.rdchem.Mol object at 0x000001F2C836B8B0>
C[C@@H]1Cc2cc(O)ccc2[C@@H](c2c(F)cc(/C=C/C(=O)O)cc2F)N1CC(C)(C)F,0.61,<rdkit.Chem.rdchem.Mol object at 0x000001F2C836B920>
C[C@@H]1Cc2cc(O)ccc2[C@@H](c2ccc(/C=C/C(=O)O)cc2)N1c1ccc(OC(F)(F)F)cc1,3.9,<rdkit.Chem.rdchem.Mol object at 0x000001F2C836B990>
C[C@@H]1c2c(ccc(O)c2F)O[C@@H](c2ccc(OCCN3CCCC3)cc2)[C@H]1c1ccc(O)cc1,0.9,<rdkit.Chem.rdchem.Mol object at 0x000001F2C836BA00>
C[C@@H]1c2c(ccc(O)c2F)O[C@@H](c2ccc(OCCN3CCCCC3)cc2)[C@H]1c1ccc(O)cc1,0.8,<rdkit.Chem.rdchem.Mol object at 0x000001F2C836BA70>
C[C@@H]1c2c(ccc(O)c2F)O[C@@H](c2ccc(OCCN3CCCCCC3)cc2)[C@H]1c1ccc(O)cc1,0.3,<rdkit.Chem.rdchem.Mol object at 0x000001F2C836BAE0>
C[C@@H]1c2c(ccc(O)c2F)O[C@@H](c2ccc(OC[C@H](C)N3CCCC3)cc2)[C@H]1c1ccc(O)cc1,0.5,<rdkit.Chem.rdchem.Mol object at 0x000001F2C836BB50>
C[C@@H]1c2c(ccc(O)c2F)O[C@@H](c2ccc(OC[C@H](C)N3CCC[C@H]3C)cc2)[C@H]1c1ccc(O)cc1,0.7,<rdkit.Chem.rdchem.Mol object at 0x000001F2C836BBC0>
C[C@@H]1c2cc(O)ccc2O[C@@H](c2ccc(OCCN3CCCC3)cc2)[C@H]1c1ccc(O)cc1,1.5,<rdkit.Chem.rdchem.Mol object at 0x000001F2C836BC30>
C[C@@H]1c2cc(O)ccc2O[C@@H](c2ccc(OCCN3CCCCC3)cc2)[C@H]1c1ccc(O)cc1,1.4,<rdkit.Chem.rdchem.Mol object at 0x000001F2C836BCA0>
C[C@@H]1c2cc(O)ccc2O[C@@H](c2ccc(OC[C@H](C)N3CCCC3)cc2)[C@H]1c1ccc(O)cc1,1.4,<rdkit.Chem.rdchem.Mol object at 0x000001F2C836BD10>
C[C@@H]1c2ccc(O)cc2O[C@@H](c2ccc(OCCN3CCCCC3)cc2)[C@H]1c1ccc(O)cc1,0.66,<rdkit.Chem.rdchem.Mol object at 0x000001F2C836BD80>
C[C@@]1(c2ccc(Sc3ccc(N)cc3)cc2)O[C@@H]2C[C@H]3[C@@H]4CCC5=CC(=O)C=C[C@]5(C)[C@H]4[C@@H](O)C[C@]3(C)[C@]2(C(=O)CO)O1,30000.0,<rdkit.Chem.rdchem.Mol object at 0x000001F2C836BDF0>
C[C@@]1(c2ccc(Sc3ccc(N)cc3)cc2)O[C@@H]2C[C@H]3[C@@H]4C[C@H](F)C5=CC(=O)C=C[C@]5(C)[C@@]4(F)[C@@H](O)C[C@]3(C)[C@]2(C(=O)CO)O1,30000.0,<rdkit.Chem.rdchem.Mol object at 0x000001F2C836BE60>
C[C@@]12CCC(=O)C(C(F)(F)F)=C1c1ccc3[nH]ncc3c1C2,1478.0,<rdkit.Chem.rdchem.Mol object at 0x000001F2C836BED0>
C[C@H](CCc1ccc(O)cc1)NC(=O)Cc1c(-c2ccccc2)[nH]c2c(OCCCCCN3CCCCC3)cccc12,13.0,<rdkit.Chem.rdchem.Mol object at 0x000001F2C836BF40>
C[C@H](CCc1ccc(O)cc1)NC(=O)Cc1c(-c2ccccc2)[nH]c2c(OCCCCN3CCCCC3)cccc12,23.0,<rdkit.Chem.rdchem.Mol object at 0x000001F2C8500040>
C[C@H](CCc1ccc(O)cc1)NC(=O)Cc1c(-c2ccccc2)[nH]c2c(OCCCN3CCCCC3)cccc12,69.0,<rdkit.Chem.rdchem.Mol object at 0x000001F2C85000B0>
C[C@H](CCc1ccc(O)cc1)NC(=O)Cc1c(-c2ccccc2)[nH]c2c(OCCN3CCCCC3)cccc12,440.0,<rdkit.Chem.rdchem.Mol object at 0x000001F2C8500120>
C[C@H](CCc1ccc(O)cc1)NC(=O)Cc1c(-c2ccccc2)[nH]c2cc(OCCCCN3CCCCC3)ccc12,10.1,<rdkit.Chem.rdchem.Mol object at 0x000001F2C8500190>
C[C@H](CCc1ccc(O)cc1)NC(=O)Cc1c(-c2ccccc2)[nH]c2cc(OCCCN3CCCC3)ccc12,9.1,<rdkit.Chem.rdchem.Mol object at 0x000001F2C8500200>
C[C@H](CCc1ccc(O)cc1)NC(=O)Cc1c(-c2ccccc2)[nH]c2cc(OCCCN3CCCCC3)ccc12,13.0,<rdkit.Chem.rdchem.Mol object at 0x000001F2C8500270>
C[C@H](CCc1ccc(O)cc1)NC(=O)Cc1c(-c2ccccc2)[nH]c2cc(OCCN3CCCC3)ccc12,22.0,<rdkit.Chem.rdchem.Mol object at 0x000001F2C85002E0>
C[C@H](CCc1ccc(O)cc1)NC(=O)Cc1c(-c2ccccc2)[nH]c2cc(OCCN3CCCCC3)ccc12,8.0,<rdkit.Chem.rdchem.Mol object at 0x000001F2C8500350>
C[C@H](CCc1ccc(O)cc1)NC(=O)Cc1c(-c2ccccc2)[nH]c2ccc(OCCCCCN3CCCCC3)cc12,6.6,<rdkit.Chem.rdchem.Mol object at 0x000001F2C85003C0>
C[C@H](CCc1ccc(O)cc1)NC(=O)Cc1c(-c2ccccc2)[nH]c2ccc(OCCCCN3CCCCC3)cc12,31.0,<rdkit.Chem.rdchem.Mol object at 0x000001F2C8500430>
C[C@H](CCc1ccc(O)cc1)NC(=O)Cc1c(-c2ccccc2)[nH]c2ccc(OCCCN3CCCCC3)cc12,40.0,<rdkit.Chem.rdchem.Mol object at 0x000001F2C85004A0>
C[C@H](CCc1ccc(O)cc1)NC(=O)Cc1c(-c2ccccc2)[nH]c2ccc(OCCN3CCCCC3)cc12,378.0,<rdkit.Chem.rdchem.Mol object at 0x000001F2C8500510>
C[C@H](CCc1ccc(O)cc1)NC(=O)Cc1c(-c2ccccc2)[nH]c2cccc(OCCN3CCCCC3)c12,1134.0,<rdkit.Chem.rdchem.Mol object at 0x000001F2C8500580>
C[C@H](CCc1ccc(O)cc1)NC(=O)Cc1c(-c2ccccc2)[nH]c2ccccc12,1.0,<rdkit.Chem.rdchem.Mol object at 0x000001F2C85005F0>
C[C@H](CCc1ccc(O)cc1)NC(=O)Cc1c(-c2ccccc2)n(C(=O)c2ccc(OCCN3CCCCC3)cc2)c2ccccc12,175.0,<rdkit.Chem.rdchem.Mol object at 0x000001F2C8500660>
C[C@H](CCc1ccc(O)cc1)NC(=O)Cc1c(-c2ccccc2)n(Cc2ccc(OCCCCN3CCCCC3)cc2)c2ccccc12,4.9,<rdkit.Chem.rdchem.Mol object at 0x000001F2C85006D0>
C[C@H](CCc1ccc(O)cc1)NC(=O)Cc1c(-c2ccccc2)n(Cc2ccc(OCCCN3CCCCC3)cc2)c2ccccc12,7.8,<rdkit.Chem.rdchem.Mol object at 0x000001F2C8500740>
C[C@H](CCc1ccc(O)cc1)NC(=O)Cc1c(-c2ccccc2)n(Cc2ccc(OCCN3CCCCC3)cc2)c2ccccc12,20.0,<rdkit.Chem.rdchem.Mol object at 0x000001F2C85007B0>
C[C@H](CF)CN1C(c2c(F)cc(/C=C/C(=O)O)cc2F)c2[nH]c3ccccc3c2CC1(C)C,385.0,<rdkit.Chem.rdchem.Mol object at 0x000001F2C8500820>
C[C@H](CF)CN1C(c2ccc(/C=C/C(=O)O)cc2)c2[nH]c3ccccc3c2CC1(C)C,3350.0,<rdkit.Chem.rdchem.Mol object at 0x000001F2C8500890>
C[C@H](CF)CN1C(c2ccc(/C=C/C(=O)O)cc2F)c2[nH]c3ccccc3c2CC1(C)C,1350.0,<rdkit.Chem.rdchem.Mol object at 0x000001F2C8500900>
C[C@H](CF)CN1[C@H](c2c(F)cc(/C=C/C(=O)O)cc2F)c2[nH]c3ccccc3c2C[C@H]1C,700.0,<rdkit.Chem.rdchem.Mol object at 0x000001F2C8500970>
C[C@H](CF)CN1[C@H](c2c(F)cc(/C=C/C(=O)O)cc2F)c2ccc(O)cc2CC1(C)C,1.145,<rdkit.Chem.rdchem.Mol object at 0x000001F2C85009E0>
C[C@H](CF)CN1[C@H](c2c(F)cc(/C=C/C(=O)O)cc2F)c2ccc(O)cc2C[C@H]1C,0.835,<rdkit.Chem.rdchem.Mol object at 0x000001F2C8500A50>
C[C@H](CF)CN1[C@H](c2ccc(/C=C/C(=O)O)cc2)c2[nH]c3ccccc3c2C[C@H]1C,1295.0,<rdkit.Chem.rdchem.Mol object at 0x000001F2C8500AC0>
C[C@H](CF)CN1[C@H](c2ccc(/C=C/C(=O)O)cc2)c2ccc(O)cc2CC1(C)C,4.3500000000000005,<rdkit.Chem.rdchem.Mol object at 0x000001F2C8500B30>
C[C@H](CF)CN1[C@H](c2ccc(/C=C/C(=O)O)cc2)c2ccc(O)cc2C[C@H]1C,3.3000000000000003,<rdkit.Chem.rdchem.Mol object at 0x000001F2C8500BA0>
C[C@H](CN1CCCC1)Oc1ccc([C@@H]2Oc3ccc(O)cc3S[C@@H]2c2ccc(O)cc2)cc1,6.3,<rdkit.Chem.rdchem.Mol object at 0x000001F2C8500C10>
C[C@H](CN1CCCC1)Oc1ccc([C@@H]2Oc3ccc(O)cc3[C@@H](C)[C@@H]2c2ccc(O)cc2)cc1,1.5,<rdkit.Chem.rdchem.Mol object at 0x000001F2C8500C80>
C[C@H](CO)CN1[C@H](c2ccc(/C=C/C(=O)O)cc2)c2[nH]c3ccccc3c2C[C@H]1C,57.97500000000001,<rdkit.Chem.rdchem.Mol object at 0x000001F2C8500CF0>
C[C@H](COc1ccc(C(=O)c2c(-c3ccc(O)cc3)sc3cc(O)ccc23)cc1)N1CCCC1,0.2,<rdkit.Chem.rdchem.Mol object at 0x000001F2C8500D60>
C[C@H](COc1ccc([C@@H]2Oc3ccc(O)cc3S[C@@H]2c2ccc(O)cc2)cc1)N1CCCC1,1.7,<rdkit.Chem.rdchem.Mol object at 0x000001F2C8500DD0>
C[C@H](COc1ccc([C@@H]2c3[nH]c4ccccc4c3C[C@@H](C)N2CC2(F)COC2)cc1)NCCCF,8.6,<rdkit.Chem.rdchem.Mol object at 0x000001F2C8500E40>
C[C@H](NC(=O)C(C)(F)F)[C@H](Oc1ccc2c(cnn2-c2cccc(C(=O)NCc3cccnc3)c2)c1)c1ccc2c(c1)OCCO2,10000.0,<rdkit.Chem.rdchem.Mol object at 0x000001F2C8500EB0>
C[C@H](NC(=O)C(C)(F)F)[C@H](Oc1ccc2c(cnn2-c2cccc(C(=O)NCc3cccnc3)c2)c1)c1ccc2c(c1)OCOC2,10000.0,<rdkit.Chem.rdchem.Mol object at 0x000001F2C8500F20>
C[C@H](NC(=O)C(C)(F)F)[C@H](Oc1ccc2c(cnn2-c2cccc(C(=O)N[C@@H]3CCOC3)c2)c1)c1ccc2c(c1)OCCO2,10000.0,<rdkit.Chem.rdchem.Mol object at 0x000001F2C8500F90>
C[C@H](NC(=O)C(C)(F)F)[C@H](Oc1ccc2c(cnn2-c2cccc(C(=O)N[C@@H]3CCS(=O)(=O)C3)c2)c1)c1ccc2c(c1)OCCO2,10000.0,<rdkit.Chem.rdchem.Mol object at 0x000001F2C8501000>
C[C@H](NC(=O)C(F)(F)F)[C@H](Oc1ccc2c(cnn2-c2ccc(F)cc2)c1)c1ccc2ccccc2c1,10000.0,<rdkit.Chem.rdchem.Mol object at 0x000001F2C8501070>
C[C@H](NC(=O)C(F)(F)F)[C@H](Oc1ccc2c(cnn2-c2ccc(F)cc2)c1)c1ccccc1,10000.0,<rdkit.Chem.rdchem.Mol object at 0x000001F2C85010E0>
C[C@H](NC(=O)CO)[C@H](Oc1ccc2c(cnn2-c2ccc(F)cc2)c1)c1ccc(S(C)(=O)=O)cc1,10000.0,<rdkit.Chem.rdchem.Mol object at 0x000001F2C8501150>
C[C@H](NS(=O)(=O)C1CC1)[C@H](Oc1ccc2c(cnn2-c2ccc(F)cc2)c1)c1ccc(S(C)(=O)=O)cc1,20000.0,<rdkit.Chem.rdchem.Mol object at 0x000001F2C85011C0>
C[C@H](NS(=O)(=O)C1CC1)[C@H](Oc1ccc2c(cnn2-c2ccc(F)cc2)c1)c1ccccc1,10000.0,<rdkit.Chem.rdchem.Mol object at 0x000001F2C8501230>
C[C@H](Nc1ccc([C@@H]2O[C@@H]3C[C@H]4[C@@H]5CCC6=CC(=O)C=C[C@]6(C)[C@@]5(F)[C@@H](O)C[C@]4(C)[C@]3(C(=O)CO)O2)cn1)c1ccc(N)cc1,30000.0,<rdkit.Chem.rdchem.Mol object at 0x000001F2C85012A0>
C[C@H](O)c1ccccc1-c1sc2cc(O)ccc2c1Oc1ccc(/C=C/C(=O)O)cc1,92.5,<rdkit.Chem.rdchem.Mol object at 0x000001F2C8501310>
C[C@H](c1ccc(F)cc1)N1C(=O)O[C@](Cc2ccc(F)cc2)(C(=O)NCc2ccc(Cl)c(Cl)c2)C1=O,7300.0,<rdkit.Chem.rdchem.Mol object at 0x000001F2C8501380>
C[C@H](c1ccc(F)cc1)N1C(=O)O[C@](Cc2ccccc2)(c2nc3c(NS(C)(=O)=O)cccc3[nH]2)C1=O,20000.0,<rdkit.Chem.rdchem.Mol object at 0x000001F2C85013F0>
C[C@H](c1ccc(F)cc1)N1C(=O)O[C@](Cc2ccccc2)(c2nc3cc(-c4cc[nH]n4)ccc3[nH]2)C1=O,6300.0,<rdkit.Chem.rdchem.Mol object at 0x000001F2C8501460>
C[C@H](c1ccc(F)cc1)N1C(=O)O[C@](Cc2ccccc2)(c2nc3cc(-c4cccnc4)ccc3[nH]2)C1=O,7900.0,<rdkit.Chem.rdchem.Mol object at 0x000001F2C85014D0>
C[C@H](c1ccc(F)cc1)N1C(=O)O[C@](Cc2ccccc2)(c2nc3cc(C(F)(F)F)ccc3[nH]2)C1=O,3000.0,<rdkit.Chem.rdchem.Mol object at 0x000001F2C8501540>
C[C@H](c1ccc(F)cc1)N1C(=O)O[C@](Cc2ccccc2)(c2nc3cc(Cl)ccc3[nH]2)C1=O,3300.0,<rdkit.Chem.rdchem.Mol object at 0x000001F2C85015B0>
C[C@H](c1ccc(F)cc1)N1C(=O)O[C@](Cc2ccccc2)(c2nc3cc(N4CCOCC4)ccc3[nH]2)C1=O,6100.0,<rdkit.Chem.rdchem.Mol object at 0x000001F2C8501620>
C[C@H](c1ccc(F)cc1)N1C(=O)O[C@](Cc2ccccc2)(c2nc3cc(NS(C)(=O)=O)ccc3[nH]2)C1=O,17000.0,<rdkit.Chem.rdchem.Mol object at 0x000001F2C8501690>
C[C@H](c1ccc(N)cc1)c1ccc([C@@H]2O[C@@H]3C[C@H]4[C@@H]5C[C@H](F)C6=CC(=O)C=C[C@]6(C)[C@@]5(F)[C@@H](O)C[C@]4(C)[C@]3(C(=O)CO)O2)cc1,30000.0,<rdkit.Chem.rdchem.Mol object at 0x000001F2C8501700>
C[C@H](c1ccc([C@@H]2O[C@@H]3C[C@H]4[C@@H]5C[C@H](F)C6=CC(=O)C=C[C@]6(C)[C@@]5(F)[C@@H](O)C[C@]4(C)[C@]3(C(=O)CO)O2)cc1)c1cccc(N)c1,30000.0,<rdkit.Chem.rdchem.Mol object at 0x000001F2C8501770>
C[C@H](c1ccccc1)N1C(=O)O[C@](Cc2ccccc2)(c2nnc(C3(c4ccccc4)CC3)o2)C1=O,5000.0,<rdkit.Chem.rdchem.Mol object at 0x000001F2C85017E0>
C[C@H]1C(=O)c2ccc(O)cc2O[C@@H]1c1ccc(OCCN2CCCCC2)cc1,1415.0,<rdkit.Chem.rdchem.Mol object at 0x000001F2C8501850>
C[C@H]1CCCN1CCOc1ccc([C@@H]2Oc3ccc(O)cc3S[C@@H]2c2ccc(O)cc2)cc1,0.8,<rdkit.Chem.rdchem.Mol object at 0x000001F2C85018C0>
C[C@H]1CCN(CCOc2ccc(C(=O)c3c(-c4ccc(O)cc4)sc4cc(O)ccc34)cc2)C1,0.6,<rdkit.Chem.rdchem.Mol object at 0x000001F2C8501930>
C[C@H]1CCN(CCOc2ccc([C@@H]3Oc4ccc(O)c(F)c4[C@@H](C)[C@@H]3c3ccc(O)cc3)cc2)C1,0.8,<rdkit.Chem.rdchem.Mol object at 0x000001F2C85019A0>
C[C@H]1CCN(CCOc2ccc([C@@H]3Oc4ccc(O)cc4S[C@@H]3c3ccc(O)cc3)cc2)C1,1.0,<rdkit.Chem.rdchem.Mol object at 0x000001F2C8501A10>
C[C@H]1CCN(CCOc2ccc([C@@H]3Oc4ccc(O)cc4[C@@H](C)[C@@H]3c3ccc(O)cc3)cc2)C1,1.3,<rdkit.Chem.rdchem.Mol object at 0x000001F2C8501A80>
C[C@H]1CCN([C@@H](C)COc2ccc([C@@H]3Oc4ccc(O)c(F)c4[C@@H](C)[C@@H]3c3ccc(O)cc3)cc2)C1,2.5,<rdkit.Chem.rdchem.Mol object at 0x000001F2C8501AF0>
C[C@H]1CN(CCOc2ccc([C@@H]3Oc4ccc(O)cc4S[C@@H]3c3ccc(O)cc3)cc2)C[C@@H]1C,0.5,<rdkit.Chem.rdchem.Mol object at 0x000001F2C8501B60>
C[C@H]1C[C@H](C)OC2(CCC3=Cc4c(cnn4-c4ccc(F)cc4)C[C@@]32C)O1,10000.0,<rdkit.Chem.rdchem.Mol object at 0x000001F2C8501BD0>
C[C@H]1Cc2c([nH]c3cc(Cl)c(F)cc23)[C@@]2(N1)C(=O)Nc1ccc(Cl)cc12,30000.0,<rdkit.Chem.rdchem.Mol object at 0x000001F2C8501C40>
C[C@H]1OC2(CCC3=Cc4c(cnn4-c4ccc(F)cc4)C[C@@]32C)O[C@@H]1C,10000.0,<rdkit.Chem.rdchem.Mol object at 0x000001F2C8501CB0>
C[C@H]1c2cc(O)ccc2O[C@@H](c2ccc(OCCN3CCCCC3)cc2)[C@H]1c1ccc(O)cc1,38.0,<rdkit.Chem.rdchem.Mol object at 0x000001F2C8501D20>
C[C@H]1c2ccc(O)cc2O[C@@H](c2ccc(OCCN3CCCCC3)cc2)[C@H]1c1ccc(O)cc1,45.0,<rdkit.Chem.rdchem.Mol object at 0x000001F2C8501D90>
C[C@](O)(CN1CC2CC(C1)N2c1ccc(C#N)cc1)C(=O)Nc1cnc(C#N)c(C(F)(F)F)c1,10000.0,<rdkit.Chem.rdchem.Mol object at 0x000001F2C8501E00>
C[C@]12C=CC(=O)C=C1CC[C@@H]1[C@@H]2[C@@H](O)C[C@@]2(C)[C@H]1CC[C@]2(O)C(=O)CO,55000.0,<rdkit.Chem.rdchem.Mol object at 0x000001F2C8501E70>
C[C@]12C=CC(=O)C=C1CC[C@@H]1[C@@H]2[C@@H](O)C[C@@]2(C)[C@H]1C[C@H]1O[C@@H](c3ccc(CSc4cccc(N)c4)cc3)O[C@]12C(=O)CO,30000.0,<rdkit.Chem.rdchem.Mol object at 0x000001F2C8501EE0>
C[C@]12C=CC(=O)C=C1CC[C@@H]1[C@@H]2[C@@H](O)C[C@@]2(C)[C@H]1C[C@H]1O[C@@H](c3ccc(Cc4ccc(O)c(N)c4)cc3)O[C@]12C(=O)CO,30000.0,<rdkit.Chem.rdchem.Mol object at 0x000001F2C8501F50>
C[C@]12C=CC(=O)C=C1CC[C@@H]1[C@@H]2[C@@H](O)C[C@@]2(C)[C@H]1C[C@H]1O[C@@H](c3ccc(Cc4cccc(N)c4)c(O)c3)O[C@]12C(=O)CO,30000.0,<rdkit.Chem.rdchem.Mol object at 0x000001F2C8501FC0>
C[C@]12C=CC(=O)C=C1CC[C@@H]1[C@@H]2[C@@H](O)C[C@@]2(C)[C@H]1C[C@H]1O[C@@H](c3ccc(Cc4cccc(N)c4)cc3)O[C@]12C(=O)CO,30000.0,<rdkit.Chem.rdchem.Mol object at 0x000001F2C8502030>
C[C@]12C=CC(=O)C=C1CC[C@@H]1[C@@H]2[C@@H](O)C[C@@]2(C)[C@H]1C[C@H]1O[C@@H](c3ccc(S(=O)(=O)c4ccc(N)cc4)cc3)O[C@]12C(=O)CO,30000.0,<rdkit.Chem.rdchem.Mol object at 0x000001F2C85020A0>
C[C@]12C=CC(=O)C=C1CC[C@@H]1[C@@H]2[C@@H](O)C[C@@]2(C)[C@H]1C[C@H]1O[C@@H](c3ccc(Sc4ccc(Cl)c(N)c4)cc3)O[C@]12C(=O)CO,30000.0,<rdkit.Chem.rdchem.Mol object at 0x000001F2C8502110>
C[C@]12C=CC(=O)C=C1CC[C@@H]1[C@@H]2[C@@H](O)C[C@@]2(C)[C@H]1C[C@H]1O[C@@H](c3ccc(Sc4cccc(N)c4)cc3)O[C@]12C(=O)CO,30000.0,<rdkit.Chem.rdchem.Mol object at 0x000001F2C8502180>
C[C@]12C=CC(=O)C=C1CC[C@H]1[C@@H]3C[C@H]4O[C@@H](c5ccc(CSc6cccc(N)c6)cc5)O[C@@]4(C(=O)CO)[C@@]3(C)C[C@H](O)[C@@]12F,30000.0,<rdkit.Chem.rdchem.Mol object at 0x000001F2C85021F0>
C[C@]12C=CC(=O)C=C1CC[C@H]1[C@@H]3C[C@H]4O[C@@H](c5ccc(Cc6cccc(N)c6)cc5)O[C@@]4(C(=O)CO)[C@@]3(C)C[C@H](O)[C@@]12F,9750.0,<rdkit.Chem.rdchem.Mol object at 0x000001F2C8502260>
C[C@]12C=CC(=O)C=C1CC[C@H]1[C@@H]3C[C@H]4O[C@@H](c5ccc(NC6(c7ccc(N)cc7)CC6)nc5)O[C@@]4(C(=O)CO)[C@@]3(C)C[C@H](O)[C@@]12F,30000.0,<rdkit.Chem.rdchem.Mol object at 0x000001F2C85022D0>
C[C@]12C=CC(=O)C=C1CC[C@H]1[C@@H]3C[C@H]4O[C@@H](c5ccc(NCc6ccc(N)cc6)nc5)O[C@@]4(C(=O)CO)[C@@]3(C)C[C@H](O)[C@@]12F,30000.0,<rdkit.Chem.rdchem.Mol object at 0x000001F2C8502340>
C[C@]12C=CC(=O)C=C1CC[C@H]1[C@@H]3C[C@H]4O[C@@H](c5ccc(Sc6ccc(Cl)c(N)c6)cc5)O[C@@]4(C(=O)CO)[C@@]3(C)C[C@H](O)[C@@]12F,30000.0,<rdkit.Chem.rdchem.Mol object at 0x000001F2C85023B0>
C[C@]12C=CC(=O)C=C1CC[C@H]1[C@@H]3C[C@H]4O[C@@H](c5ccc(Sc6cccc(N)c6)cc5)O[C@@]4(C(=O)CO)[C@@]3(C)C[C@H](O)[C@@]12F,30000.0,<rdkit.Chem.rdchem.Mol object at 0x000001F2C8502420>
C[C@]12C=CC(=O)C=C1[C@@H](F)C[C@H]1[C@@H]3C[C@H]4O[C@@H](c5ccc(CSc6ccc(Cl)c(N)c6)cc5)O[C@@]4(C(=O)CO)[C@@]3(C)C[C@H](O)[C@@]12F,3770.0,<rdkit.Chem.rdchem.Mol object at 0x000001F2C8502490>
C[C@]12C=CC(=O)C=C1[C@@H](F)C[C@H]1[C@@H]3C[C@H]4O[C@@H](c5ccc(CSc6ccc(N)c(Cl)c6)cc5)O[C@@]4(C(=O)CO)[C@@]3(C)C[C@H](O)[C@@]12F,30000.0,<rdkit.Chem.rdchem.Mol object at 0x000001F2C8502500>
C[C@]12C=CC(=O)C=C1[C@@H](F)C[C@H]1[C@@H]3C[C@H]4O[C@@H](c5ccc(CSc6ccc(N)cc6)cc5)O[C@@]4(C(=O)CO)[C@@]3(C)C[C@H](O)[C@@]12F,30000.0,<rdkit.Chem.rdchem.Mol object at 0x000001F2C8502570>
C[C@]12C=CC(=O)C=C1[C@@H](F)C[C@H]1[C@@H]3C[C@H]4O[C@@H](c5ccc(CSc6cccc(N)c6)cc5)O[C@@]4(C(=O)CO)[C@@]3(C)C[C@H](O)[C@@]12F,30000.0,<rdkit.Chem.rdchem.Mol object at 0x000001F2C85025E0>
C[C@]12C=CC(=O)C=C1[C@@H](F)C[C@H]1[C@@H]3C[C@H]4O[C@@H](c5ccc(Cc6ccc(Cl)c(N)c6)cc5)O[C@@]4(C(=O)CO)[C@@]3(C)C[C@H](O)[C@@]12F,30000.0,<rdkit.Chem.rdchem.Mol object at 0x000001F2C8502650>
C[C@]12C=CC(=O)C=C1[C@@H](F)C[C@H]1[C@@H]3C[C@H]4O[C@@H](c5ccc(Cc6ccc(N)cc6)c(O)c5)O[C@@]4(C(=O)CO)[C@@]3(C)C[C@H](O)[C@@]12F,30000.0,<rdkit.Chem.rdchem.Mol object at 0x000001F2C85026C0>
C[C@]12C=CC(=O)C=C1[C@@H](F)C[C@H]1[C@@H]3C[C@H]4O[C@@H](c5ccc(Cc6ccc(N)cc6)cc5)O[C@@]4(C(=O)CO)[C@@]3(C)C[C@H](O)[C@@]12F,30000.0,<rdkit.Chem.rdchem.Mol object at 0x000001F2C8502730>
C[C@]12C=CC(=O)C=C1[C@@H](F)C[C@H]1[C@@H]3C[C@H]4O[C@@H](c5ccc(Cc6ccc(O)c(N)c6)cc5)O[C@@]4(C(=O)CO)[C@@]3(C)C[C@H](O)[C@@]12F,5980.0,<rdkit.Chem.rdchem.Mol object at 0x000001F2C85027A0>
C[C@]12C=CC(=O)C=C1[C@@H](F)C[C@H]1[C@@H]3C[C@H]4O[C@@H](c5ccc(Cc6cccc(N)c6)c(O)c5)O[C@@]4(C(=O)CO)[C@@]3(C)C[C@H](O)[C@@]12F,30000.0,<rdkit.Chem.rdchem.Mol object at 0x000001F2C8502810>
C[C@]12C=CC(=O)C=C1[C@@H](F)C[C@H]1[C@@H]3C[C@H]4O[C@@H](c5ccc(Cc6cccc(N)c6)cc5)O[C@@]4(C(=O)CO)[C@@]3(C)C[C@H](O)[C@@]12F,15407.0,<rdkit.Chem.rdchem.Mol object at 0x000001F2C8502880>
C[C@]12C=CC(=O)C=C1[C@@H](F)C[C@H]1[C@@H]3C[C@H]4O[C@@H](c5ccc(Cc6cccc(N)c6)cc5)O[C@@]4(C(=O)O)[C@@]3(C)C[C@H](O)[C@@]12F,30000.0,<rdkit.Chem.rdchem.Mol object at 0x000001F2C85028F0>
C[C@]12C=CC(=O)C=C1[C@@H](F)C[C@H]1[C@@H]3C[C@H]4O[C@@H](c5ccc(Cc6cccc(N)c6)cc5)O[C@@]4(C(=O)SCF)[C@@]3(C)C[C@H](O)[C@@]12F,6480.0,<rdkit.Chem.rdchem.Mol object at 0x000001F2C8502960>
C[C@]12C=CC(=O)C=C1[C@@H](F)C[C@H]1[C@@H]3C[C@H]4O[C@@H](c5ccc(Oc6ccc(N)cc6)c(O)c5)O[C@@]4(C(=O)CO)[C@@]3(C)C[C@H](O)[C@@]12F,30000.0,<rdkit.Chem.rdchem.Mol object at 0x000001F2C85029D0>
C[C@]12C=CC(=O)C=C1[C@@H](F)C[C@H]1[C@@H]3C[C@H]4O[C@@H](c5ccc(Oc6ccc(N)cc6)cc5)O[C@@]4(C(=O)CO)[C@@]3(C)C[C@H](O)[C@@]12F,30000.0,<rdkit.Chem.rdchem.Mol object at 0x000001F2C8502A40>
C[C@]12C=CC(=O)C=C1[C@@H](F)C[C@H]1[C@@H]3C[C@H]4O[C@@H](c5ccc(Oc6cccc(N)c6)cc5)O[C@@]4(C(=O)CO)[C@@]3(C)C[C@H](O)[C@@]12F,30000.0,<rdkit.Chem.rdchem.Mol object at 0x000001F2C8502AB0>
C[C@]12C=CC(=O)C=C1[C@@H](F)C[C@H]1[C@@H]3C[C@H]4O[C@@H](c5ccc(Sc6ccc(Cl)c(N)c6)cc5)O[C@@]4(C(=O)CO)[C@@]3(C)C[C@H](O)[C@@]12F,2710.0,<rdkit.Chem.rdchem.Mol object at 0x000001F2C8502B20>
C[C@]12C=CC(=O)C=C1[C@@H](F)C[C@H]1[C@@H]3C[C@H]4O[C@@H](c5ccc(Sc6ccc(N)cc6)cc5)O[C@@]4(C(=O)CO)[C@@]3(C)C[C@H](O)[C@@]12F,30000.0,<rdkit.Chem.rdchem.Mol object at 0x000001F2C8502B90>
C[C@]12C=CC(=O)C=C1[C@@H](F)C[C@H]1[C@@H]3C[C@H]4O[C@@H](c5ccc(Sc6cccc(N)c6)cc5)O[C@@]4(C(=O)CO)[C@@]3(C)C[C@H](O)[C@@]12F,5130.0,<rdkit.Chem.rdchem.Mol object at 0x000001F2C8502C00>
C[C@]12CCC(=O)C(O)=C1C=C[C@@H]1[C@@H]2CC[C@]2(C)/C(=C/c3ccccn3)CC[C@@H]12,100000.0,<rdkit.Chem.rdchem.Mol object at 0x000001F2C8502C70>
C[C@]12CCC(=O)C=C1C(=O)C[C@@H]1[C@@H]2CC[C@]2(C)/C(=C/c3ccccn3)CC[C@@H]12,100000.0,<rdkit.Chem.rdchem.Mol object at 0x000001F2C8502CE0>
C[C@]12CCC(=O)C=C1CC[C@@H]1[C@@H]2CC[C@]2(C)/C(=C/c3ccccn3)CC[C@@H]12,100000.0,<rdkit.Chem.rdchem.Mol object at 0x000001F2C8502D50>
C[C@]12CCC3C(CC=C4C[C@@H](O)CC[C@@]43/C=C/Br)C1CC[C@@H]2O,3984.0,<rdkit.Chem.rdchem.Mol object at 0x000001F2C8502DC0>
C[C@]12CCC3C(CC=C4C[C@@H](O)CC[C@@]43/C=C/Cl)C1CC[C@@H]2O,5600.0,<rdkit.Chem.rdchem.Mol object at 0x000001F2C8502E30>
C[C@]12CCC3C(CC=C4C[C@@H](O)CC[C@@]43/C=C/F)C1CC[C@@H]2O,4165.0,<rdkit.Chem.rdchem.Mol object at 0x000001F2C8502EA0>
C[C@]12CCC3C(CC=C4C[C@@H](O)CC[C@@]43/C=C\Br)C1CC[C@@H]2O,10000.0,<rdkit.Chem.rdchem.Mol object at 0x000001F2C8502F10>
C[C@]12CCC3C(CC=C4C[C@@H](O)CC[C@@]43/C=C\Cl)C1CC[C@@H]2O,6690.0,<rdkit.Chem.rdchem.Mol object at 0x000001F2C8502F80>
C[C@]12CCC3C(CC=C4C[C@@H](O)CC[C@@]43/C=C\F)C1CC[C@@H]2O,4280.0,<rdkit.Chem.rdchem.Mol object at 0x000001F2C8502FF0>
C[C@]12CCC3C(CC=C4C[C@@H](O)CC[C@@]43C=O)C1CC[C@@H]2O,10000.0,<rdkit.Chem.rdchem.Mol object at 0x000001F2C8503060>
C[C@]12CCC3C(CC=C4C[C@@H](O)CC[C@@]43CC=O)C1CC[C@@H]2O,1000.0,<rdkit.Chem.rdchem.Mol object at 0x000001F2C85030D0>
C[C@]12CCC3C(CC=C4C[C@@H](O)CC[C@@]43CO)C1CC[C@@H]2O,6324.0,<rdkit.Chem.rdchem.Mol object at 0x000001F2C8503140>
C[C@]12CCC3c4ccc(O)cc4C[C@@H](CCCCCCCC[C@H](CCCC(F)(F)C(F)(F)C(F)(F)C(F)(F)F)C(=O)O)C3C1CCC2=O,49.8,<rdkit.Chem.rdchem.Mol object at 0x000001F2C85031B0>
C[C@]12CC[C@@H]3C4CC=C(O)C=C4CC[C@H]3[C@@H]1CCC2O,7.0,<rdkit.Chem.rdchem.Mol object at 0x000001F2C8503220>
C[C@]12CC[C@@H]3c4cc(Cl)c(O)cc4CC[C@H]3[C@@H]1CCCC2=O,770.0,<rdkit.Chem.rdchem.Mol object at 0x000001F2C8503290>
C[C@]12CC[C@@H]3c4ccc(B(O)O)cc4C[C@@H](CCCCCCCCC[S+]([O-])CCCC(F)(F)C(F)(F)F)[C@H]3[C@@H]1CC[C@@H]2O,5.949999999999999,<rdkit.Chem.rdchem.Mol object at 0x000001F2C8503300>
C[C@]12CC[C@@H]3c4ccc(O)cc4C(O)[C@@H](Sc4ccc(Br)cc4)[C@H]3[C@@H]1CC[C@@H]2O,397.0,<rdkit.Chem.rdchem.Mol object at 0x000001F2C8503370>
C[C@]12CC[C@@H]3c4ccc(O)cc4CC[C@H]3[C@@H]1CC=C2CO,145.0,<rdkit.Chem.rdchem.Mol object at 0x000001F2C85033E0>
C[C@]12CC[C@@H]3c4ccc(O)cc4CC[C@H]3[C@@H]1CCC2=O,62.5,<rdkit.Chem.rdchem.Mol object at 0x000001F2C8503450>
C[C@]12CC[C@@H]3c4ccc(O)cc4CC[C@H]3[C@@H]1CC[C@@H]2O,1.6535,<rdkit.Chem.rdchem.Mol object at 0x000001F2C85034C0>
C[C@]12CC[C@@H]3c4ccc(O)cc4CC[C@H]3[C@@H]1CC[C@@]2(O)C#CC(=O)OCC1CC#C/C=C\C#CCC1,32000.0,<rdkit.Chem.rdchem.Mol object at 0x000001F2C8503530>
C[C@]12CC[C@@H]3c4ccc(O)cc4CC[C@H]3[C@@H]1CC[C@@]2(O)c1ccc2c(c1)COC2,74.3,<rdkit.Chem.rdchem.Mol object at 0x000001F2C85035A0>
C[C@]12CC[C@@H]3c4ccc(O)cc4CC[C@H]3[C@@H]1C[C@@H](O)[C@@H]2O,1.691,<rdkit.Chem.rdchem.Mol object at 0x000001F2C8503610>
C[C@]12CC[C@@H]3c4ccc(O)cc4C[C@@H](CCCCCCCCCCC(=O)NO)[C@H]3[C@@H]1CC[C@@H]2O,785.0,<rdkit.Chem.rdchem.Mol object at 0x000001F2C8503680>
C[C@]12CC[C@@H]3c4ccc(O)cc4C[C@@H](CCCCCCCCCCC(=O)Nc4ccccc4N)[C@H]3[C@@H]1CC[C@@H]2O,465.0,<rdkit.Chem.rdchem.Mol object at 0x000001F2C85036F0>
C[C@]12CC[C@@H]3c4ccc(O)cc4C[C@@H](CCCCCCCCC[S+]([O-])CCCC(F)(F)C(F)(F)F)[C@H]3[C@@H]1CC[C@@H]2O,2.85,<rdkit.Chem.rdchem.Mol object at 0x000001F2C8503760>
C[C@]12CC[C@@H]3c4ccc(O)cc4C[C@@H](CCCCCCCCC[S@+]([O-])CCCC(F)(F)C(F)(F)F)[C@H]3[C@@H]1CC[C@@H]2O,2.0,<rdkit.Chem.rdchem.Mol object at 0x000001F2C85037D0>
C[C@]12CC[C@@H]3c4ccc(O)cc4C[C@@H](CCCCCCCCC[S@@](=N)(=O)CCCC(F)(F)C(F)(F)F)[C@H]3[C@@H]1CC[C@@H]2O,1.8,<rdkit.Chem.rdchem.Mol object at 0x000001F2C8503840>
C[C@]12CC[C@@H]3c4ccc(O)cc4C[C@@H](Sc4ccc(/C=C/C(=O)O)cc4)[C@H]3[C@@H]1CC[C@@H]2O,46.0,<rdkit.Chem.rdchem.Mol object at 0x000001F2C85038B0>
C[C@]12CC[C@@H]3c4ccc(OC(=O)c5ccccc5)cc4CC[C@H]3[C@@H]1CC[C@@H]2O,65.0,<rdkit.Chem.rdchem.Mol object at 0x000001F2C8503920>
C[C@]12CC[C@H](O)C=C1CC[C@@H]1[C@@H]2CC[C@]2(C)/C(=C/c3ccccn3)CC[C@@H]12,100000.0,<rdkit.Chem.rdchem.Mol object at 0x000001F2C8503990>
C[C@]12CC[C@H](O)CC1=CC[C@@H]1[C@@H]2CC[C@]2(C)/C(=C/c3ccccn3)CC[C@@H]12,100000.0,<rdkit.Chem.rdchem.Mol object at 0x000001F2C8503A00>
C[C@]12CC[C@H]3[C@@H](CC4C5=CC(=O)CC[C@@]53C[C@H]4O)[C@@H]1CC[C@@H]2O,10000.0,<rdkit.Chem.rdchem.Mol object at 0x000001F2C8503A70>
C[C@]12CC[C@H]3[C@@H](CC=C4C[C@@H](O)CC[C@@]43C)[C@@H]1CC[C@@H]2O,195.0,<rdkit.Chem.rdchem.Mol object at 0x000001F2C8503AE0>
C[C@]12CC[C@H]3[C@@H](CC=C4C[C@@H]5CC[C@@]43CC(=O)O5)[C@@H]1CC[C@@H]2O,10000.0,<rdkit.Chem.rdchem.Mol object at 0x000001F2C8503B50>
C[C@]12CC[C@H]3[C@@H](CC=C4C[C@@H]5CC[C@@]43CCO5)[C@@H]1CC[C@@H]2O,10000.0,<rdkit.Chem.rdchem.Mol object at 0x000001F2C8503BC0>
C[C@]12CC[C@H]3[C@@H](CC=C4[C@@H]5C(=O)CC[C@@]43C[C@@H]5O)[C@@H]1CC[C@@H]2O,10000.0,<rdkit.Chem.rdchem.Mol object at 0x000001F2C8503C30>
C[C@]12CC[C@H]3[C@@H](CC=C4[C@@H]5C(=O)CC[C@@]43C[C@H]5O)[C@@H]1CC[C@@H]2O,10000.0,<rdkit.Chem.rdchem.Mol object at 0x000001F2C8503CA0>
C[C@]12CC[C@H]3[C@@H](CC=C4[C@H]5CC=C[C@]43CC[C@@H]5O)[C@@H]1CC[C@@H]2O,2240.0,<rdkit.Chem.rdchem.Mol object at 0x000001F2C8503D10>
C[C@]12CC[C@H]3[C@@H](CC=C4[C@H]5CC[C@]43CCC5=O)[C@@H]1CC[C@@H]2O,10000.0,<rdkit.Chem.rdchem.Mol object at 0x000001F2C8503D80>
C[C@]12CC[C@H]3[C@@H](CC=C4[C@H]5CC[C@]43CC[C@@H]5O)[C@@H]1CC[C@@H]2O,317.0,<rdkit.Chem.rdchem.Mol object at 0x000001F2C8503DF0>
C[C@]12CC[C@H]3[C@@H](CC=C4[C@H]5CC[C@]43CC[C@H]5O)[C@@H]1CC[C@@H]2O,8135.0,<rdkit.Chem.rdchem.Mol object at 0x000001F2C8503E60>
C[C@]12CC[C@H]3[C@@H](CCC4=CC(=O)CC[C@@]43C)[C@@H]1CC[C@@H]2O,10000.0,<rdkit.Chem.rdchem.Mol object at 0x000001F2C8503ED0>
C[C@]12CC[C@H]3[C@@H](CC[C@H]4[C@H]5CCC[C@]43CC[C@@H]5O)[C@@H]1CC[C@@H]2O,4990.0,<rdkit.Chem.rdchem.Mol object at 0x000001F2C8503F40>
C[C@]12C[C@H](c3ccc(OCCCCCS(=O)(=O)CCCC(F)(F)C(F)(F)F)cc3)[C@@H]3c4ccc(O)cc4CC[C@H]3[C@@H]1CC[C@@H]2O,0.04,<rdkit.Chem.rdchem.Mol object at 0x000001F2C8538040>
C[C@]12Cc3c[nH]nc3C[C@@H]1CC[C@@H]1[C@@H]2CC[C@@]2(C)[C@H]1CC[C@]2(C)O,113.0,<rdkit.Chem.rdchem.Mol object at 0x000001F2C85380B0>
C[C@]12Cc3cnn(-c4ccc(F)cc4)c3C=C1CCC21OCCO1,10000.0,<rdkit.Chem.rdchem.Mol object at 0x000001F2C8538120>
C[C@]12Cc3cnn(-c4ccc(F)cc4)c3C=C1CCCC21OCCO1,10000.0,<rdkit.Chem.rdchem.Mol object at 0x000001F2C8538190>
C[C@]12Cc3cnn(-c4ccc(F)cc4)c3C=C1CCC[C@@H]2[C@@H](O)c1ccc(F)cc1,5000.0,<rdkit.Chem.rdchem.Mol object at 0x000001F2C8538200>
C[C@]12Cc3cnn(-c4ccc(F)cc4)c3C=C1CCC[C@@H]2[C@@H](O)c1ccccc1,1000.0,<rdkit.Chem.rdchem.Mol object at 0x000001F2C8538270>
C[C@]12Cc3cnn(-c4ccc(F)cc4)c3C=C1CCC[C@@H]2[C@H](O)c1ccc(F)cc1,1000.0,<rdkit.Chem.rdchem.Mol object at 0x000001F2C85382E0>
C[C@]12Cc3cnn(-c4ccc(F)cc4)c3C=C1CCC[C@@H]2[C@](C)(O)c1ccc(F)cc1,1000.0,<rdkit.Chem.rdchem.Mol object at 0x000001F2C8538350>
C[N+]1([O-])CCC2(CC1)C(=O)Nc1cc(/C=C3\c4ccccc4COc4cc(F)ccc43)ccc12,37000.0,<rdkit.Chem.rdchem.Mol object at 0x000001F2C85383C0>
C[Si](C)(C)c1ccc(C2=C(c3ccc(O[C@H]4CCN(CCCF)C4)cc3)c3ccc(O)cc3CCC2)cc1,429.0,<rdkit.Chem.rdchem.Mol object at 0x000001F2C8538430>
C[Si](C)(CN1CCCC1)c1ccc(/C(=C(/CCCO)c2ccccc2)c2ccc(O)cc2)cc1.Cl,10000.0,<rdkit.Chem.rdchem.Mol object at 0x000001F2C85384A0>
C[Si](C)(CN1CCCCC1)c1ccc(/C(=C(/CCCO)c2ccccc2)c2ccc(O)cc2)cc1.Cl,4356.0,<rdkit.Chem.rdchem.Mol object at 0x000001F2C8538510>
C[Si](C)(c1ccccc1)c1ccc(O)cc1,13000.0,<rdkit.Chem.rdchem.Mol object at 0x000001F2C8538580>
Cc1[nH]c2ccc(-c3nnc(SCC(=O)c4ccccc4F)o3)cc2c1C,26017.24,<rdkit.Chem.rdchem.Mol object at 0x000001F2C85385F0>
Cc1c(-c2ccc(C(F)(F)F)cc2)n(Cc2ccc(OCCN3CCCCC3)cc2)c2ccc(O)cc12,170.0,<rdkit.Chem.rdchem.Mol object at 0x000001F2C8538660>
Cc1c(-c2ccc(Cl)cc2)n(Cc2ccc(OCCN3CCCCC3)cc2)c2ccc(O)cc12,110.0,<rdkit.Chem.rdchem.Mol object at 0x000001F2C85386D0>
Cc1c(-c2ccc(F)cc2)n(Cc2ccc(OCCN3CCCCC3)cc2)c2ccc(O)cc12,40.0,<rdkit.Chem.rdchem.Mol object at 0x000001F2C8538740>
Cc1c(-c2ccc(F)cc2)n(Cc2ccc(OCCN3CCCCCC3)cc2)c2ccc(O)cc12,100.0,<rdkit.Chem.rdchem.Mol object at 0x000001F2C85387B0>
Cc1c(-c2ccc(O)c(F)c2)n(Cc2ccc(OCCN3CCCCC3)cc2)c2ccc(O)cc12,5.5,<rdkit.Chem.rdchem.Mol object at 0x000001F2C8538820>
Cc1c(-c2ccc(O)c(F)c2)n(Cc2ccc(OCCN3CCCCCC3)cc2)c2ccc(O)cc12,13.0,<rdkit.Chem.rdchem.Mol object at 0x000001F2C8538890>
Cc1c(-c2ccc(O)cc2)n(CCCCCCN2CCCC2)c2ccc(O)cc12,25.0,<rdkit.Chem.rdchem.Mol object at 0x000001F2C8538900>
Cc1c(-c2ccc(O)cc2)n(CCCCn2c(-c3ccc(O)cc3)c(C)c3cc(O)ccc32)c2ccc(O)cc12,436.0,<rdkit.Chem.rdchem.Mol object at 0x000001F2C8538970>
Cc1c(-c2ccc(O)cc2)n(Cc2ccc(OCCCN3CCCCC3)cc2)c2ccc(O)cc12,99.0,<rdkit.Chem.rdchem.Mol object at 0x000001F2C85389E0>
Cc1c(-c2ccc(O)cc2)n(Cc2ccc(OCCN(C(C)C)C(C)C)cc2)c2ccc(O)cc12,100.0,<rdkit.Chem.rdchem.Mol object at 0x000001F2C8538A50>
Cc1c(-c2ccc(O)cc2)n(Cc2ccc(OCCN(C)C)cc2)c2ccc(O)cc12,60.0,<rdkit.Chem.rdchem.Mol object at 0x000001F2C8538AC0>
Cc1c(-c2ccc(O)cc2)n(Cc2ccc(OCCN3CC4(C)CC3C(C)(C)C4)cc2)c2ccc(O)cc12,150.0,<rdkit.Chem.rdchem.Mol object at 0x000001F2C8538B30>
Cc1c(-c2ccc(O)cc2)n(Cc2ccc(OCCN3CC4CCC3C4)cc2)c2ccc(O)cc12,1.0,<rdkit.Chem.rdchem.Mol object at 0x000001F2C8538BA0>
Cc1c(-c2ccc(O)cc2)n(Cc2ccc(OCCN3CCC(C)CC3)cc2)c2ccc(O)cc12,37.0,<rdkit.Chem.rdchem.Mol object at 0x000001F2C8538C10>
Cc1c(-c2ccc(O)cc2)n(Cc2ccc(OCCN3CCC(O)CC3)cc2)c2ccc(O)cc12,47.0,<rdkit.Chem.rdchem.Mol object at 0x000001F2C8538C80>
Cc1c(-c2ccc(O)cc2)n(Cc2ccc(OCCN3CCCC(C)(C)C3)cc2)c2ccc(O)cc12,150.0,<rdkit.Chem.rdchem.Mol object at 0x000001F2C8538CF0>
Cc1c(-c2ccc(O)cc2)n(Cc2ccc(OCCN3CCCC(C)C3)cc2)c2ccc(O)cc12,170.0,<rdkit.Chem.rdchem.Mol object at 0x000001F2C8538D60>
Cc1c(-c2ccc(O)cc2)n(Cc2ccc(OCCN3CCCCC3)cc2)c2ccc(F)cc12,200.0,<rdkit.Chem.rdchem.Mol object at 0x000001F2C8538DD0>
Cc1c(-c2ccc(O)cc2)n(Cc2ccc(OCCN3CCCCC3)cc2)c2ccc(O)cc12,60.0,<rdkit.Chem.rdchem.Mol object at 0x000001F2C8538E40>
Cc1c(-c2ccc(O)cc2)n(Cc2ccc(OCCN3CCCCC3)cc2)c2ccccc12,120.0,<rdkit.Chem.rdchem.Mol object at 0x000001F2C8538EB0>
Cc1c(-c2ccc(O)cc2)n(Cc2ccc(OCCN3CCCCC3C)cc2)c2ccc(O)cc12,20.0,<rdkit.Chem.rdchem.Mol object at 0x000001F2C8538F20>
Cc1c(-c2ccc(O)cc2)n(Cc2ccc(OCCN3CCCCCC3)cc2)c2ccc(O)cc12,50.0,<rdkit.Chem.rdchem.Mol object at 0x000001F2C8538F90>
Cc1c(-c2ccc(O)cc2)n(Cc2ccc(OCCN3CCCCCCC3)cc2)c2ccc(O)cc12,30.0,<rdkit.Chem.rdchem.Mol object at 0x000001F2C8539000>
Cc1c(-c2ccc(O)cc2)n(Cc2ccc(OCCN3CC[C@@H](C)C3)cc2)c2ccc(O)cc12,0.5,<rdkit.Chem.rdchem.Mol object at 0x000001F2C8539070>
Cc1c(-c2ccc(O)cc2)n(Cc2ccc(OCCN3[C@H](C)CCC[C@@H]3C)cc2)c2ccc(O)cc12,70.0,<rdkit.Chem.rdchem.Mol object at 0x000001F2C85390E0>
Cc1c(-c2ccc(O)cc2)n(Cc2ccc(OCC[N+](C)(C)C)cc2)c2ccc(O)cc12,100.0,<rdkit.Chem.rdchem.Mol object at 0x000001F2C8539150>
Cc1c(-c2ccc(O)cc2)n(Cc2ccc(OCCn3cc(COCCOc4cccc5c4C(=O)N(C4CCC(=O)NC4=O)C5=O)nn3)cc2)c2ccc(O)cc12,2.6500000000000004,<rdkit.Chem.rdchem.Mol object at 0x000001F2C85391C0>
Cc1c(-c2ccc(O)cc2)n(Cc2ccc(OC[C@H](C)N3CCCC3)cc2)c2ccc(O)cc12,0.4,<rdkit.Chem.rdchem.Mol object at 0x000001F2C8539230>
Cc1c(-c2ccc(O)cc2Cl)c(=O)oc2cc(O)ccc12,1238.0,<rdkit.Chem.rdchem.Mol object at 0x000001F2C85392A0>
Cc1c(-c2ccc(OC(C)C)cc2)n(Cc2ccc(OC3C=CC=C3)cc2)c2ccc(O)cc12,80.0,<rdkit.Chem.rdchem.Mol object at 0x000001F2C8539310>
Cc1c(-c2ccc(OC(C)C)cc2)n(Cc2ccc(OCCN3CCCCC3)cc2)c2ccc(O)cc12,100.0,<rdkit.Chem.rdchem.Mol object at 0x000001F2C8539380>
Cc1c(-c2ccc(OC(C)C)cc2)n(Cc2ccc(OCCN3CCCCCC3)cc2)c2ccc(O)cc12,80.0,<rdkit.Chem.rdchem.Mol object at 0x000001F2C85393F0>
Cc1c(-c2ccc(OC(F)(F)F)cc2)n(Cc2ccc(OCCN3CCCCC3)cc2)c2ccc(O)cc12,50.0,<rdkit.Chem.rdchem.Mol object at 0x000001F2C8539460>
Cc1c(-c2ccc3c(c2)OCO3)n(Cc2ccc(OCCN3CCCCC3)cc2)c2ccc(O)cc12,70.0,<rdkit.Chem.rdchem.Mol object at 0x000001F2C85394D0>
Cc1c(-c2cccc(O)c2)n(Cc2ccc(OCCN3CCCCC3)cc2)c2ccc(O)cc12,19.0,<rdkit.Chem.rdchem.Mol object at 0x000001F2C8539540>
Cc1c(-c2cccc(O)c2)n(Cc2ccc(OCCN3CCCCCC3)cc2)c2ccc(O)cc12,9.0,<rdkit.Chem.rdchem.Mol object at 0x000001F2C85395B0>
Cc1c(-c2ccccc2)n(Cc2ccc(OCCN3CCCCC3)cc2)c2ccc(O)cc12,30.0,<rdkit.Chem.rdchem.Mol object at 0x000001F2C8539620>
Cc1c(-c2ccccc2)n(Cc2ccc(OCCN3CCCCC3)cc2)c2ccccc12,450.0,<rdkit.Chem.rdchem.Mol object at 0x000001F2C8539690>
Cc1c(/C=N/O)c2ccccc2n1-c1ccc(O)c(F)c1,298.0,<rdkit.Chem.rdchem.Mol object at 0x000001F2C8539700>
Cc1c(/C=N/O)c2ccccc2n1-c1ccc(O)cc1,270.0,<rdkit.Chem.rdchem.Mol object at 0x000001F2C8539770>
Cc1c(/C=N/n2cnnc2)c2ccccc2n1CCOc1ccc(Cl)cc1,50000.0,<rdkit.Chem.rdchem.Mol object at 0x000001F2C85397E0>
Cc1c(Br)cc(C(=O)NCc2ccco2)c(C)c1C,50000.0,<rdkit.Chem.rdchem.Mol object at 0x000001F2C8539850>
Cc1c(C(=O)OCC2CCCO2)[nH]c2c1C(=O)CC(c1ccco1)C2,32131.94,<rdkit.Chem.rdchem.Mol object at 0x000001F2C85398C0>
Cc1c(C(=O)OCc2ccccc2)[nH]c2c1C(=O)CC(c1ccco1)C2,22957.22,<rdkit.Chem.rdchem.Mol object at 0x000001F2C8539930>
Cc1c(C2(C(F)(F)F)CC2)nc(C2CC2)n1-c1c(Cl)ccc(N2CC3(CC(C(=O)O)C3)C2)c1Cl,10000.0,<rdkit.Chem.rdchem.Mol object at 0x000001F2C85399A0>
Cc1c(Cl)cccc1C1=C(c2ccc(CC3CN(CCCF)C3)cc2)c2ccc(C(=O)O)cc2CCC1.Cl,0.1,<rdkit.Chem.rdchem.Mol object at 0x000001F2C8539A10>
Cc1c(Cl)cccc1C1=C(c2ccc(O[C@H]3CCN(CCCF)C3)cc2)c2ccc(O)cc2CCC1,19.0,<rdkit.Chem.rdchem.Mol object at 0x000001F2C8539A80>
Cc1c(F)cccc1C1=C(c2ccc(O[C@H]3CCN(CCCF)C3)cc2)c2ccc(O)cc2CCC1,24.0,<rdkit.Chem.rdchem.Mol object at 0x000001F2C8539AF0>
Cc1c(N(C)CCN(C)CCCF)ccc(F)c1[C@@H]1c2[nH]c3ccccc3c2C[C@@H](C)N1C[C@H](C)C(=O)O,51.0,<rdkit.Chem.rdchem.Mol object at 0x000001F2C8539B60>
Cc1c(N(C)CCNCCCF)ccc(F)c1[C@@H]1c2[nH]c3ccccc3c2C[C@@H](C)N1C[C@H](C)C(=O)O,2.0,<rdkit.Chem.rdchem.Mol object at 0x000001F2C8539BD0>
Cc1c(N)cccc1C[C@@H](C)NC(=O)C(F)(F)F,1.28,<rdkit.Chem.rdchem.Mol object at 0x000001F2C8539C40>
Cc1c(NCCNCCCF)ccc(F)c1[C@@H]1c2[nH]c3ccccc3c2C[C@@H](C)N1C[C@H](C)C(=O)O,160.0,<rdkit.Chem.rdchem.Mol object at 0x000001F2C8539CB0>
Cc1c(NCCNCCCF)ccnc1[C@@H]1c2[nH]c3ccccc3c2C[C@@H](C)N1CC(F)(F)F,5.6,<rdkit.Chem.rdchem.Mol object at 0x000001F2C8539D20>
Cc1c(O)c(C)c2occ(-c3ccc(O)cc3)c(=O)c2c1O,10200.0,<rdkit.Chem.rdchem.Mol object at 0x000001F2C8539D90>
Cc1c(O)c(Cl)c(C)c2c1c(=O)oc1c(Cl)c(O)ccc12,597.0,<rdkit.Chem.rdchem.Mol object at 0x000001F2C8539E00>
Cc1c(O)c(Cl)cc2c1c(=O)oc1c(Cl)c(O)ccc12,524.0,<rdkit.Chem.rdchem.Mol object at 0x000001F2C8539E70>
Cc1c(O)cc(C#N)c2cc(-c3ccc(O)c(F)c3)ccc12,406.0,<rdkit.Chem.rdchem.Mol object at 0x000001F2C8539EE0>
Cc1c(O)cc(C)c2c1oc(=O)c1c(C)c(O)ccc12,785.0,<rdkit.Chem.rdchem.Mol object at 0x000001F2C8539F50>
Cc1c(O)cc(C)c2c1oc(=O)c1cc(O)ccc12,488.0,<rdkit.Chem.rdchem.Mol object at 0x000001F2C8539FC0>
Cc1c(O)cc(O)c2c(=O)n(-c3ccc(O)cc3)cnc12,15297.0,<rdkit.Chem.rdchem.Mol object at 0x000001F2C853A030>
Cc1c(O)cc(O)c2c1O[C@H](c1ccc(O)cc1)CC2=O,5245.0,<rdkit.Chem.rdchem.Mol object at 0x000001F2C853A0A0>
Cc1c(O)ccc(-c2noc3cc(O)ccc23)c1O,511.0,<rdkit.Chem.rdchem.Mol object at 0x000001F2C853A110>
Cc1c(O)ccc2c(Cc3ccc(/C=C/C(=O)O)cc3)c(-c3ccc(OC(F)(F)F)cc3)c(=O)oc12,3060.0,<rdkit.Chem.rdchem.Mol object at 0x000001F2C853A180>
Cc1c(O)ccc2c1CCN(CC(C)C)[C@@H]2c1ccc(/C=C/C(=O)O)cc1,390.0,<rdkit.Chem.rdchem.Mol object at 0x000001F2C853A1F0>
Cc1c(O)ccc2c1COc1c-2ccc(O)c1C,4610.0,<rdkit.Chem.rdchem.Mol object at 0x000001F2C853A260>
Cc1c(O)ccc2c1OC(C)(C)c1c-2ccc(O)c1C,468.0,<rdkit.Chem.rdchem.Mol object at 0x000001F2C853A2D0>
Cc1c(O)ccc2c1OC(C)c1c-2ccc(O)c1C,335.0,<rdkit.Chem.rdchem.Mol object at 0x000001F2C853A340>
Cc1c(O)ccc2c1O[C@H](c1ccc(OCCN3CCCCC3)cc1)[C@H](c1ccc(O)cc1)S2,1.2,<rdkit.Chem.rdchem.Mol object at 0x000001F2C853A3B0>
Cc1c(O)ccc2c1c(=O)oc1c(Br)c(O)ccc12,1920.0,<rdkit.Chem.rdchem.Mol object at 0x000001F2C853A420>
Cc1c(O)ccc2c1c(=O)oc1c(F)c(O)ccc12,1580.0,<rdkit.Chem.rdchem.Mol object at 0x000001F2C853A490>
Cc1c(O)ccc2c1c(=O)oc1cc(O)cc(C)c12,1860.0,<rdkit.Chem.rdchem.Mol object at 0x000001F2C853A500>
Cc1c(O)ccc2c1c(=O)oc1cc(O)ccc12,1170.0,<rdkit.Chem.rdchem.Mol object at 0x000001F2C853A570>
Cc1c(O)ccc2c1oc(=O)c1c(Br)cc(Br)cc12,597.0,<rdkit.Chem.rdchem.Mol object at 0x000001F2C853A5E0>
Cc1c(O)ccc2c1oc(=O)c1c(C)c(N)ccc12,14300.0,<rdkit.Chem.rdchem.Mol object at 0x000001F2C853A650>
Cc1c(O)ccc2c1oc(=O)c1c(C)c(NC=O)ccc12,10000.0,<rdkit.Chem.rdchem.Mol object at 0x000001F2C853A6C0>
Cc1c(O)ccc2c1oc(=O)c1c(C)c(NS(C)(=O)=O)ccc12,4258.0,<rdkit.Chem.rdchem.Mol object at 0x000001F2C853A730>
Cc1c(O)ccc2c1oc(=O)c1c(C)c(O)cc(C)c12,716.0,<rdkit.Chem.rdchem.Mol object at 0x000001F2C853A7A0>
Cc1c(O)ccc2c1oc(=O)c1c(C)c(O)ccc12,159.0,<rdkit.Chem.rdchem.Mol object at 0x000001F2C853A810>
Cc1c(O)ccc2c1oc(=O)c1c(C)ccc(C)c12,3074.0,<rdkit.Chem.rdchem.Mol object at 0x000001F2C853A880>
Cc1c(O)ccc2c1oc(=O)c1c(C)cccc12,10000.0,<rdkit.Chem.rdchem.Mol object at 0x000001F2C853A8F0>
Cc1c(O)ccc2c1oc(=O)c1c(O)c(O)ccc12,1280.0,<rdkit.Chem.rdchem.Mol object at 0x000001F2C853A960>
Cc1c(O)ccc2c1oc(=O)c1cc(Br)ccc12,10000.0,<rdkit.Chem.rdchem.Mol object at 0x000001F2C853A9D0>
Cc1c(O)ccc2c1oc(=O)c1cc(O)cc(C)c12,583.0,<rdkit.Chem.rdchem.Mol object at 0x000001F2C853AA40>
Cc1c(O)ccc2c1oc(=O)c1cc(O)ccc12,654.0,<rdkit.Chem.rdchem.Mol object at 0x000001F2C853AAB0>
Cc1c(O)ccc2c1oc(=O)c1cccc(C)c12,10000.0,<rdkit.Chem.rdchem.Mol object at 0x000001F2C853AB20>
Cc1c(O)ccc2c1oc(=O)c1ccccc12,10000.0,<rdkit.Chem.rdchem.Mol object at 0x000001F2C853AB90>
Cc1c(O)ccc2cc(-c3ccc(O)cc3)ccc12,282.0,<rdkit.Chem.rdchem.Mol object at 0x000001F2C853AC00>
Cc1c(O)cccc1-c1sc2cc(O)ccc2c1Oc1ccc(/C=C/C(=O)O)cc1,67.0,<rdkit.Chem.rdchem.Mol object at 0x000001F2C853AC70>
Cc1c(OCCN(C)CCCF)ccc(F)c1[C@@H]1c2[nH]c3ccc(F)cc3c2C[C@@H](C)N1C[C@@H](C)C(=O)O,1.9,<rdkit.Chem.rdchem.Mol object at 0x000001F2C853ACE0>
Cc1c(OCCN(C)CCCF)ccc(F)c1[C@@H]1c2[nH]c3ccc(F)cc3c2C[C@@H](C)N1C[C@H](C)C(=O)O,1.1,<rdkit.Chem.rdchem.Mol object at 0x000001F2C853AD50>
Cc1c(OCCN(C)CCCF)ccc(F)c1[C@@H]1c2[nH]c3ccccc3c2C[C@@H](C(F)(F)F)N1C[C@H](C)C(=O)O,1.5,<rdkit.Chem.rdchem.Mol object at 0x000001F2C853ADC0>
Cc1c(OCCN(C)CCCF)ccc(F)c1[C@@H]1c2[nH]c3ccccc3c2C[C@@H](C)N1CCC(=O)O,3.3,<rdkit.Chem.rdchem.Mol object at 0x000001F2C853AE30>
Cc1c(OCCN(C)CCCF)ccc(F)c1[C@@H]1c2[nH]c3ccccc3c2C[C@@H](C)N1C[C@@H](C)C(=O)O,8.2,<rdkit.Chem.rdchem.Mol object at 0x000001F2C853AEA0>
Cc1c(OCCN(C)CCCF)ccc(F)c1[C@@H]1c2[nH]c3ccccc3c2C[C@@H](C)N1C[C@H](C)C(=O)O,2.1,<rdkit.Chem.rdchem.Mol object at 0x000001F2C853AF10>
Cc1c(OCCN(C)CCCF)ccc(F)c1[C@@H]1c2[nH]c3ccccc3c2C[C@H](C)N1C[C@@H](C)C(=O)O,8.2,<rdkit.Chem.rdchem.Mol object at 0x000001F2C853AF80>
Cc1c(OCCN(C)CCCF)ncc(F)c1[C@@H]1c2[nH]c3ccc(F)cc3c2C[C@@H](C)N1CCC(=O)O,1.2,<rdkit.Chem.rdchem.Mol object at 0x000001F2C853AFF0>
Cc1c(OCCN(C)CCCF)ncc(F)c1[C@@H]1c2[nH]c3ccc(F)cc3c2C[C@@H](C)N1C[C@@H](C)C(=O)O,1.0,<rdkit.Chem.rdchem.Mol object at 0x000001F2C853B060>
Cc1c(OCCN(C)CCCF)ncc(F)c1[C@@H]1c2[nH]c3ccccc3c2C[C@@H](C)N1C(C)CC(=O)O,0.95,<rdkit.Chem.rdchem.Mol object at 0x000001F2C853B0D0>
Cc1c(OCCN(C)CCCF)ncc(F)c1[C@@H]1c2[nH]c3ccccc3c2C[C@@H](C)N1CCC(=O)O,1.8,<rdkit.Chem.rdchem.Mol object at 0x000001F2C853B140>
Cc1c(OCCN(C)CCCF)ncc(F)c1[C@@H]1c2[nH]c3ccccc3c2C[C@@H](C)N1C[C@@H](C)C(=O)O,1.5,<rdkit.Chem.rdchem.Mol object at 0x000001F2C853B1B0>
Cc1c(OCCN(C)CCCF)ncc(F)c1[C@@H]1c2[nH]c3ccccc3c2C[C@@H](C)N1C[C@H](C)C(=O)O,1.1,<rdkit.Chem.rdchem.Mol object at 0x000001F2C853B220>
Cc1c(OCCN(C)CCCF)ncc(F)c1[C@@H]1c2[nH]c3ccccc3c2C[C@H](C)N1C[C@@H](C)C(=O)O,2.2,<rdkit.Chem.rdchem.Mol object at 0x000001F2C853B290>
Cc1c(OCCN2CC(CF)C2)ccc(F)c1[C@@H]1c2[nH]c3ccccc3c2C[C@@H](C)N1C[C@H](C)C(=O)O,1.756,<rdkit.Chem.rdchem.Mol object at 0x000001F2C853B300>
Cc1c(OCCNCCC(F)F)ccc(F)c1[C@@H]1c2[nH]c3ccc(F)cc3c2C[C@@H](C)N1C[C@@H](C)C(=O)O,1.4,<rdkit.Chem.rdchem.Mol object at 0x000001F2C853B370>
Cc1c(OCCNCCC(F)F)ccc(F)c1[C@@H]1c2[nH]c3ccccc3c2C[C@@H](C)N1C[C@@H](C)C(=O)O,11.0,<rdkit.Chem.rdchem.Mol object at 0x000001F2C853B3E0>
Cc1c(OCCNCCC(F)F)ccc(F)c1[C@@H]1c2[nH]c3ccccc3c2C[C@@H](C)N1C[C@H](C)C(=O)O,3.9,<rdkit.Chem.rdchem.Mol object at 0x000001F2C853B450>
Cc1c(OCCNCCCF)ccc(F)c1[C@@H]1c2[nH]c3ccc(F)cc3c2C[C@@H](C)N1C[C@@H](C)C(=O)O,2.8,<rdkit.Chem.rdchem.Mol object at 0x000001F2C853B4C0>
Cc1c(OCCNCCCF)ccc(F)c1[C@@H]1c2[nH]c3ccc(F)cc3c2C[C@@H](C)N1C[C@H](C)C(=O)O,2.6,<rdkit.Chem.rdchem.Mol object at 0x000001F2C853B530>
Cc1c(OCCNCCCF)ccc(F)c1[C@@H]1c2[nH]c3ccccc3c2CC(C)(C)N1C[C@H](C)C(=O)O,5.8,<rdkit.Chem.rdchem.Mol object at 0x000001F2C853B5A0>
Cc1c(OCCNCCCF)ccc(F)c1[C@@H]1c2[nH]c3ccccc3c2C[C@@H](C(F)(F)F)N1C[C@H](C)C(=O)O,1.4,<rdkit.Chem.rdchem.Mol object at 0x000001F2C853B610>
Cc1c(OCCNCCCF)ccc(F)c1[C@@H]1c2[nH]c3ccccc3c2C[C@@H](C(F)F)N1C[C@H](C)C(=O)O,1.7,<rdkit.Chem.rdchem.Mol object at 0x000001F2C853B680>
Cc1c(OCCNCCCF)ccc(F)c1[C@@H]1c2[nH]c3ccccc3c2C[C@@H](C)N1CC(C)(C)C(=O)O,6.9,<rdkit.Chem.rdchem.Mol object at 0x000001F2C853B6F0>
Cc1c(OCCNCCCF)ccc(F)c1[C@@H]1c2[nH]c3ccccc3c2C[C@@H](C)N1CC(F)(F)C(=O)O,1.2,<rdkit.Chem.rdchem.Mol object at 0x000001F2C853B760>
Cc1c(OCCNCCCF)ccc(F)c1[C@@H]1c2[nH]c3ccccc3c2C[C@@H](C)N1CC(F)(F)CO,0.78,<rdkit.Chem.rdchem.Mol object at 0x000001F2C853B7D0>
Cc1c(OCCNCCCF)ccc(F)c1[C@@H]1c2[nH]c3ccccc3c2C[C@@H](C)N1CC(F)(F)F,1.4295,<rdkit.Chem.rdchem.Mol object at 0x000001F2C853B840>
Cc1c(OCCNCCCF)ccc(F)c1[C@@H]1c2[nH]c3ccccc3c2C[C@@H](C)N1CC1(C(=O)O)CCC1,11.0,<rdkit.Chem.rdchem.Mol object at 0x000001F2C853B8B0>
Cc1c(OCCNCCCF)ccc(F)c1[C@@H]1c2[nH]c3ccccc3c2C[C@@H](C)N1CCC#N,0.54,<rdkit.Chem.rdchem.Mol object at 0x000001F2C853B920>
Cc1c(OCCNCCCF)ccc(F)c1[C@@H]1c2[nH]c3ccccc3c2C[C@@H](C)N1CCC(=O)O,15.0,<rdkit.Chem.rdchem.Mol object at 0x000001F2C853B990>
Cc1c(OCCNCCCF)ccc(F)c1[C@@H]1c2[nH]c3ccccc3c2C[C@@H](C)N1C[C@@H](C)C(=O)O,9.2,<rdkit.Chem.rdchem.Mol object at 0x000001F2C853BA00>
Cc1c(OCCNCCCF)ccc(F)c1[C@@H]1c2[nH]c3ccccc3c2C[C@@H](C)N1C[C@H](C)C(=O)O,3.581,<rdkit.Chem.rdchem.Mol object at 0x000001F2C853BA70>
Cc1c(OCCNCCCF)cccc1[C@@H]1c2[nH]c3ccccc3c2C[C@@H](C)N1CC(F)(F)F,1.0,<rdkit.Chem.rdchem.Mol object at 0x000001F2C853BAE0>
Cc1c(OCCNCCCF)ccnc1[C@@H]1c2[nH]c3ccccc3c2C[C@@H](C)N1CC(F)(F)CO,1.4,<rdkit.Chem.rdchem.Mol object at 0x000001F2C853BB50>
Cc1c(OCCNCCCF)cncc1[C@@H]1c2[nH]c3ccccc3c2C[C@@H](C)N1CC(F)(F)F,0.19,<rdkit.Chem.rdchem.Mol object at 0x000001F2C853BBC0>
Cc1c(OCCNCCCF)ncc(F)c1[C@@H]1c2[nH]c3ccccc3c2C[C@@H](C)N1CC(F)(F)CO,0.43,<rdkit.Chem.rdchem.Mol object at 0x000001F2C853BC30>
Cc1c(OCCNCCCF)ncc(F)c1[C@@H]1c2[nH]c3ccccc3c2C[C@@H](C)N1C[C@@H](C)C(=O)O,1.6925,<rdkit.Chem.rdchem.Mol object at 0x000001F2C853BCA0>
Cc1c(OCCNCCCF)ncc(F)c1[C@@H]1c2[nH]c3ccccc3c2C[C@@H](C)N1C[C@H](C)C(=O)O,1.2,<rdkit.Chem.rdchem.Mol object at 0x000001F2C853BD10>
Cc1c(OCCNCCCF)ncnc1[C@@H]1c2[nH]c3ccccc3c2C[C@@H](C)N1CC(F)(F)CO,1.0,<rdkit.Chem.rdchem.Mol object at 0x000001F2C853BD80>
Cc1c(OCCNCCCF)ncnc1[C@@H]1c2[nH]c3ccccc3c2C[C@@H](C)N1CC(F)(F)F,0.74,<rdkit.Chem.rdchem.Mol object at 0x000001F2C853BDF0>
Cc1c([C@@H]2c3[nH]c4ccccc4c3C[C@@H](C)N2CC(F)(F)CO)ccnc1OCCNCCCF,0.56,<rdkit.Chem.rdchem.Mol object at 0x000001F2C853BE60>
Cc1c([C@@H]2c3[nH]c4ccccc4c3C[C@@H](C)N2CC(F)(F)F)ccnc1OCCNCCCF,0.92,<rdkit.Chem.rdchem.Mol object at 0x000001F2C853BED0>
Cc1c([C@@H]2c3[nH]c4ccccc4c3C[C@@H](C)N2C[C@@H](C)C(=O)O)ccnc1OCCN(C)CCCF,1.7,<rdkit.Chem.rdchem.Mol object at 0x000001F2C853BF40>
Cc1c([C@@H]2c3[nH]c4ccccc4c3C[C@@H](C)N2C[C@H](C)C(=O)O)ccnc1OCCNCCCF,2.0,<rdkit.Chem.rdchem.Mol object at 0x000001F2C8534040>
Cc1c([C@H](C)NC(=O)Cc2c(-c3ccccc3)[nH]c3ccccc23)n(Cc2ccc(OCCN3CCCCC3)cc2)c2ccc(O)cc12,2.0,<rdkit.Chem.rdchem.Mol object at 0x000001F2C85340B0>
Cc1c([C@H](C)NC(=O)Cc2c(-c3ccccc3)[nH]c3ccccc23)n(Cc2ccc(OCCN3CC[C@H](C)C3)cc2)c2ccc(O)cc12,4.0,<rdkit.Chem.rdchem.Mol object at 0x000001F2C8534120>
Cc1cc(-c2c[se]cc2-c2ccc(OCCN3CCCC3)c(C)c2)ccc1O,836.0,<rdkit.Chem.rdchem.Mol object at 0x000001F2C8534190>
Cc1cc(-c2nn3c(-c4ccccc4)nnc3s2)c2ccccc2n1,21552.69,<rdkit.Chem.rdchem.Mol object at 0x000001F2C8534200>
Cc1cc(-c2noc3cc(O)ccc23)c(O)cc1O,65.0,<rdkit.Chem.rdchem.Mol object at 0x000001F2C8534270>
Cc1cc(-c2noc3cc(O)ccc23)ccc1O,431.0,<rdkit.Chem.rdchem.Mol object at 0x000001F2C85342E0>
Cc1cc(-c2sc3cc(O)ccc3c2Oc2ccc(/C=C/C(=O)O)cc2)ccc1O,327.0,<rdkit.Chem.rdchem.Mol object at 0x000001F2C8534350>
Cc1cc(-n2cnc3cc(O)cc(O)c3c2=O)ccc1O,34626.0,<rdkit.Chem.rdchem.Mol object at 0x000001F2C85343C0>
Cc1cc(-n2cnc3cc(O)cc(O)c3c2=S)ccc1O,2854.0,<rdkit.Chem.rdchem.Mol object at 0x000001F2C8534430>
Cc1cc(/C=C/C(=O)O)ccc1Oc1c(-c2ccc(O)cc2)sc2cc(O)ccc12,1030.0,<rdkit.Chem.rdchem.Mol object at 0x000001F2C85344A0>
Cc1cc(/C=C2/C(=O)NC(=O)N(c3ccccc3)C2=O)c(C)n1-c1ccc(F)cc1,50000.0,<rdkit.Chem.rdchem.Mol object at 0x000001F2C8534510>
Cc1cc(=O)oc2c(CN3CCC(C)CC3)c(O)c(Cl)cc12,23727.96,<rdkit.Chem.rdchem.Mol object at 0x000001F2C8534580>
Cc1cc(Br)c2c(c1)c(=O)oc1c(C)c(O)ccc12,3120.0,<rdkit.Chem.rdchem.Mol object at 0x000001F2C85345F0>
Cc1cc(C(=O)C2=C(c3ccc(O)cc3)COc3cc(O)ccc32)ccc1OCCN1C=Cc2cccnc2C1,50.525,<rdkit.Chem.rdchem.Mol object at 0x000001F2C8534660>
Cc1cc(C(=O)C2=C(c3ccc(O)cc3)COc3cc(O)ccc32)ccc1OCCN1Cc2cccnc2C1,50.565,<rdkit.Chem.rdchem.Mol object at 0x000001F2C85346D0>
Cc1cc(C(=O)CNc2c(-c3ccc(O)cc3)c(=O)oc3cc(O)ccc23)ccc1OCCN1CCC=C(C(=O)O)C1,50.095,<rdkit.Chem.rdchem.Mol object at 0x000001F2C8534740>
Cc1cc(C(=O)O)ccc1-n1c(C)ccc1C,7534.84,<rdkit.Chem.rdchem.Mol object at 0x000001F2C85347B0>
Cc1cc(C(=O)OCC(=O)c2ccc(Br)s2)no1,36204.48,<rdkit.Chem.rdchem.Mol object at 0x000001F2C8534820>
Cc1cc(C(C)(C)C)ccc1C1=C(c2ccc(O[C@H]3CCN(CCCF)C3)cc2)c2ccc(O)cc2CCC1,120.0,<rdkit.Chem.rdchem.Mol object at 0x000001F2C8534890>
Cc1cc(C(C)(C)c2cc(C)c(O)c(C)c2)cc(C)c1O,250000.0,<rdkit.Chem.rdchem.Mol object at 0x000001F2C8534900>
Cc1cc(C(C)(C)c2ccc(O)c(C)c2)ccc1O,1198.0,<rdkit.Chem.rdchem.Mol object at 0x000001F2C8534970>
Cc1cc(C(C)(c2ccccc2)c2ccc(O)c(C)c2)ccc1O,4800.0,<rdkit.Chem.rdchem.Mol object at 0x000001F2C85349E0>
Cc1cc(C(F)(F)F)ccc1-c1sc2cc(O)ccc2c1Oc1ccc(/C=C/C(=O)O)cc1,106.0,<rdkit.Chem.rdchem.Mol object at 0x000001F2C8534A50>
Cc1cc(C(F)(F)F)ccc1C1=C(c2ccc(O[C@H]3CCN(CCCF)C3)cc2)c2ccc(O)c(F)c2CCC1,46.0,<rdkit.Chem.rdchem.Mol object at 0x000001F2C8534AC0>
Cc1cc(C(F)(F)F)ccc1C1=C(c2ccc(O[C@H]3CCN(CCCF)C3)cc2)c2ccc(O)cc2CCC1,85.0,<rdkit.Chem.rdchem.Mol object at 0x000001F2C8534B30>
Cc1cc(C)c(NC(=O)CSc2nc3ccc(NC(=O)CSc4nnnn4Cc4ccccc4)cc3s2)c(C)c1,50000.0,<rdkit.Chem.rdchem.Mol object at 0x000001F2C8534BA0>
Cc1cc(C)c(S(=O)(=O)/N=C2\C=CC(=O)C(Cl)=C2)c(C)c1,10284.76,<rdkit.Chem.rdchem.Mol object at 0x000001F2C8534C10>
Cc1cc(C)c(S(=O)(=O)N[C@@H](C)CNc2cccc3c2cnn3-c2ccc(F)cc2)c(C)c1,5000.0,<rdkit.Chem.rdchem.Mol object at 0x000001F2C8534C80>
Cc1cc(C)c2c(c1)c(=O)oc1c(C)c(O)ccc12,3710.0,<rdkit.Chem.rdchem.Mol object at 0x000001F2C8534CF0>
Cc1cc(C)c2c(c1)c(=O)oc1cc(O)ccc12,585.0,<rdkit.Chem.rdchem.Mol object at 0x000001F2C8534D60>
Cc1cc(C)c2nc(-c3cc4ccccc4n3Cc3ccccc3)[nH]c2c1,33.13,<rdkit.Chem.rdchem.Mol object at 0x000001F2C8534DD0>
Cc1cc(C)c2nc(-c3ccccn3)cc(C(=O)NCc3ccco3)c2c1,50000.0,<rdkit.Chem.rdchem.Mol object at 0x000001F2C8534E40>
Cc1cc(C)cc(-c2sc3cc(O)ccc3c2Oc2ccc(/C=C/C(=O)O)cc2)c1,389.0,<rdkit.Chem.rdchem.Mol object at 0x000001F2C8534EB0>
Cc1cc(C)cc(OCc2nc3cc(Br)c[nH]c-3n2)c1.Cl,50000.0,<rdkit.Chem.rdchem.Mol object at 0x000001F2C8534F20>
Cc1cc(C)n(CC(O)COc2ccccc2)n1,50000.0,<rdkit.Chem.rdchem.Mol object at 0x000001F2C8534F90>
Cc1cc(C)n2nc(SCc3cc(=O)oc4cc(O)ccc34)nc2n1,10131.36,<rdkit.Chem.rdchem.Mol object at 0x000001F2C8535000>
Cc1cc(C)nc(N2CCN(c3ccc(C(=O)c4c(-c5ccc(O)cc5)sc5cc(O)ccc45)cc3)CC2)n1,2.12,<rdkit.Chem.rdchem.Mol object at 0x000001F2C8535070>
Cc1cc(C)nc(NC(=O)CSc2nn(C)c(=S)s2)n1,8766.96,<rdkit.Chem.rdchem.Mol object at 0x000001F2C85350E0>
Cc1cc(C2(c3ccc(O)c(C)c3)CCCC2)ccc1O,84.0,<rdkit.Chem.rdchem.Mol object at 0x000001F2C8535150>
Cc1cc(C2(c3ccc(O)c(C)c3)CCCCC2)ccc1O,765.0,<rdkit.Chem.rdchem.Mol object at 0x000001F2C85351C0>
Cc1cc(C2(c3ccc(O)c(C)c3)c3ccccc3-c3ccccc32)ccc1O,9700.0,<rdkit.Chem.rdchem.Mol object at 0x000001F2C8535230>
Cc1cc(C2=C(c3ccc(O[C@H]4CCN(CCCF)C4)cc3)c3ccc(O)c(F)c3CCC2)ccc1Cl,434.0,<rdkit.Chem.rdchem.Mol object at 0x000001F2C85352A0>
Cc1cc(C2=C(c3ccc(O[C@H]4CCN(CCCF)C4)cc3)c3ccc(O)cc3CCC2)ccc1Cl,11.0,<rdkit.Chem.rdchem.Mol object at 0x000001F2C8535310>
Cc1cc(C2=C(c3ccc(O[C@H]4CCN(CCCF)C4)cc3)c3ccc(O)cc3CCC2)ccc1OC(F)(F)F,1768.0,<rdkit.Chem.rdchem.Mol object at 0x000001F2C8535380>
Cc1cc(C2CC2)ccc1C1=C(c2ccc(C=C3CN(CCCF)C3)cc2)c2ccc(C(=O)O)cc2CCC1,0.2,<rdkit.Chem.rdchem.Mol object at 0x000001F2C85353F0>
Cc1cc(Cc2ccc(O)c(C)c2)ccc1O,5395.0,<rdkit.Chem.rdchem.Mol object at 0x000001F2C8535460>
Cc1cc(Cl)c(S(=O)(=O)Nc2ccc3c(c2)OCO3)cc1OCC(N)=O,50000.0,<rdkit.Chem.rdchem.Mol object at 0x000001F2C85354D0>
Cc1cc(Cl)cc(C)c1C(=O)c1sc2cc(O)ccc2c1Oc1ccc(/C=C/C(=O)O)cc1,2.4,<rdkit.Chem.rdchem.Mol object at 0x000001F2C8535540>
Cc1cc(Cl)cc(C)c1OCCCCN1CCOCC1,50000.0,<rdkit.Chem.rdchem.Mol object at 0x000001F2C85355B0>
Cc1cc(Cl)ccc1-c1c(Cc2ccc(/C=C/C(=O)O)cc2)c2ccc(O)cc2oc1=O,15.75,<rdkit.Chem.rdchem.Mol object at 0x000001F2C8535620>
Cc1cc(Cl)ccc1C1=C(c2ccc(O[C@H]3CCN(CCCF)C3)cc2)c2ccc(O)cc2CCC1,24.0,<rdkit.Chem.rdchem.Mol object at 0x000001F2C8535690>
Cc1cc(Cl)ccc1OCC(=O)OC(C)C(=O)N(C)C,36973.41,<rdkit.Chem.rdchem.Mol object at 0x000001F2C8535700>
Cc1cc(F)cc(C)c1C(=O)c1sc2cc(O)ccc2c1-c1ccc(CCN2CC(CF)C2)cc1,1000.0,<rdkit.Chem.rdchem.Mol object at 0x000001F2C8535770>
Cc1cc(F)cc(C)c1C(=O)c1sc2cc(O)ccc2c1-c1ccc(OCCN2CC(CF)C2)cc1,25500.0,<rdkit.Chem.rdchem.Mol object at 0x000001F2C85357E0>
Cc1cc(F)cc(C)c1C(=O)c1sc2cc(O)ccc2c1-c1ccc(OCCN2CCC(CF)C2)cc1,25500.0,<rdkit.Chem.rdchem.Mol object at 0x000001F2C8535850>
Cc1cc(F)cc(C)c1C(=O)c1sc2cc(O)ccc2c1-c1ccc(OCCN2CCC(CF)CC2)cc1,25500.0,<rdkit.Chem.rdchem.Mol object at 0x000001F2C85358C0>
Cc1cc(F)cc(C)c1C(=O)c1sc2cc(O)ccc2c1Oc1ccc(/C=C/C(=O)O)cc1,3.1,<rdkit.Chem.rdchem.Mol object at 0x000001F2C8535930>
Cc1cc(F)cc(C)c1C(=O)c1sc2cc(O)ccc2c1Oc1ccc(C2CCCNC2)cc1,25500.0,<rdkit.Chem.rdchem.Mol object at 0x000001F2C85359A0>
Cc1cc(F)cc(C)c1C(=O)c1sc2cc(O)ccc2c1Oc1ccc(CCN)cc1,1000.0,<rdkit.Chem.rdchem.Mol object at 0x000001F2C8535A10>
Cc1cc(F)cc(C)c1C(=O)c1sc2cc(O)ccc2c1Oc1ccc(CCN2CC(CF)C2)cc1,1000.0,<rdkit.Chem.rdchem.Mol object at 0x000001F2C8535A80>
Cc1cc(F)cc(C)c1C(=O)c1sc2cc(O)ccc2c1Oc1ccc(CCN2CC[C@H](C)C2)cc1,1000.0,<rdkit.Chem.rdchem.Mol object at 0x000001F2C8535AF0>
Cc1cc(F)cc(C)c1C(=O)c1sc2cc(O)ccc2c1Oc1ccc(CCNC(C)C)cc1,25500.0,<rdkit.Chem.rdchem.Mol object at 0x000001F2C8535B60>
Cc1cc(F)cc(C)c1C(=O)c1sc2cc(O)ccc2c1Oc1ccc(CCNC2CCCCC2)cc1,1000.0,<rdkit.Chem.rdchem.Mol object at 0x000001F2C8535BD0>
Cc1cc(F)cc(C)c1C(=O)c1sc2cc(O)ccc2c1Oc1ccc(CN(C)C)cc1,1000.0,<rdkit.Chem.rdchem.Mol object at 0x000001F2C8535C40>
Cc1cc(F)cc(C)c1C(=O)c1sc2cc(O)ccc2c1Oc1ccc(CN)cc1,1000.0,<rdkit.Chem.rdchem.Mol object at 0x000001F2C8535CB0>
Cc1cc(F)cc(C)c1C(=O)c1sc2cc(O)ccc2c1Oc1ccc(N2CCCCC2)cc1,1000.0,<rdkit.Chem.rdchem.Mol object at 0x000001F2C8535D20>
Cc1cc(F)cc(C)c1C(=O)c1sc2cc(O)ccc2c1Oc1ccc(N2CCCCCC2)cc1,1000.0,<rdkit.Chem.rdchem.Mol object at 0x000001F2C8535D90>
Cc1cc(F)cc(C)c1C(=O)c1sc2cc(O)ccc2c1Oc1ccc(OC2CN(C3CC3)C2)cc1,8.443999999999999,<rdkit.Chem.rdchem.Mol object at 0x000001F2C8535E00>
Cc1cc(F)cc(C)c1C(=O)c1sc2cc(O)ccc2c1Oc1ccc(OC2CN(CCCF)C2)cc1,2.0615,<rdkit.Chem.rdchem.Mol object at 0x000001F2C8535E70>
Cc1cc(F)cc(C)c1C(=O)c1sc2cc(O)ccc2c1Oc1ccc(OCCN2CC(CF)C2)cc1,2.4565,<rdkit.Chem.rdchem.Mol object at 0x000001F2C8535EE0>
Cc1cc(F)cc(C)c1C(=O)c1sc2cc(O)ccc2c1Oc1ccc(OCCN2CCCC2)cc1,1000.0,<rdkit.Chem.rdchem.Mol object at 0x000001F2C8535F50>
Cc1cc(F)cc(C)c1C(=O)c1sc2cc(O)ccc2c1Oc1ccc(OCCN2CCCCC2)cc1,1000.0,<rdkit.Chem.rdchem.Mol object at 0x000001F2C8535FC0>
Cc1cc(F)cc(C)c1C(=O)c1sc2cc(O)ccc2c1Oc1ccc(OCCN2CCCCCC2)cc1,1000.0,<rdkit.Chem.rdchem.Mol object at 0x000001F2C8536030>
Cc1cc(F)cc(C)c1C(=O)c1sc2cc(O)ccc2c1Oc1ccc(OCCN2CC[C@@H](CF)C2)cc1,8.943999999999999,<rdkit.Chem.rdchem.Mol object at 0x000001F2C85360A0>
Cc1cc(F)cc(C)c1C(=O)c1sc2cc(O)ccc2c1Oc1ccc(OCCN2CC[C@H](CF)C2)cc1,3.02,<rdkit.Chem.rdchem.Mol object at 0x000001F2C8536110>
Cc1cc(F)ccc1-c1c(-c2ccc(/C=C/C(=O)O)cc2)c2ccc(O)cc2oc1=O,130.9,<rdkit.Chem.rdchem.Mol object at 0x000001F2C8536180>
Cc1cc(F)ccc1-c1c(Cc2ccc(/C=C/C(=O)O)cc2)c2c(F)cc(O)cc2oc1=O,28.15,<rdkit.Chem.rdchem.Mol object at 0x000001F2C85361F0>
Cc1cc(F)ccc1-c1c(Cc2ccc(/C=C/C(=O)O)cc2)c2ccc(C(F)F)cc2oc1=O,1270.0,<rdkit.Chem.rdchem.Mol object at 0x000001F2C8536260>
Cc1cc(F)ccc1-c1c(Cc2ccc(/C=C/C(=O)O)cc2)c2ccc(CO)cc2oc1=O,550.0,<rdkit.Chem.rdchem.Mol object at 0x000001F2C85362D0>
Cc1cc(F)ccc1-c1c(Cc2ccc(/C=C/C(=O)O)cc2)c2ccc(N)cc2oc1=O,1380.0,<rdkit.Chem.rdchem.Mol object at 0x000001F2C8536340>
Cc1cc(F)ccc1-c1c(Cc2ccc(/C=C/C(=O)O)cc2)c2ccc(O)cc2oc1=O,60.45,<rdkit.Chem.rdchem.Mol object at 0x000001F2C85363B0>
Cc1cc(F)ccc1-c1c(N(C)c2ccc(/C=C/C(=O)O)cc2)c2ccc(O)cc2oc1=O,34.95,<rdkit.Chem.rdchem.Mol object at 0x000001F2C8536420>
Cc1cc(F)ccc1-c1c(Nc2ccc(/C=C/C(=O)O)cc2)c2ccc(O)cc2oc1=O,737.5,<rdkit.Chem.rdchem.Mol object at 0x000001F2C8536490>
Cc1cc(F)ccc1-c1c(Oc2ccc(/C=C/C(=O)O)cc2)c2cc(F)c(O)cc2oc1=O,1503.7,<rdkit.Chem.rdchem.Mol object at 0x000001F2C8536500>
Cc1cc(F)ccc1-c1c(Oc2ccc(/C=C/C(=O)O)cc2)c2ccc(O)c(F)c2oc1=O,256.1,<rdkit.Chem.rdchem.Mol object at 0x000001F2C8536570>
Cc1cc(F)ccc1-c1c(Oc2ccc(/C=C/C(=O)O)cc2)c2ccc(O)cc2oc1=O,24.0,<rdkit.Chem.rdchem.Mol object at 0x000001F2C85365E0>
Cc1cc(F)ccc1-c1c(Oc2ccc(/C=C/C(=O)O)cc2)c2ccccc2oc1=O,289.0,<rdkit.Chem.rdchem.Mol object at 0x000001F2C8536650>
Cc1cc(F)ccc1-c1sc2cc(O)ccc2c1Oc1ccc(/C=C/C(=O)O)cc1,41.0,<rdkit.Chem.rdchem.Mol object at 0x000001F2C85366C0>
Cc1cc(F)ccc1-c1sc2cc(O)ccc2c1Oc1ccc(/C=C/c2n[nH]c(=O)o2)cc1,422.0,<rdkit.Chem.rdchem.Mol object at 0x000001F2C8536730>
Cc1cc(F)ccc1-c1sc2cc(O)ccc2c1Oc1ccc(/C=C/c2nnc(C)n2C)cc1,21.05,<rdkit.Chem.rdchem.Mol object at 0x000001F2C85367A0>
Cc1cc(F)ccc1-c1sc2cc(O)ccc2c1Oc1ccc(/C=C/c2nnc(C3CC3)o2)cc1,31.5,<rdkit.Chem.rdchem.Mol object at 0x000001F2C8536810>
Cc1cc(F)ccc1-c1sc2cc(O)ccc2c1Oc1ccc(/C=C/c2nnnn2C)cc1,36.0,<rdkit.Chem.rdchem.Mol object at 0x000001F2C8536880>
Cc1cc(F)ccc1C(=O)c1sc2cc(O)ccc2c1Oc1ccc(/C=C/C(=O)O)cc1,8.8,<rdkit.Chem.rdchem.Mol object at 0x000001F2C85368F0>
Cc1cc(F)ccc1C(=O)c1sc2cc(O)ccc2c1Oc1ccc(OC2CN(CCCF)C2)cc1,7.266500000000001,<rdkit.Chem.rdchem.Mol object at 0x000001F2C8536960>
Cc1cc(F)ccc1C(=O)c1sc2cc(O)ccc2c1Oc1ccc(OCCN2CC(CF)C2)cc1,3.1654999999999998,<rdkit.Chem.rdchem.Mol object at 0x000001F2C85369D0>
Cc1cc(F)ccc1C1=C(c2ccc(C=C3CN(CCC(F)F)C3)cc2)c2ccc(C(=O)O)cc2CCC1,0.2,<rdkit.Chem.rdchem.Mol object at 0x000001F2C8536A40>
Cc1cc(F)ccc1C1=C(c2ccc(O[C@H]3CCN(CCCF)C3)cc2)c2ccc(O)cc2CCC1,15.0,<rdkit.Chem.rdchem.Mol object at 0x000001F2C8536AB0>
Cc1cc(N2Nc3c(c(=O)oc4cc(O)ccc34)-c3ccc(O)cc32)ccc1OCCN1CCC=C(C(=O)O)C1,143.93,<rdkit.Chem.rdchem.Mol object at 0x000001F2C8536B20>
Cc1cc(N2Nc3cc(O)ccc3-c3c2c2ccc(O)cc2oc3=O)ccc1OCCN1CCC=C(C(=O)O)C1,50.13,<rdkit.Chem.rdchem.Mol object at 0x000001F2C8536B90>
Cc1cc(NC(=O)CSc2cn(CCNC(=O)c3ccc(Cl)cc3)c3ccccc23)no1,24868.99,<rdkit.Chem.rdchem.Mol object at 0x000001F2C8536C00>
Cc1cc(NC(=O)CSc2nc3c(c(=O)n2CCc2ccccc2)SC(C)C3)no1,33558.26,<rdkit.Chem.rdchem.Mol object at 0x000001F2C8536C70>
Cc1cc(O)c(C)c2c1-c1ccc(O)c(C)c1OC2C,237.0,<rdkit.Chem.rdchem.Mol object at 0x000001F2C8536CE0>
Cc1cc(O)c(Cl)c2c(=O)oc3c(Cl)c(O)ccc3c12,2521.0,<rdkit.Chem.rdchem.Mol object at 0x000001F2C8536D50>
Cc1cc(O)c2c(c1)C(=O)c1cc(O)cc(O)c1C2=O,2700.0,<rdkit.Chem.rdchem.Mol object at 0x000001F2C8536DC0>
Cc1cc(O)c2c(c1)C(=O)c1cc(O)cc(O[C@@H]3O[C@H](CO)[C@@H](O)[C@H](O)[C@H]3O)c1C2=O,20000.0,<rdkit.Chem.rdchem.Mol object at 0x000001F2C8536E30>
Cc1cc(O)c2cccc(-c3nc4ccc(O)cc4o3)c2c1,163.0,<rdkit.Chem.rdchem.Mol object at 0x000001F2C8536EA0>
Cc1cc(O)cc2c1-c1ccc(O)c(C)c1OC2,1030.0,<rdkit.Chem.rdchem.Mol object at 0x000001F2C8536F10>
Cc1cc(O)cc2c1-c1ccc(O)c(C)c1OC2C,1210.0,<rdkit.Chem.rdchem.Mol object at 0x000001F2C8536F80>
Cc1cc(O)cc2c1-c1ccc(O)c(C)c1OC2CC(C)C,627.0,<rdkit.Chem.rdchem.Mol object at 0x000001F2C8536FF0>
Cc1cc(O)cc2c1C(=O)[C@@H](c1ccc(O)cc1)[C@@H](c1ccc(OCCN3CCCCC3)cc1)O2,14.0,<rdkit.Chem.rdchem.Mol object at 0x000001F2C8537060>
Cc1cc(O)cc2c1N=C(c1ccc(O)c(Br)c1)C(C)O2,320.0,<rdkit.Chem.rdchem.Mol object at 0x000001F2C85370D0>
Cc1cc(O)cc2c1O[C@H](c1ccc(OCCN3CCCCC3)cc1)[C@H](c1ccc(O)cc1)S2,5.3,<rdkit.Chem.rdchem.Mol object at 0x000001F2C8537140>
Cc1cc(O)cc2c1S[C@@H](c1ccc(O)cc1)[C@@H](c1ccc(OCCN3CCCCC3)cc1)O2,2.0,<rdkit.Chem.rdchem.Mol object at 0x000001F2C85371B0>
Cc1cc(O)cc2cc(-c3ccc(O)c(F)c3)oc12,109.0,<rdkit.Chem.rdchem.Mol object at 0x000001F2C8537220>
Cc1cc(O)cc2cc(-c3ccc(O)cc3)oc12,114.0,<rdkit.Chem.rdchem.Mol object at 0x000001F2C8537290>
Cc1cc(O)cc2ncn(-c3ccc(O)cc3)c(=O)c12,9635.0,<rdkit.Chem.rdchem.Mol object at 0x000001F2C8537300>
Cc1cc(O)cc2ncn(-c3ccc(O)cc3)c(=S)c12,1753.0,<rdkit.Chem.rdchem.Mol object at 0x000001F2C8537370>
Cc1cc(O)ccc1-c1c(C)c2ccc(O)cc2oc1=O,112.0,<rdkit.Chem.rdchem.Mol object at 0x000001F2C85373E0>
Cc1cc(O)ccc1-c1c(Cl)c2cc(O)ccc2n1Cc1ccc(OCCN2CCCCC2)cc1,13.0,<rdkit.Chem.rdchem.Mol object at 0x000001F2C8537450>
Cc1cc(O)ccc1-c1c[se]cc1-c1ccc(OCCN2CCCC2)cc1C,179.0,<rdkit.Chem.rdchem.Mol object at 0x000001F2C85374C0>
Cc1cc(O)ccc1-c1c[se]cc1-c1ccc(OCCN2CCCCC2)cc1C,237.0,<rdkit.Chem.rdchem.Mol object at 0x000001F2C8537530>
Cc1cc(O)ccc1-c1cc(-c2ccc(OCCN3CCCC3)cc2)c(-c2ccc(O)cc2C)[se]1,13.0,<rdkit.Chem.rdchem.Mol object at 0x000001F2C85375A0>
Cc1cc(O)ccc1-c1ccc(-c2ccc(OCCN3CCCC3)cc2C)[se]1,874.0,<rdkit.Chem.rdchem.Mol object at 0x000001F2C8537610>
Cc1cc(O)ccc1-c1ccc(-c2ccc(OCCN3CCCCC3)cc2C)[se]1,41.0,<rdkit.Chem.rdchem.Mol object at 0x000001F2C8537680>
Cc1cc(O)ccc1-c1ccc2c(Cl)c(O)ccc2c1,40.0,<rdkit.Chem.rdchem.Mol object at 0x000001F2C85376F0>
Cc1cc(O)ccc1-c1ccc2cc(O)ccc2c1,40.0,<rdkit.Chem.rdchem.Mol object at 0x000001F2C8537760>
Cc1cc(O)ccc1-c1nc2cc(O)cc(Br)c2o1,44.0,<rdkit.Chem.rdchem.Mol object at 0x000001F2C85377D0>
Cc1cc(O)ccc1-c1nn(C(C)C)c2c(C(F)(F)F)cccc12,20.0,<rdkit.Chem.rdchem.Mol object at 0x000001F2C8537840>
Cc1cc(O)ccc1-c1noc2cc(O)ccc12,475.0,<rdkit.Chem.rdchem.Mol object at 0x000001F2C85378B0>
Cc1cc(O)ccc1-n1cnc2cc(O)cc(O)c2c1=O,4382.0,<rdkit.Chem.rdchem.Mol object at 0x000001F2C8537920>
Cc1cc(O)ccc1C(=O)c1sc2cc(O)ccc2c1Oc1ccc(OCCN2CC(CF)C2)cc1,9.564499999999999,<rdkit.Chem.rdchem.Mol object at 0x000001F2C8537990>
Cc1cc(O)ccc1N1C(=O)c2ccc(O)cc2C1=O,802.0,<rdkit.Chem.rdchem.Mol object at 0x000001F2C8537A00>
Cc1cc(O)ccc1O,250000.0,<rdkit.Chem.rdchem.Mol object at 0x000001F2C8537A70>
Cc1cc(OC(F)(F)F)ccc1-c1c(Cc2ccc(/C=C/C(=O)O)cc2)c2ccc(O)cc2oc1=O,4.0,<rdkit.Chem.rdchem.Mol object at 0x000001F2C8537AE0>
Cc1cc(OC(F)(F)F)ccc1-c1c(Oc2ccc(/C=C/C(=O)O)cc2)c2ccc(C(F)F)cc2oc1=O,278.0,<rdkit.Chem.rdchem.Mol object at 0x000001F2C8537B50>
Cc1cc(OC(F)(F)F)ccc1-c1c(Oc2ccc(/C=C/C(=O)O)cc2)c2ccc(O)cc2oc1=O,3.3,<rdkit.Chem.rdchem.Mol object at 0x000001F2C8537BC0>
Cc1cc(OC(F)(F)F)ccc1-c1c(Oc2ccc(/C=C/C(=O)O)cc2)c2ccccc2oc1=O,140.0,<rdkit.Chem.rdchem.Mol object at 0x000001F2C8537C30>
Cc1cc(OC(F)(F)F)ccc1C1=C(c2ccc(O[C@H]3CCN(CCCF)C3)cc2)c2ccc(O)cc2CCC1,67.0,<rdkit.Chem.rdchem.Mol object at 0x000001F2C8537CA0>
Cc1cc(OC(F)F)ccc1C1=C(c2ccc(O[C@H]3CCN(CCCF)C3)cc2)c2ccc(O)cc2CCC1,28.0,<rdkit.Chem.rdchem.Mol object at 0x000001F2C8537D10>
Cc1cc(OCCNCCCF)cc([C@@H]2c3[nH]c4ccccc4c3C[C@@H](C)N2CC(F)(F)F)c1,8.155,<rdkit.Chem.rdchem.Mol object at 0x000001F2C8537D80>
Cc1cc(OCCNCCCF)ncc1[C@@H]1c2[nH]c3ccccc3c2C[C@@H](C)N1CC(F)F,2.45,<rdkit.Chem.rdchem.Mol object at 0x000001F2C8537DF0>
Cc1cc(Oc2c(-c3ccc(O)cc3)sc3cc(O)ccc23)ccc1/C=C/C(=O)O,1270.0,<rdkit.Chem.rdchem.Mol object at 0x000001F2C8537E60>
Cc1cc(SCC(=O)NC(=O)NCc2ccco2)nc2c(C)cccc12,32039.87,<rdkit.Chem.rdchem.Mol object at 0x000001F2C8537ED0>
Cc1cc([C@@H]2C(=O)c3ccc(O)cc3O[C@@H]2c2ccc(OCCN3CCCCC3)cc2)cc(C)c1O,1050.0,<rdkit.Chem.rdchem.Mol object at 0x000001F2C8537F40>
Cc1cc2c(=O)oc3c(C)c(O)ccc3c2c(C)c1Br,10000.0,<rdkit.Chem.rdchem.Mol object at 0x000001F2C8528040>
Cc1cc2c(C(C)C)c(O)c(O)c(C=O)c2c(O)c1-c1c(C)cc2c(C(C)C)c(O)c(O)c(C=O)c2c1O,2551.34,<rdkit.Chem.rdchem.Mol object at 0x000001F2C85280B0>
Cc1cc2c(Cc3ccc(/C=C/C(=O)O)cc3)c(-c3ccc(OC(F)(F)F)cc3)c(=O)oc2cc1O,165.0,<rdkit.Chem.rdchem.Mol object at 0x000001F2C8528120>
Cc1cc2c(cc1Br)c(=O)oc1c(C)c(O)ccc12,6850.0,<rdkit.Chem.rdchem.Mol object at 0x000001F2C8528190>
Cc1cc2c(cc1O)CCN(CC(C)C)[C@@H]2c1ccc(/C=C/C(=O)O)cc1,101.5,<rdkit.Chem.rdchem.Mol object at 0x000001F2C8528200>
Cc1cc2c(cc1O)O[C@H](c1ccc(OCCN3CCCCC3)cc1)[C@H](c1ccc(O)cc1)S2,34.9,<rdkit.Chem.rdchem.Mol object at 0x000001F2C8528270>
Cc1cc2cc(C3=C(c4ccc(O[C@H]5CCN(CCCF)C5)cc4)c4ccc(O)cc4CCC3)ccc2[nH]1,9.0,<rdkit.Chem.rdchem.Mol object at 0x000001F2C85282E0>
Cc1ccc(-c2c(C)c3cc(O)ccc3n2Cc2ccc(OCCN3CCCCC3)cc2)cc1,110.0,<rdkit.Chem.rdchem.Mol object at 0x000001F2C8528350>
Cc1ccc(-c2cc(C(=O)NCc3ccco3)c3ccccc3n2)o1,6844.46,<rdkit.Chem.rdchem.Mol object at 0x000001F2C85283C0>
Cc1ccc(-c2csc(NC(=O)c3ccno3)n2)cc1,7189.32,<rdkit.Chem.rdchem.Mol object at 0x000001F2C8528430>
Cc1ccc(-c2nn3c(C)nnc3s2)cc1NC(=O)c1ccc(-c2cccc(Cl)c2)o1,50000.0,<rdkit.Chem.rdchem.Mol object at 0x000001F2C85284A0>
Cc1ccc(-c2nnc(S)n2/N=C/C=C\c2ccccc2[N+](=O)[O-])cc1,7316.61,<rdkit.Chem.rdchem.Mol object at 0x000001F2C8528510>
Cc1ccc(-c2nnc3n2N=C(c2ccc(Br)cc2)CS3)cc1,42307.93,<rdkit.Chem.rdchem.Mol object at 0x000001F2C8528580>
Cc1ccc(-c2nnn(CC(=O)Nc3ccc4nn(-c5ccccc5)nc4c3)n2)o1,50000.0,<rdkit.Chem.rdchem.Mol object at 0x000001F2C85285F0>
Cc1ccc(-n2c(=O)c(C#N)cc3c(=O)n4cccc(C)c4nc32)cc1,30868.34,<rdkit.Chem.rdchem.Mol object at 0x000001F2C8528660>
Cc1ccc(-n2nc(-c3ccc(O)cc3O)c3ccc(O)cc32)cc1,40.0,<rdkit.Chem.rdchem.Mol object at 0x000001F2C85286D0>
Cc1ccc(-n2nnnc2SCC(=O)Nc2ccc3c(c2)COC3=O)cc1C,27088.64,<rdkit.Chem.rdchem.Mol object at 0x000001F2C8528740>
Cc1ccc(-n2nnnc2SCC(=O)Nc2cccc(NC(=O)c3ccco3)c2)cc1C,14917.73,<rdkit.Chem.rdchem.Mol object at 0x000001F2C85287B0>
Cc1ccc(/C(=C(\CCCO)c2ccccc2)c2ccc(C3CNC3)cc2)cc1.Cl,10000.0,<rdkit.Chem.rdchem.Mol object at 0x000001F2C8528820>
Cc1ccc(/C(=C(\CCCO)c2ccccc2)c2ccc(N3CCN(C(C)C)CC3)cc2)cc1,10000.0,<rdkit.Chem.rdchem.Mol object at 0x000001F2C8528890>
Cc1ccc(/C(=C(\CCCO)c2ccccc2)c2ccc(N3CCN(C(C)C)CC3)cc2)cc1.Cl.Cl,10000.0,<rdkit.Chem.rdchem.Mol object at 0x000001F2C8528900>
Cc1ccc(/C(=C(\CCCO)c2ccccc2)c2ccc(N3CCN(C)CC3)cc2)cc1,10000.0,<rdkit.Chem.rdchem.Mol object at 0x000001F2C8528970>
Cc1ccc(/C(=C(\CCCO)c2ccccc2)c2ccc(N3CCN(C)CC3)cc2)cc1.Cl.Cl,10000.0,<rdkit.Chem.rdchem.Mol object at 0x000001F2C85289E0>
Cc1ccc(/C(=C(\CCCO)c2ccccc2)c2ccc(N3CCNCC3)cc2)cc1,10000.0,<rdkit.Chem.rdchem.Mol object at 0x000001F2C8528A50>
Cc1ccc(/C(=C(\CCCO)c2ccccc2)c2ccc(N3CCNCC3)cc2)cc1.Cl.Cl,10000.0,<rdkit.Chem.rdchem.Mol object at 0x000001F2C8528AC0>
Cc1ccc(/C(=C(\CCCO)c2ccccc2)c2ccc(OCCN(C)C)cc2)cc1.Cl,10000.0,<rdkit.Chem.rdchem.Mol object at 0x000001F2C8528B30>
Cc1ccc(/C=c2\sc3nc(-c4ccco4)nn3c2=O)o1,13880.77,<rdkit.Chem.rdchem.Mol object at 0x000001F2C8528BA0>
Cc1ccc(C(=O)CSC2=C(C#N)C(c3ccco3)CC(=O)N2)c(C)c1,26539.63,<rdkit.Chem.rdchem.Mol object at 0x000001F2C8528C10>
Cc1ccc(C(=O)N/N=C/c2ccc([N+](=O)[O-])s2)cc1,21142.53,<rdkit.Chem.rdchem.Mol object at 0x000001F2C8528C80>
Cc1ccc(C(=O)N2CCN(c3ccc(C(=O)c4c(-c5ccc(O)cc5)sc5cc(O)ccc45)cc3)CC2)cc1,2.74,<rdkit.Chem.rdchem.Mol object at 0x000001F2C8528CF0>
Cc1ccc(C(=O)NCC(=O)OCC(=O)c2c(N)n(C)c(=O)n(C)c2=O)s1,50000.0,<rdkit.Chem.rdchem.Mol object at 0x000001F2C8528D60>
Cc1ccc(C(=O)ONc2ccc(N=NC(=O)c3ccccc3O)cc2)cc1,8438.21,<rdkit.Chem.rdchem.Mol object at 0x000001F2C8528DD0>
Cc1ccc(C(=O)c2sc3cc(O)ccc3c2Oc2ccc(/C=C/C(=O)O)cc2)c(C)c1,4.5,<rdkit.Chem.rdchem.Mol object at 0x000001F2C8528E40>
Cc1ccc(C(=O)c2sc3cc(O)ccc3c2Oc2ccc(OCCN3CC(CF)C3)cc2)c(C)c1,4.4225,<rdkit.Chem.rdchem.Mol object at 0x000001F2C8528EB0>
Cc1ccc(C(C(=O)NC(C)(C)C)N(Cc2cccs2)C(=O)c2csnn2)cc1,50000.0,<rdkit.Chem.rdchem.Mol object at 0x000001F2C8528F20>
Cc1ccc(C)c(-c2sc3cc(O)ccc3c2Oc2ccc(/C=C/C(=O)O)cc2)c1,122.0,<rdkit.Chem.rdchem.Mol object at 0x000001F2C8528F90>
Cc1ccc(C)c(SCC(=O)OCC(=O)c2ccco2)c1,50000.0,<rdkit.Chem.rdchem.Mol object at 0x000001F2C8529000>
Cc1ccc(C2=C(c3ccc(O[C@H]4CCN(CCCF)C4)cc3)c3ccc(C(=O)O)cc3CCC2)c(F)c1,549.0,<rdkit.Chem.rdchem.Mol object at 0x000001F2C8529070>
Cc1ccc(C2=C(c3ccc(O[C@H]4CCN(CCCF)C4)cc3)c3ccc(O)c(F)c3CCC2)c(F)c1,23.0,<rdkit.Chem.rdchem.Mol object at 0x000001F2C85290E0>
Cc1ccc(C2=C(c3ccc(O[C@H]4CCN(CCCF)C4)cc3)c3ccc(O)cc3CCC2)c(Cl)c1,4.0,<rdkit.Chem.rdchem.Mol object at 0x000001F2C8529150>
Cc1ccc(C2=C(c3ccc(O[C@H]4CCN(CCCF)C4)cc3)c3ccc(O)cc3CCC2)c(F)c1,15.0,<rdkit.Chem.rdchem.Mol object at 0x000001F2C85291C0>
Cc1ccc(C2=C(c3ccc(O[C@H]4CCN(CCCF)C4)cc3)c3ccc(O)cc3CCC2)cc1Cl,241.0,<rdkit.Chem.rdchem.Mol object at 0x000001F2C8529230>
Cc1ccc(C2=C(c3ccc(O[C@H]4CCN(CCCF)C4)cc3)c3ccc(O)cc3CCC2)cc1F,134.0,<rdkit.Chem.rdchem.Mol object at 0x000001F2C85292A0>
Cc1ccc(CNc2nc3ccccc3n3nnnc23)cc1,50000.0,<rdkit.Chem.rdchem.Mol object at 0x000001F2C8529310>
Cc1ccc(N(C)S(=O)(=O)C2CC3OC2C(c2ccc(NC(=O)CCCCCCC(=O)O)cc2)=C3c2ccc(O)cc2)cc1,1254.0,<rdkit.Chem.rdchem.Mol object at 0x000001F2C8529380>
Cc1ccc(N(CC(F)(F)F)S(=O)(=O)C2CC3OC2C(c2ccc(NC(=O)CCCCCCC(=O)O)cc2)=C3c2ccc(O)cc2)cc1,43.0,<rdkit.Chem.rdchem.Mol object at 0x000001F2C85293F0>
Cc1ccc(N/C=C2/C(=O)N(c3ccc4c(c3)OCO4)C(=O)c3ccccc32)cc1,19841.32,<rdkit.Chem.rdchem.Mol object at 0x000001F2C8529460>
Cc1ccc(N2CCN(C(=O)/C=C/c3ccc(C4=C(c5ccc(O)cc5)CCOc5cc(F)ccc54)cc3)CC2)cc1,48.0,<rdkit.Chem.rdchem.Mol object at 0x000001F2C85294D0>
Cc1ccc(N2CCc3cc(O)ccc3C2(C)c2ccc(/C=C/C(=O)O)cc2)cc1,207.0,<rdkit.Chem.rdchem.Mol object at 0x000001F2C8529540>
Cc1ccc(N2CCc3cc(O)ccc3C2(C)c2ccc(/C=C/C(=O)O)cc2)cc1F,63.0,<rdkit.Chem.rdchem.Mol object at 0x000001F2C85295B0>
Cc1ccc(N2CCc3cc(O)ccc3C2(C)c2ccc(OCCN3CCCC3)cc2)cc1,17.235,<rdkit.Chem.rdchem.Mol object at 0x000001F2C8529620>
Cc1ccc(N2CCc3cc(O)ccc3C2(C)c2ccc(OCCN3CCCCC3)cc2)cc1,15.444999999999999,<rdkit.Chem.rdchem.Mol object at 0x000001F2C8529690>
Cc1ccc(NC(=O)/C(=C/c2cccc([N+](=O)[O-])c2)NC(=O)C2CCCCC2)c(C)c1,50000.0,<rdkit.Chem.rdchem.Mol object at 0x000001F2C8529700>
Cc1ccc(NC(=O)CN2C(=O)S/C(=C/c3ccc(-c4cc(C(=O)O)ccc4C)o3)C2=O)cc1C,18183.48,<rdkit.Chem.rdchem.Mol object at 0x000001F2C8529770>
Cc1ccc(NC(=O)c2sc3nc4c(c(-c5ccco5)c3c2N)CCC4)cc1,50000.0,<rdkit.Chem.rdchem.Mol object at 0x000001F2C85297E0>
Cc1ccc(NS(=O)(=O)c2cccc(C(=O)OCC(=O)NCc3ccco3)c2)cc1,30606.71,<rdkit.Chem.rdchem.Mol object at 0x000001F2C8529850>
Cc1ccc(Nc2nnc(SCC(=O)NCc3ccco3)s2)cc1,28766.07,<rdkit.Chem.rdchem.Mol object at 0x000001F2C85298C0>
Cc1ccc(OCCNCCCF)c(C)c1[C@@H]1c2[nH]c3ccccc3c2C[C@@H](C)N1CC(F)(F)F,1.4,<rdkit.Chem.rdchem.Mol object at 0x000001F2C8529930>
Cc1ccc(OCCNCCCF)c(F)c1[C@@H]1c2[nH]c3ccccc3c2C[C@@H](C)N1CC(F)(F)F,1.7925,<rdkit.Chem.rdchem.Mol object at 0x000001F2C85299A0>
Cc1ccc(OCCNCCCF)cc1[C@@H]1c2[nH]c3ccccc3c2C[C@@H](C)N1CC(F)(F)F,3.8,<rdkit.Chem.rdchem.Mol object at 0x000001F2C8529A10>
Cc1ccc(OCCNCCCF)nc1[C@@H]1c2[nH]c3ccccc3c2C[C@@H](C)N1CC(F)(F)F,42.0,<rdkit.Chem.rdchem.Mol object at 0x000001F2C8529A80>
Cc1ccc(OCc2ccoc2C(=O)O)cc1C,25439.81,<rdkit.Chem.rdchem.Mol object at 0x000001F2C8529AF0>
Cc1ccc(OS(=O)(=O)C2CC3OC2C(c2ccc(/C=C/c4cc(O)cc(O)c4)cc2)=C3c2ccc(O)cc2)cc1,2.0,<rdkit.Chem.rdchem.Mol object at 0x000001F2C8529B60>
Cc1ccc(OS(=O)(=O)C2CC3OC2C(c2ccc(NC(=O)CCCCCCC(=O)O)cc2)=C3c2ccc(O)cc2)cc1,1080.0,<rdkit.Chem.rdchem.Mol object at 0x000001F2C8529BD0>
Cc1ccc(S(=O)(=O)Cc2ccc(C(=O)N3CCC4(CC3)OCCO4)o2)cc1,43005.71,<rdkit.Chem.rdchem.Mol object at 0x000001F2C8529C40>
Cc1ccc(S(=O)(=O)Cc2ccc(C(=O)NCc3ccc4c(c3)OCO4)o2)cc1,37494.74,<rdkit.Chem.rdchem.Mol object at 0x000001F2C8529CB0>
Cc1ccc(S(=O)(=O)Cc2ccc(C(=O)O)o2)cc1,18120.82,<rdkit.Chem.rdchem.Mol object at 0x000001F2C8529D20>
Cc1ccc(S(=O)(=O)N2CCCCC2)cc1C(=O)Nc1nc[nH]n1,50000.0,<rdkit.Chem.rdchem.Mol object at 0x000001F2C8529D90>
Cc1ccc(S(=O)(=O)N2CCN(C(=O)CSc3ncc(C(F)(F)F)cc3Cl)CC2)cc1,50000.0,<rdkit.Chem.rdchem.Mol object at 0x000001F2C8529E00>
Cc1ccc(S(=O)(=O)N2CCc3cc(O)ccc3C2c2ccc(OCCN3CCCC3)cc2)cc1,24.8,<rdkit.Chem.rdchem.Mol object at 0x000001F2C8529E70>
Cc1ccc(S(=O)(=O)N2Cc3ccc([C@]4(O)CC[C@H]5[C@@H]6CCc7cc(O)ccc7[C@H]6CC[C@@]54C)cc3C2)cc1,341.19,<rdkit.Chem.rdchem.Mol object at 0x000001F2C8529EE0>
Cc1ccc(S(=O)(=O)Nc2ccc3cc[nH]c3c2)cc1,204.75,<rdkit.Chem.rdchem.Mol object at 0x000001F2C8529F50>
Cc1ccc([C@@H]2c3[nH]c4ccccc4c3C[C@@H](C)N2CC(F)(F)F)cc1OCCNCCCF,305.595,<rdkit.Chem.rdchem.Mol object at 0x000001F2C8529FC0>
Cc1ccc2[nH]c(/C(C#N)=C\c3ccc(N4CCCCC4)c([N+](=O)[O-])c3)nc2c1,4234.1,<rdkit.Chem.rdchem.Mol object at 0x000001F2C852A030>
Cc1ccc2[nH]c3c(c2c1)C[C@@H](C)N(CC(F)(F)CO)[C@@H]3c1c(F)ccc(OCCNCCCF)c1F,1.1,<rdkit.Chem.rdchem.Mol object at 0x000001F2C852A0A0>
Cc1ccc2[nH]c3c(c2c1)C[C@@H](C)N(CC(F)(F)CO)[C@@H]3c1c(F)cnc(OCCNCCCF)c1F,0.71,<rdkit.Chem.rdchem.Mol object at 0x000001F2C852A110>
Cc1ccc2c(C(Nc3ccc(Cl)cc3)c3ccccc3Cl)c(C)[nH]c2c1,26200.0,<rdkit.Chem.rdchem.Mol object at 0x000001F2C852A180>
Cc1ccc2c(c1)N(CC(=O)NC1CCCc3ccccc31)C(=O)CO2,50000.0,<rdkit.Chem.rdchem.Mol object at 0x000001F2C852A1F0>
Cc1ccc2c(c1)nc(CCN1C(=O)c3cccc4cccc(c34)C1=O)n2-c1ccncc1,20000.0,<rdkit.Chem.rdchem.Mol object at 0x000001F2C852A260>
Cc1ccc2nc(O)c(-c3nc4ccccn4c3NCc3ccco3)cc2c1,25697.66,<rdkit.Chem.rdchem.Mol object at 0x000001F2C852A2D0>
Cc1ccc2nc(O)c(C3C(C#N)=C(N)Oc4c3ccc3cccnc43)cc2c1,19530.76,<rdkit.Chem.rdchem.Mol object at 0x000001F2C852A340>
Cc1cccc(-c2c(Cc3ccc(/C=C/C(=O)O)cc3)c3ccc(O)cc3oc2=O)c1,1553.5,<rdkit.Chem.rdchem.Mol object at 0x000001F2C852A3B0>
Cc1cccc(-c2sc3cc(O)ccc3c2Oc2ccc(/C=C/C(=O)O)cc2)c1C,76.5,<rdkit.Chem.rdchem.Mol object at 0x000001F2C852A420>
Cc1cccc(-n2c(SCc3cc(=O)n4ccsc4n3)nc3ccccc32)c1,50000.0,<rdkit.Chem.rdchem.Mol object at 0x000001F2C852A490>
Cc1cccc(C(=O)N2CCN(c3ccc(C(=O)c4c(-c5ccc(O)cc5)sc5cc(O)ccc45)cc3)CC2)c1,0.27,<rdkit.Chem.rdchem.Mol object at 0x000001F2C852A500>
Cc1cccc(C(C)C)c1-c1sc2cc(O)ccc2c1Oc1ccc(/C=C/C(=O)O)cc1,57.7,<rdkit.Chem.rdchem.Mol object at 0x000001F2C852A570>
Cc1cccc(C)c1C(=O)c1sc2cc(O)ccc2c1Oc1ccc(/C=C/C(=O)O)cc1,4.2,<rdkit.Chem.rdchem.Mol object at 0x000001F2C852A5E0>
Cc1cccc(C2=C(c3ccc(O[C@H]4CCN(CCCF)C4)cc3)c3ccc(O)cc3CCC2)c1C,12.0,<rdkit.Chem.rdchem.Mol object at 0x000001F2C852A650>
Cc1cccc(CN(CC2(c3ccccc3F)CCCC2)c2ccc(OCCn3cc(COCCOCC(=O)N[C@H](C(=O)N4C[C@@H](O)C[C@H]4C(=O)N[C@@H](C)c4ccc(-c5scnc5C)cc4)C(C)(C)C)nn3)cc2)c1Cl,160.5,<rdkit.Chem.rdchem.Mol object at 0x000001F2C852A6C0>
Cc1cccc(CN(CC2(c3ccccc3F)CCCC2)c2ccc(OCCn3cc(COCCOCCOCC(=O)N[C@@H](C(=O)N4C[C@H](O)C[C@H]4C(=O)N[C@@H](C)c4ccc(-c5scnc5C)cc4)C(C)(C)C)nn3)cc2)c1Cl,285.0,<rdkit.Chem.rdchem.Mol object at 0x000001F2C852A730>
Cc1cccc(CN(CC2(c3ccccc3F)CCCC2)c2ccc(OCCn3cc(COCCOCCOCCOc4cc(-c5scnc5C)ccc4CNC(=O)[C@@H]4C[C@@H](O)CN4C(=O)[C@@H](NC(=O)C4(F)CC4)C(C)(C)C)nn3)cc2)c1Cl,197.5,<rdkit.Chem.rdchem.Mol object at 0x000001F2C852A7A0>
Cc1cccc(CN(CC2(c3ccccc3F)CCCC2)c2ccc(OCCn3cc(COCCOCCOc4cc(-c5scnc5C)ccc4CNC(=O)[C@@H]4C[C@@H](O)CN4C(=O)[C@@H](NC(=O)C4(F)CC4)C(C)(C)C)nn3)cc2)c1Cl,236.0,<rdkit.Chem.rdchem.Mol object at 0x000001F2C852A810>
Cc1cccc(CN(CC2(c3ccccc3F)CCCC2)c2ccc(OCCn3cc(COCCOc4cc(-c5scnc5C)ccc4CNC(=O)[C@@H]4C[C@@H](O)CN4C(=O)[C@@H](NC(=O)C4(F)CC4)C(C)(C)C)nn3)cc2)c1Cl,1667.0,<rdkit.Chem.rdchem.Mol object at 0x000001F2C852A880>
Cc1cccc(N(CC(F)(F)F)S(=O)(=O)C2CC3OC2C(c2ccc(NC(=O)CCCCCCC(=O)O)cc2)=C3c2ccc(O)cc2)c1,6120.0,<rdkit.Chem.rdchem.Mol object at 0x000001F2C852A8F0>
Cc1cccc(N2CCN(c3nc4ccccc4n4cnnc34)CC2)c1C,38786.33,<rdkit.Chem.rdchem.Mol object at 0x000001F2C852A960>
Cc1cccc(N2CSC3=C(C#N)C(c4ccc(C)o4)CC(=O)N3C2)c1,3548.86,<rdkit.Chem.rdchem.Mol object at 0x000001F2C852A9D0>
Cc1cccc(NC(=O)Cn2cc(C(=O)c3ccco3)c3ccccc32)c1,50000.0,<rdkit.Chem.rdchem.Mol object at 0x000001F2C852AA40>
Cc1cccc(NC2=NC(=O)/C(=C3/C(=O)N(C)c4ccccc43)S2)c1C,32901.38,<rdkit.Chem.rdchem.Mol object at 0x000001F2C852AAB0>
Cc1cccc(OS(=O)(=O)C2CC3OC2C(c2ccc(/C=C/c4cc(O)cc(O)c4)cc2)=C3c2ccc(O)cc2)c1,947.0,<rdkit.Chem.rdchem.Mol object at 0x000001F2C852AB20>
Cc1cccc2[nH]c(-c3cc4ccccc4[nH]3)nc12,191.69,<rdkit.Chem.rdchem.Mol object at 0x000001F2C852AB90>
Cc1cccc2[nH]c(-c3cc4ccccc4n3Cc3ccccc3)nc12,387.37,<rdkit.Chem.rdchem.Mol object at 0x000001F2C852AC00>
Cc1cccc2cc(C(c3nnnn3C(C)(C)C)N(Cc3ccco3)CC3CCCO3)c(O)nc12,13315.7,<rdkit.Chem.rdchem.Mol object at 0x000001F2C852AC70>
Cc1ccccc1-c1sc2cc(O)ccc2c1Oc1ccc(/C=C/C(=O)O)cc1,46.5,<rdkit.Chem.rdchem.Mol object at 0x000001F2C852ACE0>
Cc1ccccc1C(=O)N1CCN(c2ccc(C(=O)c3c(-c4ccc(O)cc4)sc4cc(O)ccc34)cc2)CC1,3.94,<rdkit.Chem.rdchem.Mol object at 0x000001F2C852AD50>
Cc1ccccc1C(=O)c1sc2cc(O)ccc2c1Oc1ccc(/C=C/C(=O)O)cc1,16.7,<rdkit.Chem.rdchem.Mol object at 0x000001F2C852ADC0>
Cc1ccccc1C(=O)c1sc2cc(O)ccc2c1Oc1ccc(OC2CN(CCCF)C2)cc1,2.335,<rdkit.Chem.rdchem.Mol object at 0x000001F2C852AE30>
Cc1ccccc1C(=O)c1sc2cc(O)ccc2c1Oc1ccc(OCCN2CC(C)C2)cc1,1.0785,<rdkit.Chem.rdchem.Mol object at 0x000001F2C852AEA0>
Cc1ccccc1C(=O)c1sc2cc(O)ccc2c1Oc1ccc(OCCN2CC(CF)C2)cc1,1.2275,<rdkit.Chem.rdchem.Mol object at 0x000001F2C852AF10>
Cc1ccccc1C(=O)c1sc2cc(O)ccc2c1Oc1ccc(OCCN2CCC2)cc1,1.905,<rdkit.Chem.rdchem.Mol object at 0x000001F2C852AF80>
Cc1ccccc1C(=O)c1sc2cc(O)ccc2c1Oc1ccc(OCCN2CC[C@@H](CF)C2)cc1,10.47,<rdkit.Chem.rdchem.Mol object at 0x000001F2C852AFF0>
Cc1ccccc1C(OC(c1ccccc1C)c1ccccc1C)c1ccccc1C,8.0,<rdkit.Chem.rdchem.Mol object at 0x000001F2C852B060>
Cc1ccccc1C1=C(c2ccc(O[C@H]3CCN(CCCF)C3)cc2)c2ccc(O)cc2CCC1,39.0,<rdkit.Chem.rdchem.Mol object at 0x000001F2C852B0D0>
Cc1ccccc1CSCC(=O)NC(=O)NCc1ccco1,9266.32,<rdkit.Chem.rdchem.Mol object at 0x000001F2C852B140>
Cc1ccccc1NC(=O)CSc1nnc(-c2ccco2)c(-c2ccco2)n1,14882.2,<rdkit.Chem.rdchem.Mol object at 0x000001F2C852B1B0>
Cc1ccccc1Nc1nc(N)nc(CSc2nc3ccccc3c(=O)n2C)n1,50000.0,<rdkit.Chem.rdchem.Mol object at 0x000001F2C852B220>
Cc1ccccc1Nc1nnc(SCC(=O)NC(=O)NCc2ccco2)s1,17285.09,<rdkit.Chem.rdchem.Mol object at 0x000001F2C852B290>
Cc1ccccc1OS(=O)(=O)C1CC2OC1C(c1ccc(/C=C/c3cc(O)cc(O)c3)cc1)=C2c1ccc(O)cc1,10.0,<rdkit.Chem.rdchem.Mol object at 0x000001F2C852B300>
Cc1ccccc1OS(=O)(=O)C1CC2OC1C(c1ccc(NC(=O)CCCCCCC(=O)O)cc1)=C2c1ccc(O)cc1,460.0,<rdkit.Chem.rdchem.Mol object at 0x000001F2C852B370>
Cc1ccnc(NS(=O)(=O)c2ccc(NC(=O)Cc3cccs3)cc2)n1,12207.84,<rdkit.Chem.rdchem.Mol object at 0x000001F2C852B3E0>
Cc1cn(C2=CCC3C4CC=C5C[C@@H](NC(=O)c6ccc(F)cc6)CC[C@]5(C)C4CC[C@]23C)cn1,103.0,<rdkit.Chem.rdchem.Mol object at 0x000001F2C852B450>
Cc1cncc(C2=C(c3ccc(O[C@H]4CCN(CCCF)C4)cc3)c3ccc(O)cc3CCC2)c1,196.0,<rdkit.Chem.rdchem.Mol object at 0x000001F2C852B4C0>
Cc1csc2nc(CCNS(=O)(=O)c3ccc4c(c3)OCCO4)cn12,17060.6,<rdkit.Chem.rdchem.Mol object at 0x000001F2C852B530>
Cc1nc(CN2CCN(c3nc(NCCc4ccc(O)cc4)nc(N(C)CCCc4ccc(Cl)cc4)n3)CC2)cs1,150.0,<rdkit.Chem.rdchem.Mol object at 0x000001F2C852B5A0>
Cc1nc2cc(-c3ccsc3-n3c(C)ccc3C)nn2c(O)c1Cl,27467.17,<rdkit.Chem.rdchem.Mol object at 0x000001F2C852B610>
Cc1nc2cc(-c3n[nH]c(=S)o3)c([N+](=O)[O-])cc2[nH]1,100000.0,<rdkit.Chem.rdchem.Mol object at 0x000001F2C852B680>
Cc1nc2cc(-c3nnc(SCC#N)o3)ccc2[nH]1,100000.0,<rdkit.Chem.rdchem.Mol object at 0x000001F2C852B6F0>
Cc1nc2cc(-c3nnc(SS(C)(=O)=O)o3)ccc2[nH]1,100000.0,<rdkit.Chem.rdchem.Mol object at 0x000001F2C852B760>
Cc1nc2cc(C(=O)NN)c([N+](=O)[O-])cc2[nH]1,100000.0,<rdkit.Chem.rdchem.Mol object at 0x000001F2C852B7D0>
Cc1nc2cc(C(=O)NN)ccc2[nH]1,100000.0,<rdkit.Chem.rdchem.Mol object at 0x000001F2C852B840>
Cc1nc2cc(C(=O)O)c([N+](=O)[O-])cc2[nH]1,100000.0,<rdkit.Chem.rdchem.Mol object at 0x000001F2C852B8B0>
Cc1nc2cc(C(=O)O)ccc2[nH]1,100000.0,<rdkit.Chem.rdchem.Mol object at 0x000001F2C852B920>
Cc1nc2cc(C3=C(c4ccc(O[C@H]5CCN(CCCF)C5)cc4)c4ccc(O)cc4CCC3)ccc2[nH]1,2911.0,<rdkit.Chem.rdchem.Mol object at 0x000001F2C852B990>
Cc1nc2cc(C3=C(c4ccc(O[C@H]5CCN(CCCF)C5)cc4)c4ccc(O)cc4CCC3)ccc2o1,11.0,<rdkit.Chem.rdchem.Mol object at 0x000001F2C852BA00>
Cc1nc2cc(O)cc(O)c2c(=O)n1-c1ccc(O)cc1,33248.0,<rdkit.Chem.rdchem.Mol object at 0x000001F2C852BA70>
Cc1nc2ccc(C3=C(c4ccc(O[C@H]5CCN(CCCF)C5)cc4)c4ccc(O)cc4CCC3)cc2o1,18.0,<rdkit.Chem.rdchem.Mol object at 0x000001F2C852BAE0>
Cc1nc2cccc(C(=O)NCc3ccccc3)c2o1,48418.83,<rdkit.Chem.rdchem.Mol object at 0x000001F2C852BB50>
Cc1nc2ccccc2c(=O)n1/N=C/c1c(O)ccc2oc3c(c12)CCCC3,29165.61,<rdkit.Chem.rdchem.Mol object at 0x000001F2C852BBC0>
Cc1nc2sccn2c1-c1nc(-c2cc3ccccc3o2)cs1,10678.49,<rdkit.Chem.rdchem.Mol object at 0x000001F2C852BC30>
Cc1ncc(OCCNCCCF)cc1[C@@H]1c2[nH]c3ccccc3c2C[C@@H](C)N1CC(F)(F)F,12.0,<rdkit.Chem.rdchem.Mol object at 0x000001F2C852BCA0>
Cc1ncccc1-c1sc2cc(O)ccc2c1Oc1ccc(/C=C/C(=O)O)cc1,337.2,<rdkit.Chem.rdchem.Mol object at 0x000001F2C852BD10>
Cc1ncsc1-c1ccc(CNC(=O)N2C[C@H](O)CC2C(=O)[C@H](NC(=O)C2(F)CC2)C(C)(C)C)c(OCCOCc2cn(CCOc3ccc(Cn4c(-c5ccc(O)cc5)c(C)c5cc(O)ccc54)cc3)nn2)c1,21.5,<rdkit.Chem.rdchem.Mol object at 0x000001F2C852BD80>
Cc1ncsc1-c1ccc(CNC(=O)[C@@H]2C[C@@H](O)CN2C(=O)[C@@H](NC(=O)COCCCOCCCOc2cc(F)c([C@@H]3c4[nH]c5ccccc5c4C[C@@H](C)N3CC(C)(C)F)c(F)c2)C(C)(C)C)cc1,0.6,<rdkit.Chem.rdchem.Mol object at 0x000001F2C852BDF0>
Cc1ncsc1-c1ccc(CNC(=O)[C@@H]2C[C@@H](O)CN2C(=O)[C@@H](NC(=O)COCCCOCCOc2cc(F)c([C@@H]3c4[nH]c5ccccc5c4C[C@@H](C)N3CC(C)(C)F)c(F)c2)C(C)(C)C)cc1,0.5,<rdkit.Chem.rdchem.Mol object at 0x000001F2C852BE60>
Cc1ncsc1-c1ccc(CNC(=O)[C@@H]2C[C@@H](O)CN2C(=O)[C@@H](NC(=O)COCCOCCC(F)(F)CCOc2cc(F)c([C@@H]3c4[nH]c5ccccc5c4C[C@@H](C)N3CC(C)(C)F)c(F)c2)C(C)(C)C)cc1,0.5,<rdkit.Chem.rdchem.Mol object at 0x000001F2C852BED0>
Cc1ncsc1-c1ccc([C@@H](C)NC(=O)[C@@H]2C[C@@H](O)CN2C(=O)[C@H](NC(=O)COCCOCc2cn(CCOc3ccc(N(Cc4cccc(O)c4Cl)CC4(c5ccccc5F)CCCC4)cc3)nn2)C(C)(C)C)cc1,311.0,<rdkit.Chem.rdchem.Mol object at 0x000001F2C852BF40>
Cc1ncsc1-c1ccc([C@H](C)NC(=O)[C@@H]2C[C@@H](O)CN2C(=O)[C@@H](NC(=O)COCCOCCCCCOc2cc(F)c([C@@H]3c4[nH]c5ccccc5c4C[C@@H](C)N3CC(C)(C)F)c(F)c2)C(C)(C)C)cc1,0.5,<rdkit.Chem.rdchem.Mol object at 0x000001F2C8523F40>
Cc1ncsc1-c1ccc([C@H](C)NC(=O)[C@@H]2C[C@@H](O)CN2C(=O)[C@@H](NC(=O)COCCOCCOCCOc2cc(F)c([C@@H]3c4[nH]c5ccccc5c4C[C@@H](C)N3CC(C)(C)F)c(F)c2)C(C)(C)C)cc1,0.8,<rdkit.Chem.rdchem.Mol object at 0x000001F2C8523ED0>
Cc1ncsc1-c1ccc([C@H](C)NC(=O)[C@@H]2C[C@@H](O)CN2C(=O)[C@@H](NC(=O)COCCOCCOCc2cn(CCOc3ccc(Cn4c(-c5ccc(O)cc5)c(C)c5cc(O)ccc54)cc3)nn2)C(C)(C)C)cc1,12.15,<rdkit.Chem.rdchem.Mol object at 0x000001F2C8523D80>
Cc1ncsc1-c1ccc([C@H](C)NC(=O)[C@@H]2C[C@@H](O)CN2C(=O)[C@@H](NC(=O)COCCOCc2cn(CCOc3ccc(Cn4c(-c5ccc(O)cc5)c(C)c5cc(O)ccc54)cc3)nn2)C(C)(C)C)cc1,24.5,<rdkit.Chem.rdchem.Mol object at 0x000001F2C8523E60>
Cc1ncsc1-c1ccc([C@H](C)NC(=O)[C@@H]2C[C@@H](O)CN2C(=O)[C@@H](NC(=O)COCc2cn(CCOc3ccc(Cn4c(-c5ccc(O)cc5)c(C)c5cc(O)ccc54)cc3)nn2)C(C)(C)C)cc1,16.0,<rdkit.Chem.rdchem.Mol object at 0x000001F2C8523DF0>
Cc1ncsc1-c1ccc([C@H](C)NC(=O)[C@@H]2C[C@@H](O)CN2C(=O)[C@H](NC(=O)COCc2cn(CCOc3ccc(N(Cc4cccc(O)c4Cl)CC4(c5ccccc5F)CCCC4)cc3)nn2)C(C)(C)C)cc1,219.5,<rdkit.Chem.rdchem.Mol object at 0x000001F2C8523D10>
Cc1nn(-c2ccccc2)c(Cl)c1/C=N/Nc1ccc(S(=O)(=O)Nc2ccccc2C(=O)O)cc1[N+](=O)[O-],6835.45,<rdkit.Chem.rdchem.Mol object at 0x000001F2C8523CA0>
Cc1nn(-c2ccccc2)c2sc(C(=O)OCN3C(=O)c4ccccc4C3=O)cc12,9753.2,<rdkit.Chem.rdchem.Mol object at 0x000001F2C8523C30>
Cc1nn(C2CCCC2)c(C)c1S(=O)(=O)N[C@@H](C)CNc1cccc2c1cnn2-c1ccc(F)nc1,5000.0,<rdkit.Chem.rdchem.Mol object at 0x000001F2C8523BC0>
Cc1nn(Cc2ccc(C(=O)Nc3nc4c(C)cccc4s3)o2)c(C)c1Br,50000.0,<rdkit.Chem.rdchem.Mol object at 0x000001F2C8523B50>
Cc1nn(Cc2ccccc2)c(C)c1NC(=O)CSc1nnc(-c2cc(Cl)ccc2O)n1C,50000.0,<rdkit.Chem.rdchem.Mol object at 0x000001F2C8523AE0>
Cc1nnc(/C=C/c2ccc(C3(C)c4ccc(O)cc4CCN3c3ccc(F)cc3)cc2)o1,113.0,<rdkit.Chem.rdchem.Mol object at 0x000001F2C8523A70>
Cc1nnc(/C=C/c2ccc(Oc3c(-c4ccc(F)cc4C)sc4cc(O)ccc34)cc2)[nH]1,41.0,<rdkit.Chem.rdchem.Mol object at 0x000001F2C8523920>
Cc1nnc(/C=C/c2ccc(Oc3c(-c4ccc(F)cc4C)sc4cc(O)ccc34)cc2)o1,56.5,<rdkit.Chem.rdchem.Mol object at 0x000001F2C8523A00>
Cc1nnc(/C=C/c2ccc(Oc3c(-c4ccccc4C(C)C)sc4cc(O)ccc34)cc2)[nH]1,7.55,<rdkit.Chem.rdchem.Mol object at 0x000001F2C8523990>
Cc1nnc(/C=C/c2ccc(Oc3c(-c4ccccc4C(C)C)sc4cc(O)ccc34)cc2)o1,0.8999999999999999,<rdkit.Chem.rdchem.Mol object at 0x000001F2C85238B0>
Cc1nnc(NC(=O)CSc2nc3c(c(=O)n2CCc2ccccc2)SC(C)C3)s1,17543.88,<rdkit.Chem.rdchem.Mol object at 0x000001F2C8523760>
Cc1nnc(NC(=O)Cc2cccs2)s1,19042.57,<rdkit.Chem.rdchem.Mol object at 0x000001F2C8523840>
Cc1nnc(Oc2ccccc2F)c2ccccc12,29986.4,<rdkit.Chem.rdchem.Mol object at 0x000001F2C85237D0>
Cc1nnc(SCC(=O)NC(=O)NCc2ccco2)n1Cc1ccccc1,1562.5,<rdkit.Chem.rdchem.Mol object at 0x000001F2C85236F0>
Cc1noc(=O)c2ccc(NC(=O)C(O)(CC3(c4cc(F)ccc4Cl)CCC3)C(F)(F)F)cc12,100000.0,<rdkit.Chem.rdchem.Mol object at 0x000001F2C8523680>
Cc1noc(C)c1-c1sc2cc(O)ccc2c1Oc1ccc(/C=C/C(=O)O)cc1,208.0,<rdkit.Chem.rdchem.Mol object at 0x000001F2C8523610>
Cc1noc(C)c1COc1ccc(C(=O)OCC(=O)N2c3ccccc3NC(=O)C2(C)C)cc1,8736.14,<rdkit.Chem.rdchem.Mol object at 0x000001F2C85235A0>
Cc1nocc1-c1ccc2[nH]c([C@@]3(Cc4ccccc4)OC(=O)N([C@H](C)c4ccc(F)cc4)C3=O)nc2c1,4900.0,<rdkit.Chem.rdchem.Mol object at 0x000001F2C85233E0>
Cc1nocc1-c1nc2ccccc2n1-c1ccc(O)cc1,1160.0,<rdkit.Chem.rdchem.Mol object at 0x000001F2C8523530>
Cc1nocc1C1=C(c2ccc(O[C@H]3CCN(CCCF)C3)cc2)c2ccc(O)cc2CCC1,459.0,<rdkit.Chem.rdchem.Mol object at 0x000001F2C85234C0>
Cc1oc(-c2ccc(Cl)cc2)cc1-c1nn2c(-c3ccoc3C)nnc2s1,2769.48,<rdkit.Chem.rdchem.Mol object at 0x000001F2C8523370>
Cc1occc1-c1nnc(SCc2cc(=O)n3cc(Br)ccc3n2)n1C,50000.0,<rdkit.Chem.rdchem.Mol object at 0x000001F2C8523450>
Cc1occc1-c1sc2cc(O)ccc2c1Oc1ccc(/C=C/C(=O)O)cc1,815.0,<rdkit.Chem.rdchem.Mol object at 0x000001F2C8523300>
Cc1occc1C(=O)NCc1cccc(CNC(=O)c2ccoc2C)c1,19679.97,<rdkit.Chem.rdchem.Mol object at 0x000001F2C8523290>
Cc1occc1C(=O)Nc1ccccc1NC(=O)c1ccoc1C,50000.0,<rdkit.Chem.rdchem.Mol object at 0x000001F2C8523220>
Cc1onc(-c2c(F)cccc2Cl)c1C(=O)OCC(=O)NCc1ccco1,38620.53,<rdkit.Chem.rdchem.Mol object at 0x000001F2C85231B0>
Cc1onc(-c2ccccc2Cl)c1C(=O)NCc1cccnc1,50000.0,<rdkit.Chem.rdchem.Mol object at 0x000001F2C8523140>
Cc1oncc1C1=C(c2ccc(O[C@H]3CCN(CCCF)C3)cc2)c2ccc(O)cc2CCC1,27.0,<rdkit.Chem.rdchem.Mol object at 0x000001F2C85230D0>
Cc1sc(NC(=O)CSc2nnc(-c3ccc(F)cc3)o2)c(C#N)c1C,50000.0,<rdkit.Chem.rdchem.Mol object at 0x000001F2C8523060>
Cc1sc2ncnc(NCc3ccco3)c2c1C,35280.43,<rdkit.Chem.rdchem.Mol object at 0x000001F2C8522FF0>
Cc1sc2ncnc(SCC(=O)NC(=O)NCc3ccco3)c2c1C,11505.54,<rdkit.Chem.rdchem.Mol object at 0x000001F2C8522F80>
Cc1snc2sc(C(=O)c3ccc(Br)cc3)c(N)c12,28223.33,<rdkit.Chem.rdchem.Mol object at 0x000001F2C8522E30>
Cl.Cl.N#CC(=C(c1ccc(OCCN2CCOCC2)cc1)c1ccc(OCCN2CCOCC2)cc1)c1ccccc1,553.0,<rdkit.Chem.rdchem.Mol object at 0x000001F2C8522F10>
Cl.Cl.OCCC/C(=C(\c1ccc(Br)cc1)c1ccc(N2CCNCC2)cc1)c1ccccc1,10000.0,<rdkit.Chem.rdchem.Mol object at 0x000001F2C8522EA0>
Cl.Cl.OCCC/C(=C(\c1ccc(O)cc1)c1ccc(N2CCN(C3CCC3)CC2)cc1)c1ccccc1,1658.0,<rdkit.Chem.rdchem.Mol object at 0x000001F2C8522DC0>
Cl.Cl.OCCC/C(=C(\c1ccc(O)cc1)c1ccc(N2CCN(C3CCCCC3)CC2)cc1)c1ccccc1,2116.0,<rdkit.Chem.rdchem.Mol object at 0x000001F2C8522D50>
Cl.Cl.OCCC/C(=C(\c1ccc(O)cc1)c1ccc(N2CCNCC2)cc1)c1ccccc1,2500.0,<rdkit.Chem.rdchem.Mol object at 0x000001F2C8522CE0>
Cl.Clc1c2ccccc2cc2c(-c3ccccc3)c3ccccc3nc12,1681.0,<rdkit.Chem.rdchem.Mol object at 0x000001F2C8522C70>
Cl.Clc1ccc2c(-c3ccccc3)c3cc4ccccc4cc3nc2c1,1654.0,<rdkit.Chem.rdchem.Mol object at 0x000001F2C8522C00>
Cl.FC(F)(F)c1ccc2cc3nc4ccccc4c(-c4ccccc4)c3cc2c1,4425.0,<rdkit.Chem.rdchem.Mol object at 0x000001F2C8522B20>
Cl.FC(F)(F)c1cccc2c(-c3ccccc3)c3cc4ccccc4cc3nc12,2650.0,<rdkit.Chem.rdchem.Mol object at 0x000001F2C8522AB0>
Cl.N#C/C(=C(/c1ccccc1)c1ccc(OCCN2CCOCC2)cc1)c1ccccc1,97.0,<rdkit.Chem.rdchem.Mol object at 0x000001F2C8522B90>
Cl.N#C/C(=C(\c1ccccc1)c1ccc(OCCN2CCOCC2)cc1)c1ccccc1,224.0,<rdkit.Chem.rdchem.Mol object at 0x000001F2C8522A40>
Cl.Nc1ccc(/C(=C(\CCCO)c2ccccc2)c2ccc(C3CCN(C4CC4)CC3)cc2)cc1,10000.0,<rdkit.Chem.rdchem.Mol object at 0x000001F2C85229D0>
Cl.O=C(O)c1ccc2c(c1)CCCC(c1ccc(Cl)c(F)c1Cl)=C2c1ccc(CC2CN(CCCF)C2)cc1,0.1,<rdkit.Chem.rdchem.Mol object at 0x000001F2C8522960>
Cl.O=C(O)c1ccc2c(c1)CCCC(c1ccc(Cl)cc1Cl)=C2c1cc(F)c(C=C2CN(CCCF)C2)c(F)c1,0.1,<rdkit.Chem.rdchem.Mol object at 0x000001F2C85228F0>
Cl.O=C(c1ccc(OCCN2CCCCC2)cc1)c1c(-c2ccc(O)cc2)sc2cc(O)ccc12,2.2,<rdkit.Chem.rdchem.Mol object at 0x000001F2C8522880>
Cl.OCCC/C(=C(/c1ccc(C2CCN(C3CC3)C2)cc1)c1cccc(O)c1)c1ccccc1,10000.0,<rdkit.Chem.rdchem.Mol object at 0x000001F2C8522810>
Cl.OCCC/C(=C(\c1ccc(Br)cc1)c1ccc(C2CNC2)cc1)c1ccccc1,10000.0,<rdkit.Chem.rdchem.Mol object at 0x000001F2C85227A0>
Cl.OCCC/C(=C(\c1ccc(O)cc1)c1ccc(C2=CCN(C3CC3)CC2)cc1)c1ccccc1,8100.0,<rdkit.Chem.rdchem.Mol object at 0x000001F2C8522730>
Cl.OCCC/C(=C(\c1ccc(O)cc1)c1ccc(C2CCN(C3CC3)C2)cc1)c1ccccc1,5940.0,<rdkit.Chem.rdchem.Mol object at 0x000001F2C8522650>
Cl.OCCC/C(=C(\c1ccc(O)cc1)c1ccc(C2CCN(C3CC3)CC2)cc1)c1ccccc1,2093.0,<rdkit.Chem.rdchem.Mol object at 0x000001F2C85225E0>
Cl.OCCC/C(=C(\c1ccc(O)cc1)c1ccc(C2CCNCC2)cc1)c1ccccc1,992.0,<rdkit.Chem.rdchem.Mol object at 0x000001F2C85226C0>
Cl.OCCC/C(=C(\c1ccc(O)cc1)c1ccc(C2CN(C3CC3)C2)cc1)c1ccccc1,2526.0,<rdkit.Chem.rdchem.Mol object at 0x000001F2C8522570>
Cl.OCCC/C(=C(\c1ccc(O)cc1)c1ccc(C2CNC2)cc1)c1ccccc1,7400.0,<rdkit.Chem.rdchem.Mol object at 0x000001F2C8522500>
Cl.OCCC/C(=C(\c1ccc(O)cc1)c1ccc(OCCN2CC2)cc1)c1ccccc1,296.0,<rdkit.Chem.rdchem.Mol object at 0x000001F2C8522490>
Cl.OCCC/C(=C(\c1ccc(O)cc1)c1ccc(OCCN2CC3CC3C2)cc1)c1ccccc1,437.0,<rdkit.Chem.rdchem.Mol object at 0x000001F2C8522420>
Cl.OCCC/C(=C(\c1ccc(O)cc1)c1ccc(OCCN2CCC3(CCCC3)C2)cc1)c1ccccc1,256.0,<rdkit.Chem.rdchem.Mol object at 0x000001F2C85222D0>
Cl.OCCC/C(=C(\c1ccc(O)cc1)c1ccc(OCCN2CCC3(CCNC3)C2)cc1)c1ccccc1,5600.0,<rdkit.Chem.rdchem.Mol object at 0x000001F2C85223B0>
Cl.OCCC/C(=C(\c1ccc(O)cc1)c1ccc(OCCN2CCCC2)cc1)c1ccccc1,649.0,<rdkit.Chem.rdchem.Mol object at 0x000001F2C8522340>
Cl.OCCC/C(=C(\c1ccc(O)cc1)c1ccc(OCCN2CCCCC2)cc1)c1ccccc1,262.0,<rdkit.Chem.rdchem.Mol object at 0x000001F2C8522260>
Cl.OCCC/C(=C(\c1ccc(O)cc1)c1ccc(OCCN2CCC[C@@H]2CO)cc1)c1ccccc1,408.0,<rdkit.Chem.rdchem.Mol object at 0x000001F2C85221F0>
Cl.OCCC/C(=C(\c1ccc(O)cc1)c1ccc(OCCN2CCOCC2)cc1)c1ccccc1,2135.0,<rdkit.Chem.rdchem.Mol object at 0x000001F2C8522180>
Cl.OCCC/C(=C(\c1ccc(O)cc1)c1ccc(OCCN2C[C@H]3CNC[C@H]3C2)cc1)c1ccccc1,407.0,<rdkit.Chem.rdchem.Mol object at 0x000001F2C8522110>
Cl.OCCC/C(=C(\c1ccc(O)cc1)c1ccc(OCCN2C[C@H]3C[C@H]3[C@H]2CO)cc1)c1ccccc1,276.0,<rdkit.Chem.rdchem.Mol object at 0x000001F2C85220A0>
Cl.OCCC/C(=C(\c1ccc(O)cc1)c1ccc2oc(CCN3CCCCC3)cc2c1)c1ccccc1,660.0,<rdkit.Chem.rdchem.Mol object at 0x000001F2C8522030>
Cl.Oc1ccc(/C(=C(\CCCF)c2ccccc2)c2ccc(C3CNC3)cc2)cc1,360.0,<rdkit.Chem.rdchem.Mol object at 0x000001F2C8521F50>
Cl.Oc1ccc2c(-c3ccccc3)c3cc4ccccc4cc3nc2c1,294.0,<rdkit.Chem.rdchem.Mol object at 0x000001F2C8521EE0>
Cl.Oc1ccc2c(c1)CC[C@H](c1ccccc1)[C@@H]2c1ccc(OCCN2CCCC2)cc1,3.55,<rdkit.Chem.rdchem.Mol object at 0x000001F2C8521FC0>
Cl.Oc1ccc2cc3nc4ccccc4c(-c4ccccc4)c3cc2c1,169.0,<rdkit.Chem.rdchem.Mol object at 0x000001F2C8521D90>
Cl.Oc1cccc2c(-c3ccccc3)c3cc4ccccc4cc3nc12,1083.0,<rdkit.Chem.rdchem.Mol object at 0x000001F2C8521E70>
Cl.c1ccc(-c2c3ccccc3nc3cc4ccccc4cc23)cc1,5152.5,<rdkit.Chem.rdchem.Mol object at 0x000001F2C8521E00>
Clc1cc2nc(-c3cc4ccccc4n3Cc3ccccc3)[nH]c2cc1Cl,76.73,<rdkit.Chem.rdchem.Mol object at 0x000001F2C8521D20>
Clc1ccc(Cn2nnc(-c3cn(Cc4ccccc4)c4ccccc34)n2)cc1,110.6,<rdkit.Chem.rdchem.Mol object at 0x000001F2C8521CB0>
Clc1ccc(Cn2nnc(-c3cn(Cc4ccccc4)c4ccccc34)n2)cc1Cl,5.826,<rdkit.Chem.rdchem.Mol object at 0x000001F2C8521C40>
Clc1ccc(Nc2nc(-c3ccncc3)cs2)cc1,18184.99,<rdkit.Chem.rdchem.Mol object at 0x000001F2C8521BD0>
Cn1c(=O)[nH]c(=O)c2c1nc1n2CCCN1CCc1ccccc1,50000.0,<rdkit.Chem.rdchem.Mol object at 0x000001F2C8521B60>
Cn1c(C#N)ccc1-c1ccc2c(c1)C(C)(c1ccco1)OCC(=O)N2,10000.0,<rdkit.Chem.rdchem.Mol object at 0x000001F2C8521AF0>
Cn1c(C#N)ccc1-c1ccc2c(c1)C(C)(c1ccsc1)OCC(=O)N2,10000.0,<rdkit.Chem.rdchem.Mol object at 0x000001F2C8521A80>
Cn1c(C#N)ccc1-c1ccc2c(c1)C(c1ccco1)(c1ccco1)OCC(=O)N2,10000.0,<rdkit.Chem.rdchem.Mol object at 0x000001F2C8521A10>
Cn1c(C#N)ccc1-c1ccc2c(c1)C(c1cccs1)(c1cccs1)OCC(=O)N2,10000.0,<rdkit.Chem.rdchem.Mol object at 0x000001F2C85219A0>
Cn1c(C(=O)Nc2ccc3c(c2)OCO3)cc2c(=O)n(C)c3ccccc3c21,22564.08,<rdkit.Chem.rdchem.Mol object at 0x000001F2C8521930>
Cn1c(Cc2ccccc2)nnc1SCC(=O)c1cccs1,50000.0,<rdkit.Chem.rdchem.Mol object at 0x000001F2C85218C0>
Cn1c(SCC(=O)Nc2ccc3c(c2)oc2ccccc23)nnc1-c1ccccc1,50000.0,<rdkit.Chem.rdchem.Mol object at 0x000001F2C8521850>
Cn1c(SCC(=O)Nc2sccc2C#N)nnc1-c1ccccc1,17106.54,<rdkit.Chem.rdchem.Mol object at 0x000001F2C8521690>
Cn1c(SCc2cc(=O)n3cc(Br)ccc3n2)nnc1C1COc2ccccc2O1,25164.82,<rdkit.Chem.rdchem.Mol object at 0x000001F2C85217E0>
Cn1cc(C(=O)NC2CCCCCC2)c(=O)c2cc(S(=O)(=O)N3CCCC3)ccc21,50000.0,<rdkit.Chem.rdchem.Mol object at 0x000001F2C8521770>
Cn1cc(NC(=O)c2cc(NC(=O)CCS(C)(=O)=O)cn2C)cc1C(=O)NCC(=O)NCCCCCC[C@@H]1Cc2cc(O)ccc2[C@H]2CC[C@]3(C)[C@@H](O)CC[C@H]3[C@H]12,0.99,<rdkit.Chem.rdchem.Mol object at 0x000001F2C8521620>
Cn1cc(NC(=O)c2cc(NC(=O)CCS(C)(=O)=O)cn2C)cc1C(=O)NCCC(=O)NCCCCCC[C@@H]1Cc2cc(O)ccc2[C@H]2CC[C@]3(C)[C@@H](O)CC[C@H]3[C@H]12,1.48,<rdkit.Chem.rdchem.Mol object at 0x000001F2C8521700>
Cn1cc(NC(=O)c2cc(NC(=O)CCS(C)(=O)=O)cn2C)cc1C(=O)NCCCC(=O)NCCCCCC[C@@H]1Cc2cc(O)ccc2[C@H]2CC[C@]3(C)[C@@H](O)CC[C@H]3[C@H]12,1.11,<rdkit.Chem.rdchem.Mol object at 0x000001F2C85214D0>
Cn1cc([C@]2(O)CC[C@H]3[C@@H]4CCc5cc(O)ccc5[C@H]4CC[C@@]32C)nn1,400.0,<rdkit.Chem.rdchem.Mol object at 0x000001F2C85215B0>
Cn1ccc2c(-c3sc4cc(O)ccc4c3Oc3ccc(/C=C/C(=O)O)cc3)cccc21,898.0,<rdkit.Chem.rdchem.Mol object at 0x000001F2C8521540>
Cn1ccc2cc(C3=C(c4ccc(O[C@H]5CCN(CCCF)C5)cc4)c4ccc(O)cc4CCC3)ccc21,541.0,<rdkit.Chem.rdchem.Mol object at 0x000001F2C8521460>
Cn1cccc1-c1nc2ccccc2n1-c1ccc(O)cc1,2940.0,<rdkit.Chem.rdchem.Mol object at 0x000001F2C85213F0>
Cn1ccnc1SCC(=O)Nc1ccc2nc(SCC(=O)NC3CC3)sc2c1,25675.07,<rdkit.Chem.rdchem.Mol object at 0x000001F2C8521380>
Cn1cnc(/C=C/c2ccc(C3(C)c4ccc(O)cc4CCN3c3ccc(F)cc3)cc2)c1,2564.0,<rdkit.Chem.rdchem.Mol object at 0x000001F2C8521310>
Cn1cnc(/C=C/c2ccc(Oc3c(-c4ccc(O)cc4)sc4cc(O)ccc34)cc2)c1,71.0,<rdkit.Chem.rdchem.Mol object at 0x000001F2C85212A0>
Cn1cnc2cc(C3=C(c4ccc(O[C@H]5CCN(CCCF)C5)cc4)c4ccc(O)cc4CCC3)ccc21,16.0,<rdkit.Chem.rdchem.Mol object at 0x000001F2C8521230>
Cn1cnc2ccc(C3=C(c4ccc(O[C@H]5CCN(CCCF)C5)cc4)c4ccc(O)cc4CCC3)cc21,374.0,<rdkit.Chem.rdchem.Mol object at 0x000001F2C85211C0>
Cn1cncc1/C=C/c1ccc(C2(C)c3ccc(O)cc3CCN2c2ccc(F)cc2)cc1,57.0,<rdkit.Chem.rdchem.Mol object at 0x000001F2C8521150>
Cn1nc(-c2ccc(O)cc2O)c2ccc(O)cc21,622.0,<rdkit.Chem.rdchem.Mol object at 0x000001F2C8521070>
Cn1nc([N+](=O)[O-])c2c(-c3nc4ccccc4s3)c(N)n(C3CCCCC3)c2c1=O,4982.94,<rdkit.Chem.rdchem.Mol object at 0x000001F2C8521000>
Cn1nnc(/C=C/c2ccc(C3(C)c4ccc(O)cc4CCN3c3ccc(F)cc3)cc2)n1,113.0,<rdkit.Chem.rdchem.Mol object at 0x000001F2C85210E0>
Cn1nnc(/C=C/c2ccc(Oc3c(-c4ccc(O)cc4)sc4cc(O)ccc34)cc2)n1,18.5,<rdkit.Chem.rdchem.Mol object at 0x000001F2C8520F90>
Cn1nnc(Cc2ccccc2-c2sc3cc(O)ccc3c2Oc2ccc(/C=C/C(=O)O)cc2)n1,106.85,<rdkit.Chem.rdchem.Mol object at 0x000001F2C8520F20>
Cn1nnc2ccc(C3=C(c4ccc(O[C@H]5CCN(CCCF)C5)cc4)c4ccc(O)cc4CCC3)cc21,78.0,<rdkit.Chem.rdchem.Mol object at 0x000001F2C8520EB0>
Cn1nnnc1/C=C/c1ccc(C2(C)c3ccc(O)cc3CCN2c2ccc(F)cc2)cc1,1409.0,<rdkit.Chem.rdchem.Mol object at 0x000001F2C8520E40>
Cn1nnnc1/C=C/c1ccc(Oc2c(-c3ccc(F)cc3)sc3cc(O)ccc23)cc1,3100.0,<rdkit.Chem.rdchem.Mol object at 0x000001F2C8520DD0>
Cn1nnnc1/C=C/c1ccc(Oc2c(-c3ccc(O)cc3)sc3cc(O)ccc23)cc1,30.5,<rdkit.Chem.rdchem.Mol object at 0x000001F2C8520C80>
FCCCN1CC(Nc2ccc(Oc3c(-c4ccc(F)cc4CC(F)(F)F)sc4c3ccc3[nH]ncc34)cc2)C1,1.3,<rdkit.Chem.rdchem.Mol object at 0x000001F2C8520D60>
FCCCN1CC(Nc2ccc([C@@H]3c4ccc5[nH]ncc5c4C[C@@H](C(F)F)N3CC(F)F)nc2)C1,2.6559999999999997,<rdkit.Chem.rdchem.Mol object at 0x000001F2C8520CF0>
FCCCN1CC(Oc2ccc(Oc3c(-c4ccc(F)cc4CC(F)(F)F)sc4c3ccc3[nH]ncc34)cc2F)C1,2.0,<rdkit.Chem.rdchem.Mol object at 0x000001F2C8520C10>
Fc1ccc(-c2nnc(-n3nnc4ccccc43)c3ccccc23)cc1,26285.52,<rdkit.Chem.rdchem.Mol object at 0x000001F2C8520BA0>
Fc1ccc(C2=C(c3ccc(OCCN4CCCC4)cc3)c3ccc(F)cc3OCC2)cc1,126.0,<rdkit.Chem.rdchem.Mol object at 0x000001F2C8520B30>
Fc1ccc(CNc2nc3ccccc3n3cnnc23)cc1,50000.0,<rdkit.Chem.rdchem.Mol object at 0x000001F2C8520AC0>
Fc1ccc(NCc2cccnc2)cc1F,50000.0,<rdkit.Chem.rdchem.Mol object at 0x000001F2C8520A50>
Fc1ccc2c(c1)OCCC(c1ccccc1)=C2c1ccc(OCCN2CCCC2)cc1,16.2,<rdkit.Chem.rdchem.Mol object at 0x000001F2C85209E0>
N#C/C(=C(\O)Nc1ccc(Cl)cc1)c1nc2ccccc2[nH]1,27058.62,<rdkit.Chem.rdchem.Mol object at 0x000001F2C8520900>
N#CC1=C(N)OC2=C(CCC/C2=C/c2ccoc2)C1c1ccoc1,10033.52,<rdkit.Chem.rdchem.Mol object at 0x000001F2C8520890>
N#CC1=C(N)Oc2cc(O)ccc2C1c1ccc(OCCN2CCCC2)cc1,890.0,<rdkit.Chem.rdchem.Mol object at 0x000001F2C8520970>
N#CC1=C(N)Oc2cc(O)ccc2C1c1ccc(OCCN2CCCCC2)cc1,1470.0,<rdkit.Chem.rdchem.Mol object at 0x000001F2C8520820>
N#CC1=C(N)Oc2cc(O)ccc2C1c1ccc(OCCN2CCOCC2)cc1,13970.0,<rdkit.Chem.rdchem.Mol object at 0x000001F2C8520660>
N#CC1=C(N)Oc2cc(O)ccc2C1c1ccccc1,10000.0,<rdkit.Chem.rdchem.Mol object at 0x000001F2C85207B0>
N#CC1=C2c3ccc(O)cc3CC2(c2ccccc2)CCC1=O,880.0,<rdkit.Chem.rdchem.Mol object at 0x000001F2C8520740>
N#CCCS(=O)(=O)c1nnnn1-c1ccccc1,50000.0,<rdkit.Chem.rdchem.Mol object at 0x000001F2C85205F0>
N#CCc1cc(O)c(Br)c2cc(-c3ccc(O)cc3)oc12,209.0,<rdkit.Chem.rdchem.Mol object at 0x000001F2C85206D0>
N#CCc1cc(O)c(Cl)c2cc(-c3ccc(O)cc3)oc12,625.0,<rdkit.Chem.rdchem.Mol object at 0x000001F2C8520510>
N#CCc1cc(O)cc2cc(-c3ccc(O)c(F)c3)oc12,1056.0,<rdkit.Chem.rdchem.Mol object at 0x000001F2C8520430>
N#CCc1cc(O)cc2cc(-c3ccc(O)cc3)oc12,1152.0,<rdkit.Chem.rdchem.Mol object at 0x000001F2C8520580>
N#CCc1cc(O)cc2nc(-c3ccc(O)cc3)oc12,5000.0,<rdkit.Chem.rdchem.Mol object at 0x000001F2C85203C0>
N#CCc1cc(O)ccc1-c1noc2cc(O)ccc12,717.0,<rdkit.Chem.rdchem.Mol object at 0x000001F2C85204A0>
N#CCc1ccccc1-c1sc2cc(O)ccc2c1Oc1ccc(/C=C/C(=O)O)cc1,86.0,<rdkit.Chem.rdchem.Mol object at 0x000001F2C8520350>
N#C[Se]CCCCCC(=O)Nc1ccc(C2=C(c3ccc(O)cc3)C3CC(S(=O)(=O)N(CC(F)(F)F)c4ccccc4F)C2O3)cc1,56.0,<rdkit.Chem.rdchem.Mol object at 0x000001F2C8520270>
N#C[Se]CCCCCC(=O)Nc1ccc(C2=C(c3ccc(O)cc3)C3CC(S(=O)(=O)Oc4ccccc4F)C2O3)cc1,1010.0,<rdkit.Chem.rdchem.Mol object at 0x000001F2C8520190>
N#Cc1c(-c2ccc(O)cc2)n(Cc2ccc(OCCN3CCCCC3)cc2)c2ccc(O)cc12,11.0,<rdkit.Chem.rdchem.Mol object at 0x000001F2C8520200>
N#Cc1c(-c2ccc(O)cc2)n(Cc2ccc(OCCN3CCCCCC3)cc2)c2ccc(O)cc12,23.0,<rdkit.Chem.rdchem.Mol object at 0x000001F2C85202E0>
N#Cc1c(-c2ccccc2)cc(-c2ccco2)c(C#N)c1N,33450.51,<rdkit.Chem.rdchem.Mol object at 0x000001F2C8520120>
N#Cc1c(C(F)(F)F)cc(-c2ccccc2)nc1SCc1nc(N)nc(N2CCOCC2)n1,50000.0,<rdkit.Chem.rdchem.Mol object at 0x000001F2C85200B0>
N#Cc1c(N)oc(-c2ccc3c(c2)OCO3)c1-c1ccc2c(c1)OCO2,50000.0,<rdkit.Chem.rdchem.Mol object at 0x000001F2C8520040>
N#Cc1c(NC(=O)CSc2ncccn2)oc(-c2ccccc2)c1-c1ccccc1,9581.0,<rdkit.Chem.rdchem.Mol object at 0x000001F2C8518040>
N#Cc1c(NCCN)nc(NCc2ccccc2)c2c1CCN(Cc1ccccc1)C2,11823.92,<rdkit.Chem.rdchem.Mol object at 0x000001F2C85180B0>
N#Cc1c(O)ccc2cc(-c3ccc(O)cc3)ccc12,1402.0,<rdkit.Chem.rdchem.Mol object at 0x000001F2C8518120>
N#Cc1c(SCC(=O)Nc2nccs2)nc2c(c1-c1ccco1)CCCC2,50000.0,<rdkit.Chem.rdchem.Mol object at 0x000001F2C8518190>
N#Cc1cc(-c2c(F)cc(O)cc2F)cc2ccc(O)cc12,45.0,<rdkit.Chem.rdchem.Mol object at 0x000001F2C8518200>
N#Cc1cc(-c2cc(F)c(O)c(F)c2)cc2ccc(O)cc12,548.0,<rdkit.Chem.rdchem.Mol object at 0x000001F2C8518270>
N#Cc1cc(-c2cc(F)c(O)cc2F)cc2ccc(O)cc12,186.0,<rdkit.Chem.rdchem.Mol object at 0x000001F2C85182E0>
N#Cc1cc(-c2ccc(O)c(F)c2)cc2ccc(O)c(Cl)c12,299.0,<rdkit.Chem.rdchem.Mol object at 0x000001F2C8518350>
N#Cc1cc(-c2ccc(O)c(F)c2)cc2ccc(O)c(F)c12,312.0,<rdkit.Chem.rdchem.Mol object at 0x000001F2C85183C0>
N#Cc1cc(-c2ccc(O)c(F)c2)cc2ccc(O)cc12,210.0,<rdkit.Chem.rdchem.Mol object at 0x000001F2C8518430>
N#Cc1cc(-c2ccc(O)c(F)c2)nc2ccc(O)cc12,1047.0,<rdkit.Chem.rdchem.Mol object at 0x000001F2C85184A0>
N#Cc1cc(-c2ccc(O)cc2)cc2ccc(O)c(Br)c12,131.0,<rdkit.Chem.rdchem.Mol object at 0x000001F2C8518510>
N#Cc1cc(-c2ccc(O)cc2)cc2ccc(O)c(Cl)c12,109.0,<rdkit.Chem.rdchem.Mol object at 0x000001F2C8518580>
N#Cc1cc(-c2ccc(O)cc2)cc2ccc(O)cc12,105.0,<rdkit.Chem.rdchem.Mol object at 0x000001F2C85185F0>
N#Cc1cc(-c2ccc(O)cc2)nc2ccc(O)cc12,455.0,<rdkit.Chem.rdchem.Mol object at 0x000001F2C8518660>
N#Cc1cc(-c2ccc(O)cc2F)cc2ccc(O)cc12,26.0,<rdkit.Chem.rdchem.Mol object at 0x000001F2C85186D0>
N#Cc1cc(O)c(Br)c2ccc(-c3ccc(O)c(F)c3)cc12,116.0,<rdkit.Chem.rdchem.Mol object at 0x000001F2C8518740>
N#Cc1cc(O)c(C#N)c2ccc(-c3ccc(O)c(F)c3)cc12,877.0,<rdkit.Chem.rdchem.Mol object at 0x000001F2C85187B0>
N#Cc1cc(O)c(Cl)c2ccc(-c3ccc(O)c(F)c3)cc12,55.0,<rdkit.Chem.rdchem.Mol object at 0x000001F2C8518820>
N#Cc1cc(O)c(Cl)c2ccc(-c3ccc(O)cc3)cc12,98.0,<rdkit.Chem.rdchem.Mol object at 0x000001F2C8518890>
N#Cc1cc(O)cc2c1oc1c(=O)c3c(O)cc(O)cc3oc12,1550.0,<rdkit.Chem.rdchem.Mol object at 0x000001F2C8518900>
N#Cc1cc(O)cc2c1oc1c(=O)c3ccc(O)cc3oc12,5000.0,<rdkit.Chem.rdchem.Mol object at 0x000001F2C8518970>
N#Cc1cc(O)cc2cc(-c3ccc(O)c(F)c3)oc12,23.0,<rdkit.Chem.rdchem.Mol object at 0x000001F2C85189E0>
N#Cc1cc(O)cc2cc(-c3ccc(O)cc3)oc12,46.0,<rdkit.Chem.rdchem.Mol object at 0x000001F2C8518A50>
N#Cc1cc(O)cc2ccc(-c3ccc(O)c(F)c3)cc12,96.0,<rdkit.Chem.rdchem.Mol object at 0x000001F2C8518AC0>
N#Cc1cc(O)cc2ccc(-c3ccc(O)cc3)cc12,84.0,<rdkit.Chem.rdchem.Mol object at 0x000001F2C8518B30>
N#Cc1cc(O)cc2nc(-c3ccc(O)c(F)c3)oc12,1435.0,<rdkit.Chem.rdchem.Mol object at 0x000001F2C8518BA0>
N#Cc1cc(O)cc2nc(-c3ccc(O)cc3)oc12,411.0,<rdkit.Chem.rdchem.Mol object at 0x000001F2C8518C10>
N#Cc1cc(O)cc2nc(-c3ccc(O)cc3F)oc12,138.0,<rdkit.Chem.rdchem.Mol object at 0x000001F2C8518C80>
N#Cc1cc(O)ccc1-c1noc2cc(O)ccc12,264.0,<rdkit.Chem.rdchem.Mol object at 0x000001F2C8518CF0>
N#Cc1ccc(-c2cccnc2)nc1SCC(=O)Nc1sc2c(c1C#N)CCC2,14973.67,<rdkit.Chem.rdchem.Mol object at 0x000001F2C8518D60>
N#Cc1ccc(C(=O)Nc2ccc3cc[nH]c3c2)cc1,2.4,<rdkit.Chem.rdchem.Mol object at 0x000001F2C8518DD0>
N#Cc1ccc(C(c2ccc(C#N)cc2)n2cncn2)cc1,10000.0,<rdkit.Chem.rdchem.Mol object at 0x000001F2C8518E40>
N#Cc1ccc(C2=C(c3ccc(O[C@H]4CCN(CCCF)C4)cc3)c3ccc(O)cc3CCC2)cc1F,735.0,<rdkit.Chem.rdchem.Mol object at 0x000001F2C8518EB0>
N#Cc1cccc(N2CCN(C(=O)CCCCCn3c(=S)[nH]c4ccccc4c3=O)CC2)c1,90.0,<rdkit.Chem.rdchem.Mol object at 0x000001F2C8518F20>
N#Cc1ccccc1N1CCN(C(=O)CCCCCn2c(=S)[nH]c3ccccc3c2=O)CC1,90.0,<rdkit.Chem.rdchem.Mol object at 0x000001F2C8518F90>
N#Cc1nc(-c2ccc(OCc3ccc(Cl)cc3)cc2)oc1NCc1cccnc1,37410.11,<rdkit.Chem.rdchem.Mol object at 0x000001F2C8519000>
N=C(N)N/N=C/C1=C(Cl)c2ccccc2CC1,8250.0,<rdkit.Chem.rdchem.Mol object at 0x000001F2C8519070>
N=C(N)N/N=C/C1=C(Cl)c2ccccc2CCC1,16000.0,<rdkit.Chem.rdchem.Mol object at 0x000001F2C85190E0>
N=C(N)NCCC[C@H](NC(=O)[C@H](CCCNC(=N)N)NC(=O)[C@H](CCCNC(=N)N)NC(=O)[C@H](CCCNC(=N)N)NC(=O)[C@H](CCCNC(=N)N)NC(=O)[C@H](CCCNC(=N)N)NC(=O)[C@H](CCCNC(=N)N)NC(=O)[C@@H](N)Cc1ccc(O)cc1)C(N)=O,1000.0,<rdkit.Chem.rdchem.Mol object at 0x000001F2C8519150>
N=c1c(C(=O)NCc2ccc(F)cc2)cc2c(=O)n3ccccc3nc2n1Cc1cccnc1,7037.86,<rdkit.Chem.rdchem.Mol object at 0x000001F2C85191C0>
NC(=O)/C=C/c1ccc(Oc2c(-c3ccc(O)cc3)sc3cc(O)ccc23)cc1,40.0,<rdkit.Chem.rdchem.Mol object at 0x000001F2C8519230>
NC(=O)C1(N2CCCCC2)CCN(c2nc(-c3ccc(Br)cc3)cs2)CC1,37793.76,<rdkit.Chem.rdchem.Mol object at 0x000001F2C85192A0>
NC(=O)C1CCN(CCOc2ccc([C@@H]3Oc4ccc(O)cc4S[C@@H]3c3ccc(O)cc3)cc2)CC1,2.2,<rdkit.Chem.rdchem.Mol object at 0x000001F2C8519310>
NC(=O)COc1ccc(C2c3c(oc4ccccc4c3=O)C(=O)N2CC2CCCO2)cc1,50000.0,<rdkit.Chem.rdchem.Mol object at 0x000001F2C8519380>
NC(=O)c1c(NC(=O)c2cc3ccccc3o2)sc2c1CCC2,23481.56,<rdkit.Chem.rdchem.Mol object at 0x000001F2C85193F0>
NC(=O)c1c(NC(=O)c2cccs2)sc2c1CCCCCC2,25862.97,<rdkit.Chem.rdchem.Mol object at 0x000001F2C8519460>
NC(=O)c1cc(O)cc2nc(-c3ccc(O)cc3)oc12,9620.0,<rdkit.Chem.rdchem.Mol object at 0x000001F2C85194D0>
NC(=O)c1ccc(F)cc1,50000.0,<rdkit.Chem.rdchem.Mol object at 0x000001F2C8519540>
NC(=O)c1ccccc1OCC1CC(c2ccccc2)=NO1,29932.4,<rdkit.Chem.rdchem.Mol object at 0x000001F2C85195B0>
NC(=S)n1[nH]c(-c2ccc([N+](=O)[O-])cc2)c(/N=N/c2ccc(O)cc2)c1=O,11020.03,<rdkit.Chem.rdchem.Mol object at 0x000001F2C8519620>
NC(Cc1ccc([N+](=O)[O-])cc1)=NOC(=O)c1ccc2ccccc2c1,50000.0,<rdkit.Chem.rdchem.Mol object at 0x000001F2C8519690>
NC1=C(c2ccc(O)cc2)C(=O)c2cc(O)ccc21,5000.0,<rdkit.Chem.rdchem.Mol object at 0x000001F2C8519700>
NCCCNC(=O)/C=C/c1ccc(C(=C2C3CC4CC(C3)CC2C4)c2ccc(O)cc2)cc1,12.0,<rdkit.Chem.rdchem.Mol object at 0x000001F2C8519770>
NCCNC(=O)/C=C/c1ccc(C(=C2C3CC4CC(C3)CC2C4)c2ccc(O)cc2)cc1,10.0,<rdkit.Chem.rdchem.Mol object at 0x000001F2C85197E0>
NS(=O)(=O)Oc1ccc(-c2sc3cc(OS(N)(=O)=O)ccc3c2C(=O)c2ccc(OCCN3CCCCC3)cc2)cc1,45.0,<rdkit.Chem.rdchem.Mol object at 0x000001F2C8519850>
NS(=O)(=O)Oc1ccc2c(C(=O)c3ccc(OCCN4CCCCC4)cc3)c(-c3ccc(O)cc3)sc2c1,5.2,<rdkit.Chem.rdchem.Mol object at 0x000001F2C85198C0>
Nc1cc(O)cc2ncn(-c3ccc(O)cc3)c(=O)c12,15521.0,<rdkit.Chem.rdchem.Mol object at 0x000001F2C8519930>
Nc1ccc(-c2c(C(=O)c3ccc(OCCN4CC(C(=O)O)=CCC4=O)cc3)c3ccc(O)cc3[nH]c2=O)cc1,68.5,<rdkit.Chem.rdchem.Mol object at 0x000001F2C85199A0>
Nc1ccc(-c2c(C(=O)c3ccc(OCCN4CC(C(=O)O)=CCC4=O)cc3)c3ccc(O)cc3oc2=O)cc1,69.5,<rdkit.Chem.rdchem.Mol object at 0x000001F2C8519A10>
Nc1ccc(-c2c(C(=O)c3ccc(OCCNS(=O)(=O)O)cc3)c3ccc(O)cc3oc2=O)cc1,50.195,<rdkit.Chem.rdchem.Mol object at 0x000001F2C8519A80>
Nc1ccc(-c2sc3cc(O)ccc3c2Oc2ccc(OCCN3CCCCC3)cc2)cc1,19.3,<rdkit.Chem.rdchem.Mol object at 0x000001F2C8519AF0>
Nc1ccccc1N/C=C1\C(=O)NC(=O)N(CCC2=CCCCC2)C1=O,50000.0,<rdkit.Chem.rdchem.Mol object at 0x000001F2C8519B60>
Nc1nc(N2C(=O)C3CC=CCC3C2=O)nn1-c1ccccc1,50000.0,<rdkit.Chem.rdchem.Mol object at 0x000001F2C8519BD0>
Nc1ncc(C2=C(c3ccc(O[C@H]4CCN(CCCF)C4)cc3)c3ccc(O)cc3CCC2)cn1,436.0,<rdkit.Chem.rdchem.Mol object at 0x000001F2C8519C40>
O/N=C/c1c(Cl)cc(-c2ccc(O)c(F)c2)cc1Cl,270.0,<rdkit.Chem.rdchem.Mol object at 0x000001F2C8519CB0>
O/N=C/c1cc(O)ccc1-c1noc2cc(O)ccc12,2390.0,<rdkit.Chem.rdchem.Mol object at 0x000001F2C8519D20>
O/N=C/c1ccc(-c2ccc(O)c(F)c2)c2ccccc12,148.0,<rdkit.Chem.rdchem.Mol object at 0x000001F2C8519D90>
O/N=C/c1ccc(-c2ccc(O)cc2)c2ccccc12,95.0,<rdkit.Chem.rdchem.Mol object at 0x000001F2C8519E00>
O/N=C/c1ccc(-c2ccc(O)cc2)c2ccoc12,155.0,<rdkit.Chem.rdchem.Mol object at 0x000001F2C8519E70>
O/N=C/c1ccc(-c2ccc(O)cc2)c2ccsc12,20.0,<rdkit.Chem.rdchem.Mol object at 0x000001F2C8519EE0>
O/N=C/c1ccc(-c2ccc(O)cc2)c2occc12,1330.0,<rdkit.Chem.rdchem.Mol object at 0x000001F2C8519F50>
O/N=C/c1ccc(-c2ccc(O)cc2)c2sccc12,37.0,<rdkit.Chem.rdchem.Mol object at 0x000001F2C8519FC0>
O/N=C/c1ccc(-c2ccc(O)cc2)cc1F,795.0,<rdkit.Chem.rdchem.Mol object at 0x000001F2C851A030>
O/N=C/c1cn(-c2ccc(O)cc2)c2ccccc12,1905.0,<rdkit.Chem.rdchem.Mol object at 0x000001F2C851A0A0>
O/N=C1\c2ccc(O)cc2O[C@H](c2ccc(OCCN3CCCCC3)cc2)[C@@H]1c1ccc(O)cc1,1040.0,<rdkit.Chem.rdchem.Mol object at 0x000001F2C851A110>
O=C(/C=C(/NCCO)C(F)(F)F)c1ccc(Cl)cc1,50000.0,<rdkit.Chem.rdchem.Mol object at 0x000001F2C851A180>
O=C(/C=C/c1ccc(C(=C2C3CC4CC(C3)CC2C4)c2ccc(O)cc2)cc1)N(CCO)CCO,2.1,<rdkit.Chem.rdchem.Mol object at 0x000001F2C851A1F0>
O=C(/C=C/c1ccc(C(=C2C3CC4CC(C3)CC2C4)c2ccc(O)cc2)cc1)NCCCCCO,10.0,<rdkit.Chem.rdchem.Mol object at 0x000001F2C851A260>
O=C(/C=C/c1ccc(C(=C2C3CC4CC(C3)CC2C4)c2ccc(O)cc2)cc1)NCCCCO,4.3,<rdkit.Chem.rdchem.Mol object at 0x000001F2C851A2D0>
O=C(/C=C/c1ccc(C(=C2C3CC4CC(C3)CC2C4)c2ccc(O)cc2)cc1)NCCCO,50.0,<rdkit.Chem.rdchem.Mol object at 0x000001F2C851A340>
O=C(/C=C/c1ccc(C(=C2C3CC4CC(C3)CC2C4)c2ccc(O)cc2)cc1)NCCO,5.6,<rdkit.Chem.rdchem.Mol object at 0x000001F2C851A3B0>
O=C(/C=C/c1ccc(C(=C2CCCCC2)c2ccc(O)cc2)cc1)NCCCCCNC(=O)/C=C/c1ccc(C(=C2CCCCC2)c2ccc(O)cc2)cc1,37.675,<rdkit.Chem.rdchem.Mol object at 0x000001F2C851A420>
O=C(/C=C/c1ccc(C(=C2CCCCC2)c2ccc(O)cc2)cc1)NCCCCNC(=O)/C=C/c1ccc(C(=C2CCCCC2)c2ccc(O)cc2)cc1,44.36,<rdkit.Chem.rdchem.Mol object at 0x000001F2C851A490>
O=C(/C=C/c1ccc(C(=C2CCCCC2)c2ccc(O)cc2)cc1)NCCCNC(=O)/C=C/c1ccc(C(=C2CCCCC2)c2ccc(O)cc2)cc1,283.335,<rdkit.Chem.rdchem.Mol object at 0x000001F2C851A500>
O=C(/C=C/c1ccc(C(=C2CCCCC2)c2ccc(O)cc2)cc1)NCCNC(=O)/C=C/c1ccc(C(=C2CCCCC2)c2ccc(O)cc2)cc1,68.715,<rdkit.Chem.rdchem.Mol object at 0x000001F2C851A570>
O=C(/C=C/c1ccc(C2=C(c3ccc(O)cc3)CCOc3cc(F)ccc32)cc1)N1CCCC1,67.0,<rdkit.Chem.rdchem.Mol object at 0x000001F2C851A5E0>
O=C(/C=C/c1ccc(C2=C(c3ccc(O)cc3)CCOc3cc(F)ccc32)cc1)N1CCN(Cc2ccccc2)CC1,74.0,<rdkit.Chem.rdchem.Mol object at 0x000001F2C851A650>
O=C(/C=C/c1ccc(C2=C(c3ccc(O)cc3)CCOc3cc(F)ccc32)cc1)N1CCNCC1,14.0,<rdkit.Chem.rdchem.Mol object at 0x000001F2C851A6C0>
O=C(/C=C/c1ccc(C2=C(c3ccc(O)cc3)CCOc3cc(F)ccc32)cc1)Nc1ccccc1,11.7,<rdkit.Chem.rdchem.Mol object at 0x000001F2C851A730>
O=C(/C=C/c1ccc(C2=C(c3ccc(O)cc3)CCOc3cc(F)ccc32)cc1)c1ccccc1,104.0,<rdkit.Chem.rdchem.Mol object at 0x000001F2C851A7A0>
O=C(/C=C/c1ccc(N2CCc3cc(O)ccc3C2c2ccccc2)cc1)N1CCOCC1,5.9,<rdkit.Chem.rdchem.Mol object at 0x000001F2C851A810>
O=C(/C=C/c1ccc(O)c(O)c1)OCCc1ccccc1,7912.0,<rdkit.Chem.rdchem.Mol object at 0x000001F2C851A880>
O=C(/C=C/c1ccc(O)cc1)c1ccc(O)cc1O,1870.0,<rdkit.Chem.rdchem.Mol object at 0x000001F2C851A8F0>
O=C(/C=C/c1ccc(Oc2c(-c3ccc(F)cc3)sc3cc(O)ccc23)cc1)NCCC(F)(F)F,41.5,<rdkit.Chem.rdchem.Mol object at 0x000001F2C851A960>
O=C(/C=C/c1ccc(Oc2c(-c3ccc(O)cc3)sc3cc(O)ccc23)cc1)NCCC(F)(F)F,5.5,<rdkit.Chem.rdchem.Mol object at 0x000001F2C851A9D0>
O=C(/C=C/c1ccc(Oc2c(-c3ccc(O)cc3)sc3cc(O)ccc23)cc1)NCCO,55.0,<rdkit.Chem.rdchem.Mol object at 0x000001F2C851AA40>
O=C(C1=C(O)C(=O)N(c2ccccc2O)C1c1ccc([N+](=O)[O-])cc1)c1ccccc1,75000.0,<rdkit.Chem.rdchem.Mol object at 0x000001F2C851AAB0>
O=C(CCC(=O)Nc1nnc(C2CCCCC2)s1)NCC1CCCO1,50000.0,<rdkit.Chem.rdchem.Mol object at 0x000001F2C851AB20>
O=C(CCC(=O)c1cccs1)Nc1nnc(C2CC2)s1,50000.0,<rdkit.Chem.rdchem.Mol object at 0x000001F2C851AB90>
O=C(CCCCCCC(=O)Nc1ccc(C2=C(c3ccc(O)cc3)C3CC(S(=O)(=O)Oc4ccc5ccccc5c4)C2O3)cc1)NO,160.0,<rdkit.Chem.rdchem.Mol object at 0x000001F2C851AC00>
O=C(CCCCCCc1ccc(-c2sc3cc(O)ccc3c2C(=O)c2ccc(OCCN3CCCCC3)cc2)cc1)NO,2665.0,<rdkit.Chem.rdchem.Mol object at 0x000001F2C851AC70>
O=C(CCCCCOc1ccc(-c2sc3cc(O)ccc3c2C(=O)c2ccc(OCCN3CCCCC3)cc2)cc1)NO,373.0,<rdkit.Chem.rdchem.Mol object at 0x000001F2C851ACE0>
O=C(CCCCCc1ccc(-c2sc3cc(O)ccc3c2C(=O)c2ccc(OCCN3CCCCC3)cc2)cc1)NO,633.0,<rdkit.Chem.rdchem.Mol object at 0x000001F2C851AD50>
O=C(CCCCCn1c(=S)[nH]c2ccccc2c1=O)N1CCC(N(Cc2ccccc2)c2ccccc2)CC1,120.0,<rdkit.Chem.rdchem.Mol object at 0x000001F2C851ADC0>
O=C(CCCCCn1c(=S)[nH]c2ccccc2c1=O)N1CCC(Nc2ccccc2)CC1,180.0,<rdkit.Chem.rdchem.Mol object at 0x000001F2C851AE30>
O=C(CCCCCn1c(=S)[nH]c2ccccc2c1=O)N1CCC(O)(c2ccc(Cl)cc2)CC1,80.0,<rdkit.Chem.rdchem.Mol object at 0x000001F2C851AEA0>
O=C(CCCCCn1c(=S)[nH]c2ccccc2c1=O)N1CCN(c2ccc(C(F)(F)F)cc2)CC1,42830.0,<rdkit.Chem.rdchem.Mol object at 0x000001F2C851AF10>
O=C(CCCCCn1c(=S)[nH]c2ccccc2c1=O)N1CCN(c2cccc(Cl)c2)CC1,350.0,<rdkit.Chem.rdchem.Mol object at 0x000001F2C851AF80>
O=C(CCCCCn1c(=S)[nH]c2ccccc2c1=O)N1CCN(c2cccc([N+](=O)[O-])c2)CC1,840.0,<rdkit.Chem.rdchem.Mol object at 0x000001F2C851AFF0>
O=C(CCCCCn1c(=S)[nH]c2ccccc2c1=O)N1CCN(c2ccncc2)CC1,30.0,<rdkit.Chem.rdchem.Mol object at 0x000001F2C851B060>
O=C(CCCCCn1c(=S)[nH]c2ccccc2c1=O)N1CCN(c2ncccn2)CC1,120.0,<rdkit.Chem.rdchem.Mol object at 0x000001F2C851B0D0>
O=C(CCCCOc1ccc(-c2sc3cc(O)ccc3c2C(=O)c2ccc(OCCN3CCCCC3)cc2)cc1)NO,826.0,<rdkit.Chem.rdchem.Mol object at 0x000001F2C851B140>
O=C(CCCCc1ccc(-c2sc3cc(O)ccc3c2C(=O)c2ccc(OCCN3CCCCC3)cc2)cc1)NO,943.0,<rdkit.Chem.rdchem.Mol object at 0x000001F2C851B1B0>
O=C(CCCCn1c(=S)[nH]c2ccccc2c1=O)N1CCN(c2ccc(C(F)(F)F)cc2)CC1,2300.0,<rdkit.Chem.rdchem.Mol object at 0x000001F2C851B220>
O=C(CCCn1c(=S)[nH]c2cc3c(cc2c1=O)OCO3)N1CCN(c2ccc(Cl)cc2)CC1,12607.73,<rdkit.Chem.rdchem.Mol object at 0x000001F2C851B290>
O=C(CCCn1c(=S)[nH]c2ccccc2c1=O)N1CCC(c2ccccc2)CC1,50.0,<rdkit.Chem.rdchem.Mol object at 0x000001F2C851B300>
O=C(CCCn1c(=S)[nH]c2ccccc2c1=O)N1CCN(Cc2cccc3ccccc23)CC1,170.0,<rdkit.Chem.rdchem.Mol object at 0x000001F2C851B370>
O=C(CCCn1c(=S)[nH]c2ccccc2c1=O)N1CCN(c2ccc(Cl)cc2)CC1,19810.0,<rdkit.Chem.rdchem.Mol object at 0x000001F2C851B3E0>
O=C(CCCn1c(=S)[nH]c2ccccc2c1=O)N1CCN(c2cccc(Cl)c2)CC1,2926.47,<rdkit.Chem.rdchem.Mol object at 0x000001F2C851B450>
O=C(CCCn1c(=S)[nH]c2ccccc2c1=O)N1CCN(c2cccc(O)c2)CC1,1620.0,<rdkit.Chem.rdchem.Mol object at 0x000001F2C851B4C0>
O=C(CCCn1c(=S)[nH]c2ccccc2c1=O)N1CCN(c2cccc3ccccc23)CC1,70.0,<rdkit.Chem.rdchem.Mol object at 0x000001F2C851B530>
O=C(CCCn1c(=S)[nH]c2ccccc2c1=O)N1CCN(c2ccccc2O)CC1,70.0,<rdkit.Chem.rdchem.Mol object at 0x000001F2C851B5A0>
O=C(CCc1ccc(O)cc1)c1c(O)cc(O)cc1O,300.0,<rdkit.Chem.rdchem.Mol object at 0x000001F2C851B610>
O=C(CCc1ccc(O)cc1)c1ccc(O)cc1O,1000000.0,<rdkit.Chem.rdchem.Mol object at 0x000001F2C851B680>
O=C(CCl)Nc1ccc(-c2sc3cc(O)ccc3c2Oc2ccc(OCCN3CCCCC3)cc2)cc1,666.0,<rdkit.Chem.rdchem.Mol object at 0x000001F2C851B6F0>
O=C(COC(=O)CC1CCCC1)Nc1cc2c(cc1Cl)C(=O)c1ccccc1C2=O,22253.44,<rdkit.Chem.rdchem.Mol object at 0x000001F2C851B760>
O=C(COC(=O)CCC(=O)c1cccs1)NCc1ccco1,11931.11,<rdkit.Chem.rdchem.Mol object at 0x000001F2C851B7D0>
O=C(COC(=O)CCOc1ccccc1)NCc1ccco1,16615.25,<rdkit.Chem.rdchem.Mol object at 0x000001F2C851B840>
O=C(COC(=O)c1cccc(S(=O)(=O)N2CCc3ccccc3C2)c1)NCc1ccco1,24961.21,<rdkit.Chem.rdchem.Mol object at 0x000001F2C851B8B0>
O=C(COC(=O)c1ccccc1Oc1ccccc1)NCc1ccco1,17914.5,<rdkit.Chem.rdchem.Mol object at 0x000001F2C851B920>
O=C(COCN1CCCCC1)CN1Nc2c(c(=O)oc3cc(O)ccc23)-c2ccc(O)cc21,375.32,<rdkit.Chem.rdchem.Mol object at 0x000001F2C851B990>
O=C(COCN1CCCCC1)CN1Nc2cc(O)ccc2-c2c1c1ccc(O)cc1oc2=O,50.38,<rdkit.Chem.rdchem.Mol object at 0x000001F2C851BA00>
O=C(COc1ccccc1)Nc1ccc(Cl)c(-c2nc3ncccc3o2)c1,50000.0,<rdkit.Chem.rdchem.Mol object at 0x000001F2C851BA70>
O=C(CSc1cccc(C(F)(F)F)c1)NC(=O)NCc1ccco1,50000.0,<rdkit.Chem.rdchem.Mol object at 0x000001F2C851BAE0>
O=C(CSc1n[nH]c(-c2ccc(S(=O)(=O)N3CCCCC3)cc2)n1)Nc1nccs1,47183.03,<rdkit.Chem.rdchem.Mol object at 0x000001F2C851BB50>
O=C(CSc1n[nH]c(-c2ccco2)n1)Nc1sc2c(c1C(=O)Nc1ccccc1)CCCC2,40015.75,<rdkit.Chem.rdchem.Mol object at 0x000001F2C851BBC0>
O=C(CSc1nc(-c2ccc(F)cc2)cs1)NC(=O)NCc1ccco1,50000.0,<rdkit.Chem.rdchem.Mol object at 0x000001F2C851BC30>
O=C(CSc1nc2c(c(=O)n1-c1ccc(Br)cc1)SCC2)Nc1nccs1,50000.0,<rdkit.Chem.rdchem.Mol object at 0x000001F2C851BCA0>
O=C(CSc1nc2cc(Cl)ccc2s1)NC(=O)NCc1ccco1,50000.0,<rdkit.Chem.rdchem.Mol object at 0x000001F2C851BD10>
O=C(CSc1nc2scc(-c3ccco3)c2c(=O)n1-c1ccccc1)NCC1CCCO1,30130.16,<rdkit.Chem.rdchem.Mol object at 0x000001F2C851BD80>
O=C(CSc1nnc(-c2ccc(OC(F)F)cc2)o1)NC(=O)NCc1ccco1,11595.85,<rdkit.Chem.rdchem.Mol object at 0x000001F2C851BDF0>
O=C(CSc1nnc(SCC(=O)c2ccco2)s1)c1ccco1,21230.64,<rdkit.Chem.rdchem.Mol object at 0x000001F2C851BE60>
O=C(CSc1nnnn1-c1ccccc1)Nc1nsc(-c2ccc(Cl)cc2)n1,20779.31,<rdkit.Chem.rdchem.Mol object at 0x000001F2C851BED0>
O=C(Cc1cc2ccccc2o1)c1ccc(O)cc1O,85700.0,<rdkit.Chem.rdchem.Mol object at 0x000001F2C851BF40>
O=C(Cc1ccc(S(=O)(=O)N2CCOCC2)s1)Nc1nc2c(s1)CCCC2,4691.78,<rdkit.Chem.rdchem.Mol object at 0x000001F2C850C040>
O=C(Cc1cccs1)Nc1ccccn1,13428.48,<rdkit.Chem.rdchem.Mol object at 0x000001F2C850C0B0>
O=C(Cc1cccs1)Nc1nnc(COc2ccccc2)s1,37250.2,<rdkit.Chem.rdchem.Mol object at 0x000001F2C850C120>
O=C(Cc1cn2ccsc2n1)OCc1nc2ccccc2s1,6975.21,<rdkit.Chem.rdchem.Mol object at 0x000001F2C850C190>
O=C(Cc1coc2cc3c(cc12)CCC3)OCc1cc(=O)n2c(n1)sc1ccccc12,4827.43,<rdkit.Chem.rdchem.Mol object at 0x000001F2C850C200>
O=C(Cn1c(=O)n(Cc2ccco2)c(=O)c2c3c(sc21)CCCCC3)Nc1ccccc1,7237.52,<rdkit.Chem.rdchem.Mol object at 0x000001F2C850C270>
O=C(Cn1c(=O)n(Cc2ccco2)c(=O)c2c3c(sc21)CCCCC3)c1ccccc1,50000.0,<rdkit.Chem.rdchem.Mol object at 0x000001F2C850C2E0>
O=C(N/N=C/c1cc(Br)ccc1O)c1cc2ccccc2cc1O,100000.0,<rdkit.Chem.rdchem.Mol object at 0x000001F2C850C350>
O=C(N/N=C/c1cccc(Oc2ccc([N+](=O)[O-])cc2[N+](=O)[O-])c1)c1cncc(Br)c1,27852.14,<rdkit.Chem.rdchem.Mol object at 0x000001F2C850C3C0>
O=C(N1CCc2cc(O)ccc2C1c1ccc(Br)cc1)C(F)(F)F,165.0,<rdkit.Chem.rdchem.Mol object at 0x000001F2C850C430>
O=C(N1CCc2cc(O)ccc2C1c1ccc(OCCN2CCCC2)cc1)C(F)(F)F,28.7,<rdkit.Chem.rdchem.Mol object at 0x000001F2C850C4A0>
O=C(N1CCc2cc(O)ccc2C1c1ccccc1)C(F)(F)F,235.0,<rdkit.Chem.rdchem.Mol object at 0x000001F2C850C510>
O=C(N1CCc2cc(O)ccc2C1c1cccs1)C(F)(F)F,385.0,<rdkit.Chem.rdchem.Mol object at 0x000001F2C850C580>
O=C(N1CCc2cc(O)ccc2[C@@H]1c1ccc(O)cc1)C(F)(F)F,3200.0,<rdkit.Chem.rdchem.Mol object at 0x000001F2C850C5F0>
O=C(N1CCc2cc(O)ccc2[C@H]1c1ccc(O)cc1)C(F)(F)F,53.6,<rdkit.Chem.rdchem.Mol object at 0x000001F2C850C660>
O=C(N1Cc2cc(O)ccc2C(c2ccc(O)cc2)C1)C(F)(F)F,122.7,<rdkit.Chem.rdchem.Mol object at 0x000001F2C850C6D0>
O=C(NC1CCS(=O)(=O)C1)c1c(NC(=O)C2COc3ccccc3O2)sc2c1CCCC2,50000.0,<rdkit.Chem.rdchem.Mol object at 0x000001F2C850C740>
O=C(NCCCCOc1ccc(C(=C2C3CC4CC(C3)CC2C4)c2ccc(O)cc2)cc1)C12CC3CC(CC1C3)C2,2.0,<rdkit.Chem.rdchem.Mol object at 0x000001F2C850C7B0>
O=C(NCCCCOc1ccc(C(=C2C3CC4CC(C3)CC2C4)c2ccc(O)cc2)cc1)C1CCCCC1,0.4,<rdkit.Chem.rdchem.Mol object at 0x000001F2C850C820>
O=C(NCCCCOc1ccc(C(=C2C3CC4CC(C3)CC2C4)c2ccc(O)cc2)cc1)[C@H]1CC[C@H](C(F)(F)F)CC1,2.0,<rdkit.Chem.rdchem.Mol object at 0x000001F2C850C890>
O=C(NCCCCOc1ccc(C(=C2C3CC4CC(C3)CC2C4)c2ccc(O)cc2)cc1)[C@H]1C[C@@H]2C=C[C@H]1C2,0.5,<rdkit.Chem.rdchem.Mol object at 0x000001F2C850C900>
O=C(NCCCOc1ccc(C(=C2C3CC4CC(C3)CC2C4)c2ccc(O)cc2)cc1)C12CC3CC(CC(C3)C1)C2,3.0,<rdkit.Chem.rdchem.Mol object at 0x000001F2C850C970>
O=C(NCCO)c1ccc2nc(-c3ccco3)c(-c3ccco3)nc2c1,50000.0,<rdkit.Chem.rdchem.Mol object at 0x000001F2C850C9E0>
O=C(NCc1ccc(Cl)cc1)c1cc(-c2cccs2)on1,50000.0,<rdkit.Chem.rdchem.Mol object at 0x000001F2C850CA50>
O=C(NCc1ccco1)c1cc2c(s1)CSC2,9413.4,<rdkit.Chem.rdchem.Mol object at 0x000001F2C850CAC0>
O=C(NCc1ccco1)c1cc2cc3ccc(Cl)cc3nc2o1,17703.91,<rdkit.Chem.rdchem.Mol object at 0x000001F2C850CB30>
O=C(NCc1ccco1)c1cc2ccc(O)cc2oc1=O,14298.54,<rdkit.Chem.rdchem.Mol object at 0x000001F2C850CBA0>
O=C(NCc1ccco1)c1cc2ccccc2c(=O)o1,30177.39,<rdkit.Chem.rdchem.Mol object at 0x000001F2C850CC10>
O=C(NCc1ccco1)c1nn2c(C(F)(F)F)cc(-c3cccs3)nc2c1Br,36895.07,<rdkit.Chem.rdchem.Mol object at 0x000001F2C850CC80>
O=C(NNC(=O)c1ccc(SCC2CCCO2)c([N+](=O)[O-])c1)c1ccc(Cl)c([N+](=O)[O-])c1,23306.11,<rdkit.Chem.rdchem.Mol object at 0x000001F2C850CCF0>
O=C(Nc1ccc(-n2nncc2-c2ccco2)cc1)c1cc2ccccc2oc1=O,40579.98,<rdkit.Chem.rdchem.Mol object at 0x000001F2C850CD60>
O=C(Nc1ccc(Cc2ccncc2)cc1)C1CCC(N2C(=O)C3CC=CCC3C2=O)CC1,50000.0,<rdkit.Chem.rdchem.Mol object at 0x000001F2C850CDD0>
O=C(Nc1ccc(N2CCCC2)cc1)C(Cl)c1ccccc1,50000.0,<rdkit.Chem.rdchem.Mol object at 0x000001F2C850CE40>
O=C(Nc1ccc(N2CCCC2)cc1)C(c1ccccc1)c1ccccc1,7092.12,<rdkit.Chem.rdchem.Mol object at 0x000001F2C850CEB0>
O=C(Nc1ccc2c(c1)nc1n2CCSC1)c1ccco1,14506.39,<rdkit.Chem.rdchem.Mol object at 0x000001F2C850CF20>
O=C(Nc1ccc2cc[nH]c2c1)c1ccc(Br)cc1,4.71,<rdkit.Chem.rdchem.Mol object at 0x000001F2C850CF90>
O=C(Nc1ccc2cc[nH]c2c1)c1ccc(C(F)(F)F)cc1,8.15,<rdkit.Chem.rdchem.Mol object at 0x000001F2C850D000>
O=C(Nc1ccc2cc[nH]c2c1)c1ccc(F)cc1,69.46,<rdkit.Chem.rdchem.Mol object at 0x000001F2C850D070>
O=C(Nc1ccc2cc[nH]c2c1)c1cccc(C(F)(F)F)c1,1.76,<rdkit.Chem.rdchem.Mol object at 0x000001F2C850D0E0>
O=C(Nc1ccc2nn(-c3ccccc3)nc2c1)c1ccc(Br)o1,50000.0,<rdkit.Chem.rdchem.Mol object at 0x000001F2C850D150>
O=C(Nc1ccc2nn(-c3ccccc3)nc2c1)c1ccc2c(c1)OCO2,6299.84,<rdkit.Chem.rdchem.Mol object at 0x000001F2C850D1C0>
O=C(Nc1ccc2oc(-c3ccc4ccccc4c3)nc2c1)c1cccs1,27735.78,<rdkit.Chem.rdchem.Mol object at 0x000001F2C850D230>
O=C(Nc1ccc2oc(-c3ccccc3F)nc2c1)c1cncc(Br)c1,15507.52,<rdkit.Chem.rdchem.Mol object at 0x000001F2C850D2A0>
O=C(Nc1cccc(-c2cn3cccnc3n2)c1)c1ccc2c(c1)OCO2,6674.21,<rdkit.Chem.rdchem.Mol object at 0x000001F2C850D310>
O=C(Nc1cccc(-c2cnc3ccccc3n2)c1)c1cccc(NC(=O)c2ccco2)c1,13131.83,<rdkit.Chem.rdchem.Mol object at 0x000001F2C850D380>
O=C(Nc1ccccc1[N+](=O)[O-])C1=C(O)CCn2c1nc1ccccc12,18587.7,<rdkit.Chem.rdchem.Mol object at 0x000001F2C850D3F0>
O=C(Nc1cnc2ccccc2c1)c1ccco1,50000.0,<rdkit.Chem.rdchem.Mol object at 0x000001F2C850D460>
O=C(Nc1cnn(C23CC4CC(CC(C4)C2)C3)c1)c1cnn2c(C(F)(F)F)cc(-c3ccco3)nc12,3639.79,<rdkit.Chem.rdchem.Mol object at 0x000001F2C850D4D0>
O=C(Nc1nc(-c2nc3ccccc3s2)cs1)C1COc2ccccc2O1,25091.32,<rdkit.Chem.rdchem.Mol object at 0x000001F2C850D540>
O=C(Nc1nc2ccccc2s1)c1cc2c(s1)-c1ccccc1OC2,50000.0,<rdkit.Chem.rdchem.Mol object at 0x000001F2C850D5B0>
O=C(O)/C=C/C=C/c1ccc(C2=C(c3ccc(O)cc3)CCOc3cc(F)ccc32)cc1,71.6,<rdkit.Chem.rdchem.Mol object at 0x000001F2C850D620>
O=C(O)/C=C/c1ccc(-c2c(-c3ccc(O)cc3)sc3cc(O)ccc23)cc1,10000.0,<rdkit.Chem.rdchem.Mol object at 0x000001F2C850D690>
O=C(O)/C=C/c1ccc(C(=C2C3CC4CC(C3)CC2C4)c2ccc(O)cc2)cc1,500.0,<rdkit.Chem.rdchem.Mol object at 0x000001F2C850D700>
O=C(O)/C=C/c1ccc(C(=O)c2c(-c3ccc(O)cc3)sc3cc(O)ccc23)cc1,10000.0,<rdkit.Chem.rdchem.Mol object at 0x000001F2C850D770>
O=C(O)/C=C/c1ccc(C2=C(c3ccc(O)cc3)CCOc3cc(F)ccc32)cc1,14.0,<rdkit.Chem.rdchem.Mol object at 0x000001F2C850D7E0>
O=C(O)/C=C/c1ccc(C2=C(c3ccc(O)cc3)CCOc3ccccc32)cc1,21.0,<rdkit.Chem.rdchem.Mol object at 0x000001F2C850D850>
O=C(O)/C=C/c1ccc(C2=C(c3ccc(O)cc3)CCSc3cc(F)ccc32)cc1,4.1,<rdkit.Chem.rdchem.Mol object at 0x000001F2C850D8C0>
O=C(O)/C=C/c1ccc(C2c3ccc(O)cc3CCN2Cc2ccccc2)cc1,63.0,<rdkit.Chem.rdchem.Mol object at 0x000001F2C850D930>
O=C(O)/C=C/c1ccc(C2c3ccc(O)cc3CCN2c2ccc(OC(F)(F)F)cc2)cc1,17.98,<rdkit.Chem.rdchem.Mol object at 0x000001F2C850D9A0>
O=C(O)/C=C/c1ccc(C2c3ccc(O)cc3CCN2c2ccccc2)cc1,37.85,<rdkit.Chem.rdchem.Mol object at 0x000001F2C850DA10>
O=C(O)/C=C/c1ccc(Cc2c(-c3ccc(C(F)(F)F)cc3)c(=O)oc3cc(O)ccc23)cc1,267.8,<rdkit.Chem.rdchem.Mol object at 0x000001F2C850DA80>
O=C(O)/C=C/c1ccc(Cc2c(-c3ccc(Cl)cc3)c(=O)oc3cc(O)ccc23)cc1,237.35,<rdkit.Chem.rdchem.Mol object at 0x000001F2C850DAF0>
O=C(O)/C=C/c1ccc(Cc2c(-c3ccc(F)cc3)c(=O)oc3cc(O)ccc23)cc1,644.5,<rdkit.Chem.rdchem.Mol object at 0x000001F2C850DB60>
O=C(O)/C=C/c1ccc(Cc2c(-c3ccc(F)cc3Cl)c(=O)oc3cc(O)ccc23)cc1,90.1,<rdkit.Chem.rdchem.Mol object at 0x000001F2C850DBD0>
O=C(O)/C=C/c1ccc(Cc2c(-c3ccc(F)cc3F)c(=O)oc3cc(O)ccc23)cc1,331.5,<rdkit.Chem.rdchem.Mol object at 0x000001F2C850DC40>
O=C(O)/C=C/c1ccc(Cc2c(-c3ccc(OC(F)(F)F)cc3)c(=O)oc3cc(F)ccc23)cc1,8200.0,<rdkit.Chem.rdchem.Mol object at 0x000001F2C850DCB0>
O=C(O)/C=C/c1ccc(Cc2c(-c3ccc(OC(F)(F)F)cc3)c(=O)oc3cc(O)ccc23)cc1,26.8,<rdkit.Chem.rdchem.Mol object at 0x000001F2C850DD20>
O=C(O)/C=C/c1ccc(Cc2c(-c3ccc(OC(F)(F)F)cc3)c(=O)oc3ccccc23)cc1,830.0,<rdkit.Chem.rdchem.Mol object at 0x000001F2C850DD90>
O=C(O)/C=C/c1ccc(Cc2c(-c3cccc(OC(F)(F)F)c3)c(=O)oc3cc(O)ccc23)cc1,857.95,<rdkit.Chem.rdchem.Mol object at 0x000001F2C850DE00>
O=C(O)/C=C/c1ccc(Cc2c(-c3ccccc3)c(=O)oc3cc(O)ccc23)cc1,1340.0,<rdkit.Chem.rdchem.Mol object at 0x000001F2C850DE70>
O=C(O)/C=C/c1ccc(Nc2c(-c3ccc(O)cc3)sc3cc(O)ccc23)cc1,10000.0,<rdkit.Chem.rdchem.Mol object at 0x000001F2C850DEE0>
O=C(O)/C=C/c1ccc(Oc2c(-c3cc(F)ccc3C(F)(F)F)sc3cc(O)ccc23)cc1,55.4,<rdkit.Chem.rdchem.Mol object at 0x000001F2C850DF50>
O=C(O)/C=C/c1ccc(Oc2c(-c3cc(F)ccc3CC(F)(F)F)sc3cc(O)ccc23)cc1,5.1,<rdkit.Chem.rdchem.Mol object at 0x000001F2C850DFC0>
O=C(O)/C=C/c1ccc(Oc2c(-c3ccc(C(F)(F)F)cc3)sc3cc(O)ccc23)cc1,941.0,<rdkit.Chem.rdchem.Mol object at 0x000001F2C850E030>
O=C(O)/C=C/c1ccc(Oc2c(-c3ccc(C(F)(F)F)cc3C(F)(F)F)sc3cc(O)ccc23)cc1,27.0,<rdkit.Chem.rdchem.Mol object at 0x000001F2C850E0A0>
O=C(O)/C=C/c1ccc(Oc2c(-c3ccc(C(F)F)cc3)sc3cc(O)ccc23)cc1,4028.5,<rdkit.Chem.rdchem.Mol object at 0x000001F2C850E110>
O=C(O)/C=C/c1ccc(Oc2c(-c3ccc(Cl)cc3)sc3cc(O)ccc23)cc1,1589.0,<rdkit.Chem.rdchem.Mol object at 0x000001F2C850E180>
O=C(O)/C=C/c1ccc(Oc2c(-c3ccc(F)cc3)sc3cc(O)ccc23)cc1,1823.0,<rdkit.Chem.rdchem.Mol object at 0x000001F2C850E1F0>
O=C(O)/C=C/c1ccc(Oc2c(-c3ccc(F)cc3C(F)(F)F)sc3cc(O)ccc23)cc1,6.5,<rdkit.Chem.rdchem.Mol object at 0x000001F2C850E260>
O=C(O)/C=C/c1ccc(Oc2c(-c3ccc(F)cc3CC(F)(F)F)sc3cc(O)ccc23)cc1,6.6,<rdkit.Chem.rdchem.Mol object at 0x000001F2C850E2D0>
O=C(O)/C=C/c1ccc(Oc2c(-c3ccc(F)cc3CN3CCCC3=O)sc3cc(O)ccc23)cc1,544.0,<rdkit.Chem.rdchem.Mol object at 0x000001F2C850E340>
O=C(O)/C=C/c1ccc(Oc2c(-c3ccc(O)c(F)c3)sc3cc(O)ccc23)cc1,223.0,<rdkit.Chem.rdchem.Mol object at 0x000001F2C850E3B0>
O=C(O)/C=C/c1ccc(Oc2c(-c3ccc(O)cc3)sc3c(F)c(O)c(F)cc23)cc1,87.0,<rdkit.Chem.rdchem.Mol object at 0x000001F2C850E420>
O=C(O)/C=C/c1ccc(Oc2c(-c3ccc(O)cc3)sc3c(F)c(O)ccc23)cc1,361.5,<rdkit.Chem.rdchem.Mol object at 0x000001F2C850E490>
O=C(O)/C=C/c1ccc(Oc2c(-c3ccc(O)cc3)sc3cc(O)ccc23)cc1,387.0,<rdkit.Chem.rdchem.Mol object at 0x000001F2C850E500>
O=C(O)/C=C/c1ccc(Oc2c(-c3ccc(O)cc3)sc3cc(O)ccc23)cn1,7750.0,<rdkit.Chem.rdchem.Mol object at 0x000001F2C850E570>
O=C(O)/C=C/c1ccc(Oc2c(-c3ccc(OC(F)(F)F)cc3)sc3cc(O)ccc23)cc1,641.5,<rdkit.Chem.rdchem.Mol object at 0x000001F2C850E5E0>
O=C(O)/C=C/c1ccc(Oc2c(-c3cccc(F)c3)sc3cc(O)ccc23)cc1,371.0,<rdkit.Chem.rdchem.Mol object at 0x000001F2C850E650>
O=C(O)/C=C/c1ccc(Oc2c(-c3cccc(F)c3C(F)(F)F)sc3cc(O)ccc23)cc1,13.6,<rdkit.Chem.rdchem.Mol object at 0x000001F2C850E6C0>
O=C(O)/C=C/c1ccc(Oc2c(-c3ccccc3)sc3cc(O)ccc23)cc1,1166.0,<rdkit.Chem.rdchem.Mol object at 0x000001F2C850E730>
O=C(O)/C=C/c1ccc(Oc2c(-c3ccccc3C(F)(F)F)sc3cc(O)ccc23)cc1,12.0,<rdkit.Chem.rdchem.Mol object at 0x000001F2C850E7A0>
O=C(O)/C=C/c1ccc(Oc2c(-c3ccccc3C(F)F)sc3cc(O)ccc23)cc1,28.1,<rdkit.Chem.rdchem.Mol object at 0x000001F2C850E810>
O=C(O)/C=C/c1ccc(Oc2c(-c3ccccc3C3CC3)sc3cc(O)ccc23)cc1,106.1,<rdkit.Chem.rdchem.Mol object at 0x000001F2C850E880>
O=C(O)/C=C/c1ccc(Oc2c(-c3ccccc3C3CCC3)sc3cc(O)ccc23)cc1,9.75,<rdkit.Chem.rdchem.Mol object at 0x000001F2C850E8F0>
O=C(O)/C=C/c1ccc(Oc2c(-c3ccccc3C3CCCC3)sc3cc(O)ccc23)cc1,7.2,<rdkit.Chem.rdchem.Mol object at 0x000001F2C850E960>
O=C(O)/C=C/c1ccc(Oc2c(-c3ccccc3C3COC3)sc3cc(O)ccc23)cc1,42.05,<rdkit.Chem.rdchem.Mol object at 0x000001F2C850E9D0>
O=C(O)/C=C/c1ccc(Oc2c(-c3ccccc3CC(F)(F)F)sc3cc(O)ccc23)cc1,6.1,<rdkit.Chem.rdchem.Mol object at 0x000001F2C850EA40>
O=C(O)/C=C/c1ccc(Oc2c(-c3ccccc3CN3CCC3)sc3cc(O)ccc23)cc1,158.5,<rdkit.Chem.rdchem.Mol object at 0x000001F2C850EAB0>
O=C(O)/C=C/c1ccc(Oc2c(-c3ccccc3CN3CCCC3)sc3cc(O)ccc23)cc1,29.0,<rdkit.Chem.rdchem.Mol object at 0x000001F2C850EB20>
O=C(O)/C=C/c1ccc(Oc2c(-c3ccccc3Cl)sc3cc(O)ccc23)cc1,206.5,<rdkit.Chem.rdchem.Mol object at 0x000001F2C850EB90>
O=C(O)/C=C/c1ccc(Oc2c(-c3ccccc3OC(F)(F)F)sc3cc(O)ccc23)cc1,22.8,<rdkit.Chem.rdchem.Mol object at 0x000001F2C850EC00>
O=C(O)/C=C/c1ccc(Oc2c(-c3ccccc3[N+](=O)[O-])sc3cc(O)ccc23)cc1,164.0,<rdkit.Chem.rdchem.Mol object at 0x000001F2C850EC70>
O=C(O)C(O)c1ccco1,50000.0,<rdkit.Chem.rdchem.Mol object at 0x000001F2C850ECE0>
O=C(O)C1Nc2c(C(=O)N3CCOCC3)cccc2C2C=CCC12,15883.27,<rdkit.Chem.rdchem.Mol object at 0x000001F2C850ED50>
O=C(O)CCCCCCC(=O)Nc1ccc(C2=C(c3ccc(O)cc3)C3CC(S(=O)(=O)N(CC(F)(F)F)c4ccccc4)C2O3)cc1,5900.0,<rdkit.Chem.rdchem.Mol object at 0x000001F2C850EDC0>
O=C(O)CCCCCCC(=O)Nc1ccc(C2=C(c3ccc(O)cc3)C3CC(S(=O)(=O)Oc4ccc(Br)cc4)C2O3)cc1,1700.0,<rdkit.Chem.rdchem.Mol object at 0x000001F2C850EE30>
O=C(O)CCCCCCC(=O)Nc1ccc(C2=C(c3ccc(O)cc3)C3CC(S(=O)(=O)Oc4ccc(C(F)(F)F)cc4)C2O3)cc1,790.0,<rdkit.Chem.rdchem.Mol object at 0x000001F2C850EEA0>
O=C(O)CCCCCCC(=O)Nc1ccc(C2=C(c3ccc(O)cc3)C3CC(S(=O)(=O)Oc4ccc5ccccc5c4)C2O3)cc1,920.0,<rdkit.Chem.rdchem.Mol object at 0x000001F2C850EF10>
O=C(O)CCCCCCC(=O)Nc1ccc(C2=C(c3ccc(O)cc3)C3CC(S(=O)(=O)Oc4cccc5ccccc45)C2O3)cc1,130.0,<rdkit.Chem.rdchem.Mol object at 0x000001F2C850EF80>
O=C(O)CCCCCCC(=O)Nc1ccc(C2=C(c3ccc(O)cc3)C3CC(S(=O)(=O)Oc4ccccc4)C2O3)cc1,1210.0,<rdkit.Chem.rdchem.Mol object at 0x000001F2C850EFF0>
O=C(O)CCCCCCC(=O)Nc1ccc(C2=C(c3ccc(O)cc3)C3CC(S(=O)(=O)Oc4ccccc4C(F)(F)F)C2O3)cc1,640.0,<rdkit.Chem.rdchem.Mol object at 0x000001F2C850F060>
O=C(O)CCCCCCC(=O)Nc1ccc(C2=C(c3ccc(O)cc3)C3CC(S(=O)(=O)Oc4ccccc4O)C2O3)cc1,140.0,<rdkit.Chem.rdchem.Mol object at 0x000001F2C850F0D0>
O=C(O)CCCCCCC(=O)Nc1ccc(OS(=O)(=O)C2CC3OC2C(c2ccc(O)cc2)=C3c2ccc(O)cc2)cc1,50.0,<rdkit.Chem.rdchem.Mol object at 0x000001F2C850F140>
O=C(O)CCCOc1ccc(/C(=C/CCc2ccccc2)c2ccc(O)cc2)cc1,235.0,<rdkit.Chem.rdchem.Mol object at 0x000001F2C850F1B0>
O=C(O)CCCOc1ccc(/C(=C/CCc2ccccc2)c2cccc(O)c2)cc1,1700.0,<rdkit.Chem.rdchem.Mol object at 0x000001F2C850F220>
O=C(O)CCCOc1ccc(C2=C(c3ccc(O)cc3)CCOc3cc(F)ccc32)cc1,147.0,<rdkit.Chem.rdchem.Mol object at 0x000001F2C850F290>
O=C(O)CCN1CCC2(CC1)C(=O)Nc1cc(/C=C3\c4ccccc4COc4cc(F)ccc43)ccc12,12000.0,<rdkit.Chem.rdchem.Mol object at 0x000001F2C850F300>
O=C(O)CCN1CCc2c([nH]c3ccccc23)C1c1ccc(Cl)cc1,8759.595,<rdkit.Chem.rdchem.Mol object at 0x000001F2C850F370>
O=C(O)CCOc1ccc([C@@H]2Oc3cc(O)ccc3C3=C2c2ccc(O)cc2OCC3)cc1,580.0,<rdkit.Chem.rdchem.Mol object at 0x000001F2C850F3E0>
O=C(O)CCOc1ccc([C@H]2Oc3cc(O)ccc3C3=C2c2ccc(O)cc2OCC3)cc1,120.0,<rdkit.Chem.rdchem.Mol object at 0x000001F2C850F450>
O=C(O)CCc1cc(Br)c(OCc2cccc(Br)c2)c(Br)c1,29000.0,<rdkit.Chem.rdchem.Mol object at 0x000001F2C850F4C0>
O=C(O)CCc1ccc(Oc2c(-c3ccc(O)cc3)sc3cc(O)ccc23)cc1,244.0,<rdkit.Chem.rdchem.Mol object at 0x000001F2C850F530>
O=C(O)COc1ccc(C2=C(c3ccc(O)cc3)CCOc3cc(F)ccc32)cc1,634.0,<rdkit.Chem.rdchem.Mol object at 0x000001F2C850F5A0>
O=C(O)c1cc(-c2ccco2)nc2ccc(Br)cc12,47639.82,<rdkit.Chem.rdchem.Mol object at 0x000001F2C850F610>
O=C(O)c1cc(-c2ccco2)nc2ccccc12,23428.56,<rdkit.Chem.rdchem.Mol object at 0x000001F2C850F680>
O=C(O)c1cc(O)cc2nc(-c3ccc(O)cc3)oc12,5000.0,<rdkit.Chem.rdchem.Mol object at 0x000001F2C850F6F0>
O=C(O)c1ccc2c(c1)CCCC(CC1CCC1)=C2c1ccc(CC2CN(CCCF)C2)cc1,0.2,<rdkit.Chem.rdchem.Mol object at 0x000001F2C850F760>
O=C(O)c1ccc2c(c1)CCCC(c1cc(C(F)(F)F)ccc1C(F)(F)F)=C2c1ccc(C=C2CN(CCCF)C2)cc1,0.2,<rdkit.Chem.rdchem.Mol object at 0x000001F2C850F7D0>
O=C(O)c1ccc2c(c1)CCCC(c1ccc(C(F)(F)F)cc1Cl)=C2c1ccc(C=C2CN(CCCF)C2)cc1,0.1,<rdkit.Chem.rdchem.Mol object at 0x000001F2C850F840>
O=C(O)c1ccc2c(c1)CCCC(c1ccc(Cl)c(F)c1)=C2c1ccc(O[C@H]2CCN(CCCF)C2)cc1,2857.0,<rdkit.Chem.rdchem.Mol object at 0x000001F2C850F8B0>
O=C(O)c1ccc2c(c1)CCCC(c1ccc(Cl)cc1)=C2c1ccc(O[C@H]2CCN(CCCF)C2)cc1,162.0,<rdkit.Chem.rdchem.Mol object at 0x000001F2C850F920>
O=C(O)c1ccc2c(c1)CCCC(c1ccc(Cl)cc1Cl)=C2c1ccc(O[C@H]2CCN(CCCF)C2)cc1,37.45,<rdkit.Chem.rdchem.Mol object at 0x000001F2C850F990>
O=C(O)c1ccc2c(c1)CCCC(c1ccc(O)cc1)=C2c1ccc(O[C@H]2CCN(CCCF)C2)cc1,338.0,<rdkit.Chem.rdchem.Mol object at 0x000001F2C850FA00>
O=C(O)c1ccc2c(c1)CCCC(c1ccc(OC(F)(F)F)cc1)=C2c1ccc(O[C@H]2CCN(CCCF)C2)cc1,2563.0,<rdkit.Chem.rdchem.Mol object at 0x000001F2C850FA70>
O=C(O)c1ccc2c(c1)CCCC(c1ccc(OC(F)(F)F)cc1F)=C2c1ccc(O[C@H]2CCN(CCCF)C2)cc1,787.0,<rdkit.Chem.rdchem.Mol object at 0x000001F2C850FAE0>
O=C(O)c1ccc2c(c1)CCCC(c1ccc(SC(F)(F)F)cc1)=C2c1ccc(O[C@H]2CCN(CCCF)C2)cc1,29.0,<rdkit.Chem.rdchem.Mol object at 0x000001F2C850FB50>
O=C(O)c1ccc2c(c1)CCCC(c1ccc3ocnc3c1)=C2c1ccc(O[C@H]2CCN(CCCF)C2)cc1,1094.0,<rdkit.Chem.rdchem.Mol object at 0x000001F2C850FBC0>
O=C(O)c1ccc2c(c1)CCCC(c1cccc(Cl)c1C(F)(F)F)=C2c1ccc(CC2CN(CCCF)C2)cc1,0.1,<rdkit.Chem.rdchem.Mol object at 0x000001F2C850FC30>
O=C(O)c1ccc2c(c1)CCCC(c1cccc(F)c1C(F)(F)F)=C2c1ccc(CC2CN(CCC(F)F)C2)cc1,0.2,<rdkit.Chem.rdchem.Mol object at 0x000001F2C850FCA0>
O=C(O)c1ccc2c(c1)CCCC(c1cccc(F)c1C(F)(F)F)=C2c1ccc(CC2CN(CCCF)C2)cc1,0.1,<rdkit.Chem.rdchem.Mol object at 0x000001F2C850FD10>
O=C(O)c1ccc2c(c1)CCCC(c1cccc(F)c1Cl)=C2c1ccc(O[C@H]2CCN(CCCF)C2)cc1,632.0,<rdkit.Chem.rdchem.Mol object at 0x000001F2C850FD80>
O=C(O)c1ccc2c(c1)CCCC(c1ccccc1)=C2c1ccc(O[C@H]2CCN(CCCF)C2)cc1,779.0,<rdkit.Chem.rdchem.Mol object at 0x000001F2C850FDF0>
O=C(O)c1ccc2c(c1)CCCC(c1ccccc1Cl)=C2c1ccc(O[C@H]2CCN(CCCF)C2)cc1,443.0,<rdkit.Chem.rdchem.Mol object at 0x000001F2C850FE60>
O=C(O)c1ccc2c(c1)[C@@H]1C=CC[C@@H]1[C@H](c1ccccn1)N2,9532.91,<rdkit.Chem.rdchem.Mol object at 0x000001F2C850FED0>
O=C(O)c1ccc2c(c1F)CCCC(c1ccc(Cl)cc1Cl)=C2c1ccc(O[C@H]2CCN(CCCF)C2)cc1,1111.0,<rdkit.Chem.rdchem.Mol object at 0x000001F2C850FF40>
O=C(O)c1ccc2c(c1F)CCCC(c1ccc(Cl)cc1F)=C2c1ccc(O[C@H]2CCN(CCCF)C2)cc1,334.0,<rdkit.Chem.rdchem.Mol object at 0x000001F2C84FC040>
O=C(O)c1ccc2c(c1F)CCCC(c1ccc(F)cc1Cl)=C2c1ccc(O[C@H]2CCN(CCCF)C2)cc1,23.0,<rdkit.Chem.rdchem.Mol object at 0x000001F2C84FC0B0>
O=C(OC(c1ccccc1)c1ccccc1)c1ccc(O)cc1,2550.0,<rdkit.Chem.rdchem.Mol object at 0x000001F2C84FC120>
O=C(OCn1nnc2ccccc2c1=O)c1cn(-c2ccccc2)nc1-c1cccnc1,50000.0,<rdkit.Chem.rdchem.Mol object at 0x000001F2C84FC190>
O=C(Oc1ccc(N2C(=O)CCC2=O)cc1)c1ccco1,50000.0,<rdkit.Chem.rdchem.Mol object at 0x000001F2C84FC200>
O=C(Oc1ccc2c(-c3ccccc3)cc(=O)oc2c1)c1ccco1,2320.0,<rdkit.Chem.rdchem.Mol object at 0x000001F2C84FC270>
O=C(c1cc(-c2ccco2)on1)N1CCCc2ccccc21,50000.0,<rdkit.Chem.rdchem.Mol object at 0x000001F2C84FC2E0>
O=C(c1cc(-c2ccco2)on1)N1CCc2ccccc2C1,32511.45,<rdkit.Chem.rdchem.Mol object at 0x000001F2C84FC430>
O=C(c1cc2ncc(Br)cn2n1)N1CCN(C(=O)c2ccco2)CC1,17909.79,<rdkit.Chem.rdchem.Mol object at 0x000001F2C84FC350>
O=C(c1ccc(F)cc1)c1sc2cc(O)ccc2c1Oc1ccc(OCCN2CC(CF)C2)cc1,14.615,<rdkit.Chem.rdchem.Mol object at 0x000001F2C84FC3C0>
O=C(c1ccc(N2CCN(C(=O)c3ccc(Cl)cc3)CC2)cc1)c1c(-c2ccc(O)cc2)sc2cc(O)ccc12,0.5,<rdkit.Chem.rdchem.Mol object at 0x000001F2C84FC4A0>
O=C(c1ccc(N2CCN(C(=O)c3ccc([N+](=O)[O-])cc3)CC2)cc1)c1c(-c2ccc(O)cc2)sc2cc(O)ccc12,2.15,<rdkit.Chem.rdchem.Mol object at 0x000001F2C84FC5F0>
O=C(c1ccc(N2CCN(C(=O)c3cccc(Cl)c3)CC2)cc1)c1c(-c2ccc(O)cc2)sc2cc(O)ccc12,0.46,<rdkit.Chem.rdchem.Mol object at 0x000001F2C84FC510>
O=C(c1ccc(N2CCN(C(=O)c3cccc(O)c3)CC2)cc1)c1c(-c2ccc(O)cc2)sc2cc(O)ccc12,1.39,<rdkit.Chem.rdchem.Mol object at 0x000001F2C84FC6D0>
O=C(c1ccc(N2CCN(C(=O)c3ccccc3)CC2)cc1)c1c(-c2ccc(O)cc2)sc2cc(O)ccc12,0.86,<rdkit.Chem.rdchem.Mol object at 0x000001F2C84FC580>
O=C(c1ccc(N2CCN(C(=O)c3ccccc3Cl)CC2)cc1)c1c(-c2ccc(O)cc2)sc2cc(O)ccc12,1.72,<rdkit.Chem.rdchem.Mol object at 0x000001F2C84FC660>
O=C(c1ccc(N2CCN(C(=O)c3ccccc3O)CC2)cc1)c1c(-c2ccc(O)cc2)sc2cc(O)ccc12,3.05,<rdkit.Chem.rdchem.Mol object at 0x000001F2C84FC820>
O=C(c1ccc(N2CCN(C(=O)c3ccccc3[N+](=O)[O-])CC2)cc1)c1c(-c2ccc(O)cc2)sc2cc(O)ccc12,3.58,<rdkit.Chem.rdchem.Mol object at 0x000001F2C84FC740>
O=C(c1ccc(N2CCN(C(=O)c3ccco3)CC2)cc1)c1c(-c2ccc(O)cc2)sc2cc(O)ccc12,2.65,<rdkit.Chem.rdchem.Mol object at 0x000001F2C84FC7B0>
O=C(c1ccc(N2CCN(C(=O)c3ccncc3)CC2)cc1)c1c(-c2ccc(O)cc2)sc2cc(O)ccc12,14.46,<rdkit.Chem.rdchem.Mol object at 0x000001F2C84FC890>
O=C(c1ccc(N2CCN(C3CCCC3)CC2)cc1)c1c(-c2ccc(O)cc2)sc2cc(O)ccc12,1.08,<rdkit.Chem.rdchem.Mol object at 0x000001F2C84FC900>
O=C(c1ccc(N2CCN(Cc3ccccc3)CC2)cc1)c1c(-c2ccc(O)cc2)sc2cc(O)ccc12,0.97,<rdkit.Chem.rdchem.Mol object at 0x000001F2C84FC970>
O=C(c1ccc(N2CCN(c3ccc(Cl)cc3)CC2)cc1)c1c(-c2ccc(O)cc2)sc2cc(O)ccc12,0.22,<rdkit.Chem.rdchem.Mol object at 0x000001F2C84FCAC0>
O=C(c1ccc(N2CCN(c3ccc([N+](=O)[O-])cc3)CC2)cc1)c1c(-c2ccc(O)cc2)sc2cc(O)ccc12,0.43,<rdkit.Chem.rdchem.Mol object at 0x000001F2C84FC9E0>
O=C(c1ccc(O)cc1)c1ccc(O)cc1,31000.0,<rdkit.Chem.rdchem.Mol object at 0x000001F2C84FCA50>
O=C(c1ccc(O)cc1)c1sc2cc(O)ccc2c1Oc1ccc(OCCN2CC(CF)C2)cc1,36.064,<rdkit.Chem.rdchem.Mol object at 0x000001F2C84FCB30>
O=C(c1ccc(OCCN2C(=O)CCC2=O)cc1)c1c(-c2ccc(O)cc2)oc(=O)c2cc(O)ccc12,50.375,<rdkit.Chem.rdchem.Mol object at 0x000001F2C84FCBA0>
O=C(c1ccc(OCCN2C=Cc3ccccc3C2)cc1)c1c(-c2ccc(O)cc2)oc(=O)c2cc(O)ccc12,50.355,<rdkit.Chem.rdchem.Mol object at 0x000001F2C84FCC10>
O=C(c1ccc(OCCN2CCCCC2)cc1)c1c(-c2ccc(Cl)cc2)sc2cc(O)ccc12,0.046,<rdkit.Chem.rdchem.Mol object at 0x000001F2C84FCC80>
O=C(c1ccc(OCCN2CCCCC2)cc1)c1c(-c2ccc(O)cc2)sc2cc(O)ccc12,1.8,<rdkit.Chem.rdchem.Mol object at 0x000001F2C84FCCF0>
O=C(c1ccc(OCCN2CCCCC2)cc1)c1c(-c2ccc(O)cc2)sc2cccc(O)c12,0.002,<rdkit.Chem.rdchem.Mol object at 0x000001F2C84FCD60>
O=C(c1cccc(F)c1)N1CCN(C(=O)c2cc3ncc(Br)cn3n2)CC1,33362.98,<rdkit.Chem.rdchem.Mol object at 0x000001F2C84FCDD0>
O=C(c1ccccc1)N1CCc2cc(O)ccc2C1c1ccc(OCCN2CCCC2)cc1,562.0,<rdkit.Chem.rdchem.Mol object at 0x000001F2C84FCE40>
O=C(c1ccccc1)N1Cc2cc(O)ccc2C(c2ccc(O)cc2)C1,160.0,<rdkit.Chem.rdchem.Mol object at 0x000001F2C84FCEB0>
O=C(c1ccccc1)c1ccc2[nH]c(-c3cc4ccccc4[nH]3)nc2c1,46.88,<rdkit.Chem.rdchem.Mol object at 0x000001F2C84FCF20>
O=C(c1ccccc1)c1sc2cc(O)ccc2c1Oc1ccc(OC2CN(CCCF)C2)cc1,0.60395,<rdkit.Chem.rdchem.Mol object at 0x000001F2C84FCF90>
O=C(c1ccccc1)c1sc2cc(O)ccc2c1Oc1ccc(OCCN2CC(CF)C2)cc1,2.6614999999999998,<rdkit.Chem.rdchem.Mol object at 0x000001F2C84FD000>
O=C1C(c2ccc(O)cc2)=C(Br)c2c(O)cc(O)cc21,710.0,<rdkit.Chem.rdchem.Mol object at 0x000001F2C84FD070>
O=C1C(c2ccc(O)cc2)=C(Br)c2cc(O)ccc21,5.2,<rdkit.Chem.rdchem.Mol object at 0x000001F2C84FD0E0>
O=C1C(c2ccc(O)cc2)=C(Br)c2ccc(O)cc21,290.0,<rdkit.Chem.rdchem.Mol object at 0x000001F2C84FD230>
O=C1C(c2ccc(O)cc2)=C(O)c2cc(O)cc(O)c21,5000.0,<rdkit.Chem.rdchem.Mol object at 0x000001F2C84FD150>
O=C1C(c2ccc(O)cc2)=C(O)c2ccc(O)cc21,5000.0,<rdkit.Chem.rdchem.Mol object at 0x000001F2C84FD1C0>
O=C1C(c2ccc(O)cc2)=C(c2ccccc2)c2c(O)cc(O)cc21,47.0,<rdkit.Chem.rdchem.Mol object at 0x000001F2C84FD2A0>
O=C1C(c2ccc(O)cc2)=C(c2ccccc2)c2cc(O)cc(O)c21,3.0,<rdkit.Chem.rdchem.Mol object at 0x000001F2C84FD310>
O=C1C(c2ccc(O)cc2)=C(c2ccccc2)c2cc(O)ccc21,10.0,<rdkit.Chem.rdchem.Mol object at 0x000001F2C84FD380>
O=C1C(c2ccc(O)cc2)=C(c2ccccc2)c2ccc(O)cc21,9.0,<rdkit.Chem.rdchem.Mol object at 0x000001F2C84FD3F0>
O=C1C2CC=C(Cl)CC2C(=O)N1CCCCCCN1C(=O)C2CC=C(Cl)CC2C1=O,24701.66,<rdkit.Chem.rdchem.Mol object at 0x000001F2C84FD460>
O=C1C=C2c3ccc(O)cc3CC2(Cc2ccccc2)CC1,10000.0,<rdkit.Chem.rdchem.Mol object at 0x000001F2C84FD4D0>
O=C1C=C2c3ccc(O)cc3CC2CC1,10000.0,<rdkit.Chem.rdchem.Mol object at 0x000001F2C84FD540>
O=C1C=C2c3ccc4[nH]ncc4c3CC2(Cc2ccccc2)CC1,6950.0,<rdkit.Chem.rdchem.Mol object at 0x000001F2C84FD5B0>
O=C1CC(/C=C/c2ccco2)=Nc2ccccc2N1,50000.0,<rdkit.Chem.rdchem.Mol object at 0x000001F2C84FD620>
O=C1CC(c2ccc(F)cc2)Cc2nc(NCC3CCCO3)ncc21,50000.0,<rdkit.Chem.rdchem.Mol object at 0x000001F2C84FD690>
O=C1CC(c2ccco2)CC(O)=C1/C=N/c1cc(Cl)ccc1O,43806.6,<rdkit.Chem.rdchem.Mol object at 0x000001F2C84FD700>
O=C1CCC(=O)N1CCCOc1ccc([C@@H]2Oc3cc(O)ccc3C3=C2c2ccc(O)cc2OCC3)cc1,40.97,<rdkit.Chem.rdchem.Mol object at 0x000001F2C84FD850>
O=C1CCC(=O)N1CCCOc1ccc([C@H]2Oc3cc(O)ccc3C3=C2c2ccc(O)cc2OCC3)cc1,2.63,<rdkit.Chem.rdchem.Mol object at 0x000001F2C84FD770>
O=C1CCC(=O)N1CCOc1ccc([C@@H]2Oc3cc(O)ccc3C3=C2c2ccc(O)cc2OCC3)cc1,6.2,<rdkit.Chem.rdchem.Mol object at 0x000001F2C84FD7E0>
O=C1CCC(=O)N1CCOc1ccc([C@H]2Oc3cc(O)ccc3C3=C2c2ccc(O)cc2OCC3)cc1,4.8,<rdkit.Chem.rdchem.Mol object at 0x000001F2C84FD8C0>
O=C1CCC(N2Cc3cc(N4CCN(CCC5(O)CC(Oc6ccc([C@@H]7c8ccc(O)cc8CC[C@@H]7c7ccccc7)cc6)C5)CC4)cc(OC(F)F)c3C2=O)C(=O)N1,0.5,<rdkit.Chem.rdchem.Mol object at 0x000001F2C84FD930>
O=C1CCC2(Cc3ccc(Cl)cc3)Cc3cc(O)ccc3C2=C1c1ccc(OCCN2CCCCC2)cc1,564.5,<rdkit.Chem.rdchem.Mol object at 0x000001F2C84FD9A0>
O=C1CCC2(Cc3ccccc3)Cc3c(ccc4[nH]ncc34)C2=C1c1ccc(OCCN2CCCCC2)cc1,365.0,<rdkit.Chem.rdchem.Mol object at 0x000001F2C84FDA10>
O=C1CCC2(Cc3ccccc3)Cc3cc(O)ccc3C2=C1c1ccc(O)cc1,124.5,<rdkit.Chem.rdchem.Mol object at 0x000001F2C84FDA80>
O=C1CCC2(Cc3ccccc3)Cc3cc(O)ccc3C2=C1c1ccc(OCCN2CCCCC2)cc1,201.0,<rdkit.Chem.rdchem.Mol object at 0x000001F2C84FDAF0>
O=C1CCC2(Cc3ccccc3)Cc3cc(O)ccc3C2=C1c1ccc(OCCN2CCOCC2)cc1,367.5,<rdkit.Chem.rdchem.Mol object at 0x000001F2C84FDB60>
O=C1CCC2(c3ccccc3)Cc3cc(O)ccc3C2=C1Br,113.0,<rdkit.Chem.rdchem.Mol object at 0x000001F2C84FDBD0>
O=C1CCC2(c3ccccc3)Cc3cc(O)ccc3C2=C1c1ccco1,389.0,<rdkit.Chem.rdchem.Mol object at 0x000001F2C84FDC40>
O=C1CCC2=C1C(c1cc3ccccc3n1Cc1ccccc1)C1=C(CCC1=O)O2,51190.0,<rdkit.Chem.rdchem.Mol object at 0x000001F2C84FDCB0>
O=C1CC[C@@]2(CC3CC3)Cc3c(ccc4[nH]ncc34)C2=C1Br,230.0,<rdkit.Chem.rdchem.Mol object at 0x000001F2C84FDD20>
O=C1CC[C@@]2(CCC3CC3)Cc3c(ccc4[nH]ncc34)C2=C1Br,229.0,<rdkit.Chem.rdchem.Mol object at 0x000001F2C84FDD90>
O=C1COc2ccc(C3=C(c4ccc(O[C@H]5CCN(CCCF)C5)cc4)c4ccc(O)cc4CCC3)cc2N1,916.0,<rdkit.Chem.rdchem.Mol object at 0x000001F2C84FDE00>
O=C1C[C@@H](c2ccc(O)cc2)Oc2c(Cc3ccccc3)c(O)cc(O)c21,503.0,<rdkit.Chem.rdchem.Mol object at 0x000001F2C84FDE70>
O=C1C[C@@H](c2ccc(O)cc2)Oc2cc(O)cc(O)c21,75302.0,<rdkit.Chem.rdchem.Mol object at 0x000001F2C84FDEE0>
O=C1C[C@H](c2ccc(O)cc2)N1c1ccc(O)cc1,13000.0,<rdkit.Chem.rdchem.Mol object at 0x000001F2C84FDF50>
O=C1N(c2ccc(O)cc2)[C@@H](c2ccc(O)cc2)C1(c1ccccc1)c1ccccc1,40.0,<rdkit.Chem.rdchem.Mol object at 0x000001F2C84FDFC0>
O=C1NC(c2ccc(Br)cc2)Nc2sc3c(c21)CCC3,19409.03,<rdkit.Chem.rdchem.Mol object at 0x000001F2C84FE110>
O=C1NN(c2ccc(Cl)c(Cl)c2)C(=O)/C1=C/c1cccc(OC(=O)c2cccs2)c1,50000.0,<rdkit.Chem.rdchem.Mol object at 0x000001F2C84FE030>
O=C1NN(c2ccc(Cl)c(Cl)c2)C(=O)C1Cc1c[nH]c2ccccc12,2460.0,<rdkit.Chem.rdchem.Mol object at 0x000001F2C84FE0A0>
O=C1Nc2ccccc2SC(c2ccccc2)C1O,3016.42,<rdkit.Chem.rdchem.Mol object at 0x000001F2C84FE180>
O=C1OC(c2ccc(O)cc2)(c2ccc(O)cc2)c2ccccc21,3700.0,<rdkit.Chem.rdchem.Mol object at 0x000001F2C84FE1F0>
O=C1Oc2cc(O)cc(Cc3ccccc3)c2CC1c1ccc(Cl)cc1,120.0,<rdkit.Chem.rdchem.Mol object at 0x000001F2C84FE260>
O=C1[C@@H](Oc2ccccc2)[C@H](c2ccc(O)cc2)N1c1ccc(O)cc1,140.0,<rdkit.Chem.rdchem.Mol object at 0x000001F2C84FE2D0>
O=C1[C@@H](c2ccc(O)cc2)[C@H](c2ccc(O)cc2)N1c1ccc(O)cc1,1250.0,<rdkit.Chem.rdchem.Mol object at 0x000001F2C84FE340>
O=C1[C@@H](c2ccc3ccccc3c2)[C@H](c2ccc(O)cc2)N1c1ccc(O)cc1,150.0,<rdkit.Chem.rdchem.Mol object at 0x000001F2C84FE3B0>
O=C1[C@@H](c2ccccc2)[C@H](c2ccc(O)cc2)N1c1ccc(O)cc1,230.0,<rdkit.Chem.rdchem.Mol object at 0x000001F2C84FE420>
O=C1c2c(Cl)cc(O)cc2O[C@H](c2ccc(OCCN3CCCCC3)cc2)[C@@H]1c1ccc(O)cc1,58.0,<rdkit.Chem.rdchem.Mol object at 0x000001F2C84FE490>
O=C1c2c(F)cc(O)cc2O[C@H](c2ccc(OCCN3CCCCC3)cc2)[C@@H]1c1ccc(O)cc1,105.0,<rdkit.Chem.rdchem.Mol object at 0x000001F2C84FE500>
O=C1c2cc(O)cc(Br)c2C(=O)N1c1ccc(O)cc1,36.0,<rdkit.Chem.rdchem.Mol object at 0x000001F2C84FE570>
O=C1c2cc(O)ccc2-c2c1c1ccc(O)cc1c(=O)n2-c1ccc(OCCN2CCCC2)cc1,7200.0,<rdkit.Chem.rdchem.Mol object at 0x000001F2C84FE5E0>
O=C1c2cc(O)ccc2-c2c1c1ccc(O)cc1c(=O)n2-c1ccc(OCCN2CCCCC2)cc1,3400.0,<rdkit.Chem.rdchem.Mol object at 0x000001F2C84FE650>
O=C1c2cc(O)ccc2-c2c1c1ccc(O)cc1c(=O)n2-c1ccc(OCCN2CCOCC2)cc1,19800.0,<rdkit.Chem.rdchem.Mol object at 0x000001F2C84FE6C0>
O=C1c2ccc(O)cc2C(=O)N1[C@H]1CC[C@H](O)CC1,5000.0,<rdkit.Chem.rdchem.Mol object at 0x000001F2C84FE810>
O=C1c2ccc(O)cc2C(=O)N1c1cc(O)cc(O)c1,5000.0,<rdkit.Chem.rdchem.Mol object at 0x000001F2C84FE730>
O=C1c2ccc(O)cc2C(=O)N1c1ccc(O)c2ccccc12,2640.0,<rdkit.Chem.rdchem.Mol object at 0x000001F2C84FE7A0>
O=C1c2ccc(O)cc2C(=O)N1c1ccc(O)cc1,84.0,<rdkit.Chem.rdchem.Mol object at 0x000001F2C84FE880>
O=C1c2ccc(O)cc2C(=O)N1c1ccc(O)cc1F,53.0,<rdkit.Chem.rdchem.Mol object at 0x000001F2C84FE8F0>
O=C1c2ccc(O)cc2C(=O)N1c1ccc(O)cc1[N+](=O)[O-],21.0,<rdkit.Chem.rdchem.Mol object at 0x000001F2C84FE960>
O=C1c2ccc(O)cc2C(=O)N1c1cccc(O)c1,2900.0,<rdkit.Chem.rdchem.Mol object at 0x000001F2C84FEAB0>
O=C1c2ccc(O)cc2C(=O)N1c1cccc2c(O)cccc12,802.0,<rdkit.Chem.rdchem.Mol object at 0x000001F2C84FE9D0>
O=C1c2ccc(O)cc2C(=O)N1c1ccccc1,2700.0,<rdkit.Chem.rdchem.Mol object at 0x000001F2C84FEA40>
O=C1c2ccc(O)cc2C(=O)c2ccc(O)cc21,1100.0,<rdkit.Chem.rdchem.Mol object at 0x000001F2C84FEB20>
O=C1c2ccc(O)cc2O[C@H](c2ccc(O)cc2)[C@@H]1c1ccc(O)cc1,490.0,<rdkit.Chem.rdchem.Mol object at 0x000001F2C84FEB90>
O=C1c2ccc(O)cc2O[C@H](c2ccc(OCCN3CCCCC3)cc2)[C@@H]1c1ccc(O)cc1,35.0,<rdkit.Chem.rdchem.Mol object at 0x000001F2C84FECE0>
O=C1c2ccc(O)cc2O[C@H](c2ccc(OCCN3CCCCC3)cc2)[C@@H]1c1ccccc1,531.0,<rdkit.Chem.rdchem.Mol object at 0x000001F2C84FEC00>
O=C1c2ccc(O)cc2O[C@H](c2ccc(OCCN3CCCCC3)cc2)[C@H]1c1ccc(O)cc1,49.0,<rdkit.Chem.rdchem.Mol object at 0x000001F2C84FEC70>
O=C1c2ccc(OCCN3CCCCC3)cc2C(=O)C12C(c1ccc(O)cc1)=Cc1cc(O)ccc12,172.0,<rdkit.Chem.rdchem.Mol object at 0x000001F2C84FED50>
O=C1c2ccccc2C(=O)C12C(c1ccc(O)cc1)=Cc1cc(O)ccc12,91.0,<rdkit.Chem.rdchem.Mol object at 0x000001F2C84FEDC0>
O=C1c2ccccc2C(=O)C12C(c1cccc(O)c1)=Cc1cc(O)ccc12,366.0,<rdkit.Chem.rdchem.Mol object at 0x000001F2C84FEE30>
O=C1c2ccccc2C(=O)N1c1ccc(O)cc1,10000.0,<rdkit.Chem.rdchem.Mol object at 0x000001F2C84FEEA0>
O=C1c2ccccc2C(=O)N1c1ccc2[nH]c(-c3ccc(Br)o3)nc2c1,8956.26,<rdkit.Chem.rdchem.Mol object at 0x000001F2C84FEF10>
O=C1c2ccccc2C(c2ccc(O)cc2)(c2ccc(O)cc2)N1c1ccccc1,250000.0,<rdkit.Chem.rdchem.Mol object at 0x000001F2C84FEF80>
O=C1c2ccccc2NC2=NCCCCN12,50000.0,<rdkit.Chem.rdchem.Mol object at 0x000001F2C84FEFF0>
O=C1c2ccccc2O[C@H](c2ccc(OCCN3CCCCC3)cc2)[C@@H]1c1ccc(O)cc1,179.0,<rdkit.Chem.rdchem.Mol object at 0x000001F2C84FF060>
O=Cc1cc(-c2ccc(O)c(F)c2)cc2ccc(O)cc12,231.0,<rdkit.Chem.rdchem.Mol object at 0x000001F2C84FF0D0>
O=Cc1cc(O)cc2cc(-c3ccc(O)cc3)oc12,263.0,<rdkit.Chem.rdchem.Mol object at 0x000001F2C84FF140>
O=Cc1cc(O)cc2ccc(-c3ccc(O)c(F)c3)cc12,73.0,<rdkit.Chem.rdchem.Mol object at 0x000001F2C84FF1B0>
O=Cc1cc(O)cc2nc(-c3ccc(O)cc3)oc12,2638.0,<rdkit.Chem.rdchem.Mol object at 0x000001F2C84FF220>
O=Cc1ccc(C2=C(c3ccc(O)cc3)CCOc3cc(F)ccc32)cc1,407.0,<rdkit.Chem.rdchem.Mol object at 0x000001F2C84FF290>
O=Cc1ccc2oc3nc4n(c(=O)c3c(=O)c2c1)CCCS4,17800.63,<rdkit.Chem.rdchem.Mol object at 0x000001F2C84FF300>
O=Cc1cn(-c2ccccc2)nc1-c1cc2c(ccc3ccccc32)oc1=O,19621.4,<rdkit.Chem.rdchem.Mol object at 0x000001F2C84FF370>
O=P(O)(O)Oc1ccc2c(c1)CCCC(c1ccc(OC(F)(F)F)cc1)=C2c1ccc(O[C@H]2CCN(CCCF)C2)cc1,121.0,<rdkit.Chem.rdchem.Mol object at 0x000001F2C84FF3E0>
O=S(=O)(/N=C(/Sc1ccccc1)c1ccccc1)c1ccccc1,10202.4,<rdkit.Chem.rdchem.Mol object at 0x000001F2C84FF450>
O=S(=O)(/N=C(\Sc1ccc(Cl)cc1)c1ccccc1)c1ccccc1,50000.0,<rdkit.Chem.rdchem.Mol object at 0x000001F2C84FF5A0>
O=S(=O)(C1CC2OC1C(c1ccc(O)cc1)=C2c1ccc(O)cc1)N(CC(F)(F)F)c1ccccc1,2320.0,<rdkit.Chem.rdchem.Mol object at 0x000001F2C84FF4C0>
O=S(=O)(NCCc1csc(-c2cccnc2)n1)c1ccc(Cl)s1,19220.8,<rdkit.Chem.rdchem.Mol object at 0x000001F2C84FF530>
O=S(=O)(NCc1csc(-c2cccnc2)n1)c1ccc(Cl)s1,13630.4,<rdkit.Chem.rdchem.Mol object at 0x000001F2C84FF610>
O=S(=O)(NCc1csc(-c2cccnc2)n1)c1cccs1,18045.36,<rdkit.Chem.rdchem.Mol object at 0x000001F2C84FF680>
O=S(=O)(Nc1ccc(Oc2ccccc2)cc1)c1cccc(C(F)(F)F)c1,30000.0,<rdkit.Chem.rdchem.Mol object at 0x000001F2C84FF6F0>
O=S(=O)(Nc1ccc2cc[nH]c2c1)c1ccc(Br)cc1,22.67,<rdkit.Chem.rdchem.Mol object at 0x000001F2C84FF760>
O=S(=O)(Nc1ccc2cc[nH]c2c1)c1ccc(Cl)cc1,44.43,<rdkit.Chem.rdchem.Mol object at 0x000001F2C84FF7D0>
O=S(=O)(Nc1ccc2cc[nH]c2c1)c1ccc(F)cc1,3.31,<rdkit.Chem.rdchem.Mol object at 0x000001F2C84FF840>
O=S(=O)(Nc1nccs1)c1cc(Cl)ccc1Cl,50000.0,<rdkit.Chem.rdchem.Mol object at 0x000001F2C84FF8B0>
O=S(=O)(Oc1ccc(/C=C/c2cc(O)cc(O)c2)cc1)C1CC2OC1C(c1ccc(O)cc1)=C2c1ccc(O)cc1,19.0,<rdkit.Chem.rdchem.Mol object at 0x000001F2C84FF920>
O=S(=O)(Oc1ccc(/C=C/c2ccccc2)cc1)C1CC2OC1C(c1ccc(O)cc1)=C2c1ccc(O)cc1,149.0,<rdkit.Chem.rdchem.Mol object at 0x000001F2C84FF990>
O=S(=O)(Oc1ccc(Br)cc1)C1CC2OC1C(c1ccc(/C=C/c3cc(O)cc(O)c3)cc1)=C2c1ccc(O)cc1,61.0,<rdkit.Chem.rdchem.Mol object at 0x000001F2C84FFA00>
O=S(=O)(Oc1ccc(Cl)cc1)C1CC2OC1C(c1ccc(/C=C/c3cc(O)cc(O)c3)cc1)=C2c1ccc(O)cc1,62.0,<rdkit.Chem.rdchem.Mol object at 0x000001F2C84FFA70>
O=S(=O)(Oc1ccc(F)cc1)C1CC2OC1C(c1ccc(/C=C/c3cc(O)cc(O)c3)cc1)=C2c1ccc(O)cc1,5.0,<rdkit.Chem.rdchem.Mol object at 0x000001F2C84FFAE0>
O=S(=O)(Oc1ccc(O)cc1)C1CC2OC1C(c1ccc(/C=C/c3cc(O)cc(O)c3)cc1)=C2c1ccc(O)cc1,54.0,<rdkit.Chem.rdchem.Mol object at 0x000001F2C84FFB50>
O=S(=O)(Oc1cccc(/C=C/c2cc(O)cc(O)c2)c1)C1CC2OC1C(c1ccc(O)cc1)=C2c1ccc(O)cc1,1410.0,<rdkit.Chem.rdchem.Mol object at 0x000001F2C84FFBC0>
O=S(=O)(Oc1cccc(Br)c1)C1CC2OC1C(c1ccc(/C=C/c3cc(O)cc(O)c3)cc1)=C2c1ccc(O)cc1,2420.0,<rdkit.Chem.rdchem.Mol object at 0x000001F2C84FFC30>
O=S(=O)(Oc1cccc(C(F)(F)F)c1)C1CC2OC1C(c1ccc(/C=C/c3cc(O)cc(O)c3)cc1)=C2c1ccc(O)cc1,72.0,<rdkit.Chem.rdchem.Mol object at 0x000001F2C84FFCA0>
O=S(=O)(Oc1cccc(Cl)c1)C1CC2OC1C(c1ccc(/C=C/c3cc(O)cc(O)c3)cc1)=C2c1ccc(O)cc1,932.0,<rdkit.Chem.rdchem.Mol object at 0x000001F2C84FFD10>
O=S(=O)(Oc1cccc(O)c1)C1CC2OC1C(c1ccc(/C=C/c3cc(O)cc(O)c3)cc1)=C2c1ccc(O)cc1,6020.0,<rdkit.Chem.rdchem.Mol object at 0x000001F2C84FFE60>
O=S(=O)(Oc1cccc2ccccc12)C1CC2OC1C(c1ccc(/C=C/c3cc(O)cc(O)c3)cc1)=C2c1ccc(O)cc1,49.0,<rdkit.Chem.rdchem.Mol object at 0x000001F2C84FFD80>
O=S(=O)(Oc1cccc2ccccc12)C1CC2OC1C(c1ccc([Se]c3ccccc3)cc1)=C2c1ccc(O)cc1,310.0,<rdkit.Chem.rdchem.Mol object at 0x000001F2C84FFDF0>
O=S(=O)(Oc1ccccc1)C1CC2OC1C(c1ccc(/C=C/c3cc(O)cc(O)c3)cc1)=C2c1ccc(O)cc1,428.0,<rdkit.Chem.rdchem.Mol object at 0x000001F2C84FFED0>
O=S(=O)(Oc1ccccc1)C1CC2OC1C(c1ccc(/C=C/c3ccccc3)cc1)=C2c1ccc(O)cc1,1030.0,<rdkit.Chem.rdchem.Mol object at 0x000001F2C84FFF40>
O=S(=O)(Oc1ccccc1)C1CC2OC1C(c1ccc(O)cc1)=C2c1ccc(O)cc1,42.0,<rdkit.Chem.rdchem.Mol object at 0x000001F2C84EC040>
O=S(=O)(Oc1ccccc1)[C@H]1C[C@@H]2O[C@@H]1C(c1ccc(O)cc1)=C2c1ccc(O)cc1,13.0,<rdkit.Chem.rdchem.Mol object at 0x000001F2C84EC0B0>
O=S(=O)(Oc1ccccc1)[C@H]1C[C@H]2O[C@@H]1C(c1ccc(O)cc1)=C2c1ccc(O)cc1,14.0,<rdkit.Chem.rdchem.Mol object at 0x000001F2C84EC120>
O=S(=O)(Oc1ccccc1Cl)C1CC2OC1C(c1ccc(/C=C/c3cc(O)cc(O)c3)cc1)=C2c1ccc(O)cc1,166.0,<rdkit.Chem.rdchem.Mol object at 0x000001F2C84EC190>
O=S(=O)(c1ccc(C2=C(c3ccc(O[C@H]4CCN(CCCF)C4)cc3)c3ccc(O)cc3CCC2)cc1)C(F)(F)F,33.0,<rdkit.Chem.rdchem.Mol object at 0x000001F2C84EC200>
O=S(=O)(c1ccc2ccccc2c1)N1CCc2cc(O)ccc2C1c1ccc(OCCN2CCCC2)cc1,112.0,<rdkit.Chem.rdchem.Mol object at 0x000001F2C84EC270>
O=S(=O)(c1cccc(-c2cn3cccnc3n2)c1)N1CCCCCC1,22300.07,<rdkit.Chem.rdchem.Mol object at 0x000001F2C84EC2E0>
O=S(=O)(c1cccc2ccccc12)N1CCc2cc(O)ccc2C1c1ccc(OCCN2CCCC2)cc1,5.6,<rdkit.Chem.rdchem.Mol object at 0x000001F2C84EC350>
O=S(=O)(c1cccc2ccccc12)N1Cc2cc(O)ccc2C(c2ccc(O)cc2)C1,28.0,<rdkit.Chem.rdchem.Mol object at 0x000001F2C84EC3C0>
O=S(=O)(c1ccccc1)N1CCc2cc(O)ccc2C1c1ccc(OCCN2CCCC2)cc1,5.2,<rdkit.Chem.rdchem.Mol object at 0x000001F2C84EC430>
O=S(=O)(c1ccccc1)N1Cc2cc(O)ccc2C(c2ccc(O)cc2)C1,120.0,<rdkit.Chem.rdchem.Mol object at 0x000001F2C84EC4A0>
O=S1(=O)CCN(CCOc2ccc([C@@H]3Oc4ccc(O)cc4S[C@@H]3c3ccc(O)cc3)cc2)CC1,2.0,<rdkit.Chem.rdchem.Mol object at 0x000001F2C84EC510>
O=S1(=O)c2cc(O)ccc2O[C@H](c2ccc(OCCN3CCCCC3)cc2)[C@@H]1c1ccc(O)cc1,1090.0,<rdkit.Chem.rdchem.Mol object at 0x000001F2C84EC580>
O=[N+]([O-])c1c(O)ccc2cc(-c3ccc(O)cc3)ccc12,709.0,<rdkit.Chem.rdchem.Mol object at 0x000001F2C84EC5F0>
O=c1[nH]c2c(c(=O)[nH]1)C(c1cc3ccccc3n1Cc1ccccc1)c1c([nH]c(=O)[nH]c1=O)O2,61080.0,<rdkit.Chem.rdchem.Mol object at 0x000001F2C84EC660>
O=c1[nH]c2cc(/C=C3\c4ccccc4COc4cc(F)ccc43)ccc2n1[C@@H]1C[C@@H]2COCCN2C1,25000.0,<rdkit.Chem.rdchem.Mol object at 0x000001F2C84EC6D0>
O=c1[nH]c2cc(O)cc(O)c2c(=O)n1-c1ccc(O)cc1,70277.0,<rdkit.Chem.rdchem.Mol object at 0x000001F2C84EC740>
O=c1[nH]ncn1-c1ccc(C2=C(c3ccc(O[C@H]4CCN(CCCF)C4)cc3)c3ccc(O)cc3CCC2)cc1,39.0,<rdkit.Chem.rdchem.Mol object at 0x000001F2C84EC7B0>
O=c1c(-c2cc3ccccc3o2)c(C(F)(F)F)oc2cc(O)ccc12,1000000.0,<rdkit.Chem.rdchem.Mol object at 0x000001F2C84EC820>
O=c1c(-c2ccc(O)cc2)coc2cc(O)cc(O)c12,487.5,<rdkit.Chem.rdchem.Mol object at 0x000001F2C84EC890>
O=c1c(-c2ccc(O)cc2)coc2cc(O)ccc12,17000.0,<rdkit.Chem.rdchem.Mol object at 0x000001F2C84EC900>
O=c1c2c(-c3ccccc3)cc(O)cc2ncn1-c1ccc(O)cc1,101544.0,<rdkit.Chem.rdchem.Mol object at 0x000001F2C84EC970>
O=c1c2c(CO)cc(O)cc2ncn1-c1ccc(O)cc1,121.0,<rdkit.Chem.rdchem.Mol object at 0x000001F2C84EC9E0>
O=c1c2c(O)cc(O)cc2[nH]c(=S)n1-c1ccc(O)cc1,11111.0,<rdkit.Chem.rdchem.Mol object at 0x000001F2C84ECA50>
O=c1c2c(O)cc(O)cc2ncn1-c1ccc(O)c(Cl)c1,55015.0,<rdkit.Chem.rdchem.Mol object at 0x000001F2C84ECAC0>
O=c1c2c(O)cc(O)cc2ncn1-c1ccc(O)c(F)c1,44175.0,<rdkit.Chem.rdchem.Mol object at 0x000001F2C84ECB30>
O=c1c2c(O)cc(O)cc2ncn1-c1ccc(O)cc1,11097.0,<rdkit.Chem.rdchem.Mol object at 0x000001F2C84ECBA0>
O=c1c2c(O)cc(O)cc2ncn1-c1ccc(O)cc1Cl,6247.0,<rdkit.Chem.rdchem.Mol object at 0x000001F2C84ECC10>
O=c1c2c(O)cc(O)cc2ncn1-c1ccc(O)cc1F,7485.0,<rdkit.Chem.rdchem.Mol object at 0x000001F2C84ECC80>
O=c1c2c(O)cc(O)cc2ncn1-c1ccc(O)cn1,97982.0,<rdkit.Chem.rdchem.Mol object at 0x000001F2C84ECCF0>
O=c1c2c(O)cc(O)cc2ncn1-c1ccc(O)nc1,66860.0,<rdkit.Chem.rdchem.Mol object at 0x000001F2C84ECD60>
O=c1c2c(O)cc(O)cc2ncn1-c1cccc(O)c1,43814.0,<rdkit.Chem.rdchem.Mol object at 0x000001F2C84ECDD0>
O=c1c2c(O)cc(O)cc2ncn1-c1ccccc1,75588.0,<rdkit.Chem.rdchem.Mol object at 0x000001F2C84ECE40>
O=c1c2c(O)cc(O)cc2oc2oc3cc(O)ccc3c12,28.0,<rdkit.Chem.rdchem.Mol object at 0x000001F2C84ECEB0>
O=c1c2cc(O)ccc2oc2c1oc1cc(O)ccc12,1500.0,<rdkit.Chem.rdchem.Mol object at 0x000001F2C84ECF20>
O=c1c2cc(O)ccc2oc2c1oc1ccc(O)cc12,180.0,<rdkit.Chem.rdchem.Mol object at 0x000001F2C84ECF90>
O=c1c2ccc(O)cc2nc(-c2ccc(O)cc2)n1-c1ccc(O)cc1,48473.0,<rdkit.Chem.rdchem.Mol object at 0x000001F2C84ED000>
O=c1c2ccc(O)cc2ncn1-c1ccc(O)cc1,53640.0,<rdkit.Chem.rdchem.Mol object at 0x000001F2C84ED070>
O=c1c2ccc(O)cc2oc2c1oc1c(Br)cc(O)cc12,5000.0,<rdkit.Chem.rdchem.Mol object at 0x000001F2C84ED0E0>
O=c1c2ccc(O)cc2oc2c1oc1cc(O)ccc12,555.0,<rdkit.Chem.rdchem.Mol object at 0x000001F2C84ED150>
O=c1c2ccc(O)cc2oc2c1oc1ccc(O)cc12,5000.0,<rdkit.Chem.rdchem.Mol object at 0x000001F2C84ED1C0>
O=c1c2ccc(O)cc2oc2c1oc1ccccc12,5000.0,<rdkit.Chem.rdchem.Mol object at 0x000001F2C84ED230>
O=c1c2ccc(O)cc2oc2c1sc1ccccc12,5000.0,<rdkit.Chem.rdchem.Mol object at 0x000001F2C84ED2A0>
O=c1c2ccccc2oc2c1oc1cc(O)ccc12,5000.0,<rdkit.Chem.rdchem.Mol object at 0x000001F2C84ED310>
O=c1c2oc3c(Br)cc(O)cc3c2oc2cc(O)cc(O)c12,1260.0,<rdkit.Chem.rdchem.Mol object at 0x000001F2C84ED380>
O=c1c2oc3cc(O)ccc3c2oc2cc(O)cc(O)c12,68.0,<rdkit.Chem.rdchem.Mol object at 0x000001F2C84ED3F0>
O=c1c2oc3ccc(O)cc3c2oc2cc(O)cc(O)c12,2951.0,<rdkit.Chem.rdchem.Mol object at 0x000001F2C84ED460>
O=c1c2oc3ccccc3c2oc2cc(O)cc(O)c12,5000.0,<rdkit.Chem.rdchem.Mol object at 0x000001F2C84ED4D0>
O=c1c2sc3ccccc3c2oc2cc(O)cc(O)c12,3672.0,<rdkit.Chem.rdchem.Mol object at 0x000001F2C84ED540>
O=c1cc(-c2ccc(O)cc2)oc2cc(O)cc(O)c12,1253.0,<rdkit.Chem.rdchem.Mol object at 0x000001F2C84ED5B0>
O=c1cc(-c2ccccc2)nc2ccc(-c3ccccc3O)cn12,250000.0,<rdkit.Chem.rdchem.Mol object at 0x000001F2C84ED620>
O=c1nc(/C=C/c2ccc(Oc3c(-c4ccc(O)cc4)sc4cc(O)ccc34)cc2)cc(C(F)(F)F)[nH]1,88.0,<rdkit.Chem.rdchem.Mol object at 0x000001F2C84ED690>
O=c1nc2n(c3cc4ccccc4cc13)Cc1ccccc1-2,1000000.0,<rdkit.Chem.rdchem.Mol object at 0x000001F2C84ED700>
O=c1oc2c(Cl)c(O)ccc2c2cc(F)c(O)c(Cl)c12,11600.0,<rdkit.Chem.rdchem.Mol object at 0x000001F2C84ED770>
O=c1oc2cc(O)ccc2c(-c2ccc(O)c(F)c2)c1-c1ccc(O)c(F)c1,219.0,<rdkit.Chem.rdchem.Mol object at 0x000001F2C84ED7E0>
O=c1oc2cc(O)ccc2c(-c2ccc(O)cc2)c1-c1ccc(O)cc1,222.0,<rdkit.Chem.rdchem.Mol object at 0x000001F2C84ED850>
O=c1oc2cc(O)ccc2c(Cc2ccccc2)c1-c1ccc(Cl)cc1,120.0,<rdkit.Chem.rdchem.Mol object at 0x000001F2C84ED8C0>
O=c1oc2cc(O)ccc2c(Nc2ccc(OCCN3CCCC3)cc2)c1-c1ccc(F)cc1,4530.0,<rdkit.Chem.rdchem.Mol object at 0x000001F2C84ED930>
O=c1oc2cc(O)ccc2c(Nc2ccc(OCCN3CCCC3)cc2)c1-c1ccc(O)cc1,6430.0,<rdkit.Chem.rdchem.Mol object at 0x000001F2C84ED9A0>
O=c1oc2cc(O)ccc2c(Nc2ccc(OCCN3CCCCC3)cc2)c1-c1ccc(F)cc1,3860.0,<rdkit.Chem.rdchem.Mol object at 0x000001F2C84EDA10>
O=c1oc2cc(O)ccc2c(Nc2ccc(OCCN3CCCCC3)cc2)c1-c1ccc(O)cc1,3820.0,<rdkit.Chem.rdchem.Mol object at 0x000001F2C84EDA80>
O=c1oc2cc(O)ccc2c(Oc2ccc(OCCN3CCCC3)cc2)c1-c1ccc(F)cc1,4270.0,<rdkit.Chem.rdchem.Mol object at 0x000001F2C84EDAF0>
O=c1oc2cc(O)ccc2c(Oc2ccc(OCCN3CCCC3)cc2)c1-c1ccc(O)cc1,6840.0,<rdkit.Chem.rdchem.Mol object at 0x000001F2C84EDB60>
O=c1oc2cc(O)ccc2c(Oc2ccc(OCCN3CCCCC3)cc2)c1-c1ccc(F)cc1,2190.0,<rdkit.Chem.rdchem.Mol object at 0x000001F2C84EDBD0>
O=c1oc2cc(O)ccc2c(Oc2ccc(OCCN3CCCCC3)cc2)c1-c1ccc(O)cc1,2620.0,<rdkit.Chem.rdchem.Mol object at 0x000001F2C84EDC40>
O=c1oc2cc(O)ccc2c2oc3cc(O)ccc3c12,75.7,<rdkit.Chem.rdchem.Mol object at 0x000001F2C84EDCB0>
O=c1oc2ccccc2c(Nc2ccc(OCCN3CCCC3)cc2)c1-c1ccc(F)cc1,10000.0,<rdkit.Chem.rdchem.Mol object at 0x000001F2C84EDD20>
O=c1oc2ccccc2c(Nc2ccc(OCCN3CCCCC3)cc2)c1-c1ccc(F)cc1,7790.0,<rdkit.Chem.rdchem.Mol object at 0x000001F2C84EDD90>
O=c1oc2ccccc2n1CCn1c2ccccc2c2nc3ccccc3nc21,17942.59,<rdkit.Chem.rdchem.Mol object at 0x000001F2C84EDE00>
OCC1CCN(CCOc2ccc([C@@H]3Oc4ccc(O)cc4S[C@@H]3c3ccc(O)cc3)cc2)CC1,2.2,<rdkit.Chem.rdchem.Mol object at 0x000001F2C84EDE70>
OCCC/C(=C(\c1ccc(Br)cc1)c1ccc(N2CCNCC2)cc1)c1ccccc1,10000.0,<rdkit.Chem.rdchem.Mol object at 0x000001F2C84EDEE0>
OCCC/C(=C(\c1ccc(O)cc1)c1ccc(C2CCN(C3CC3)C2)cc1)c1ccccc1,5940.0,<rdkit.Chem.rdchem.Mol object at 0x000001F2C84EDF50>
OCCC/C(=C(\c1ccc(O)cc1)c1ccc(C2CCN(C3CC3)CC2)cc1)c1ccccc1,2093.0,<rdkit.Chem.rdchem.Mol object at 0x000001F2C84EDFC0>
OCCC/C(=C(\c1ccc(O)cc1)c1ccc(C2CCN(C3CCCCC3)CC2)cc1)c1ccccc1,2116.0,<rdkit.Chem.rdchem.Mol object at 0x000001F2C84EE030>
OCCC/C(=C(\c1ccc(O)cc1)c1ccc(C2CCNCC2)cc1)c1ccccc1,992.0,<rdkit.Chem.rdchem.Mol object at 0x000001F2C84EE0A0>
OCCC/C(=C(\c1ccc(O)cc1)c1ccc(N2CCN(C3CCC3)CC2)cc1)c1ccccc1,1658.0,<rdkit.Chem.rdchem.Mol object at 0x000001F2C84EE110>
OCCC/C(=C(\c1ccc(O)cc1)c1ccc(N2CCN(C3CCCCC3)CC2)cc1)c1ccccc1,2116.0,<rdkit.Chem.rdchem.Mol object at 0x000001F2C84EE180>
OCCC/C(=C(\c1ccc(O)cc1)c1ccc(N2CCNCC2)cc1)c1ccccc1,992.0,<rdkit.Chem.rdchem.Mol object at 0x000001F2C84EE1F0>
OCCC/C(=C(\c1ccc(O)cc1)c1ccc(OCCN2CC2)cc1)c1ccccc1,296.0,<rdkit.Chem.rdchem.Mol object at 0x000001F2C84EE260>
OCCC/C(=C(\c1ccc(O)cc1)c1ccc(OCCN2CC3CC3C2)cc1)c1ccccc1,437.0,<rdkit.Chem.rdchem.Mol object at 0x000001F2C84EE2D0>
OCCC/C(=C(\c1ccc(O)cc1)c1ccc(OCCN2CC3CC3[C@H]2CO)cc1)c1ccccc1,276.0,<rdkit.Chem.rdchem.Mol object at 0x000001F2C84EE340>
OCCC/C(=C(\c1ccc(O)cc1)c1ccc(OCCN2CCC3(CCCC3)C2)cc1)c1ccccc1,256.0,<rdkit.Chem.rdchem.Mol object at 0x000001F2C84EE3B0>
OCCC/C(=C(\c1ccc(O)cc1)c1ccc(OCCN2CCCC2)cc1)c1ccccc1,408.0,<rdkit.Chem.rdchem.Mol object at 0x000001F2C84EE420>
OCCC/C(=C(\c1ccc(O)cc1)c1ccc(OCCN2CCCCC2)cc1)c1ccccc1,262.0,<rdkit.Chem.rdchem.Mol object at 0x000001F2C84EE490>
OCCC/C(=C(\c1ccc(O)cc1)c1ccc(OCCN2CCC[C@@H]2CO)cc1)c1ccccc1,408.0,<rdkit.Chem.rdchem.Mol object at 0x000001F2C84EE500>
OCCC/C(=C(\c1ccc(O)cc1)c1ccc(OCCN2C[C@H]3C[C@H]3[C@H]2CO)cc1)c1ccccc1,276.0,<rdkit.Chem.rdchem.Mol object at 0x000001F2C84EE570>
OCCC1CCN(CCOc2ccc([C@@H]3Oc4ccc(O)cc4S[C@@H]3c3ccc(O)cc3)cc2)CC1,7.3,<rdkit.Chem.rdchem.Mol object at 0x000001F2C84EE5E0>
OCCCOc1ccc(C2Oc3cc(O)ccc3C3=C2c2ccc(O)cc2OCC3)cc1,326.0,<rdkit.Chem.rdchem.Mol object at 0x000001F2C84EE650>
OCCN1CCc2c([nH]c3ccccc23)C1c1ccc(Cl)cc1,1608.3200000000002,<rdkit.Chem.rdchem.Mol object at 0x000001F2C84EE6C0>
OCCOc1ccc(C2Oc3cc(O)ccc3C3=C2c2ccc(O)cc2OCC3)cc1,310.0,<rdkit.Chem.rdchem.Mol object at 0x000001F2C84EE730>
OCCn1nc(-c2ccc(O)cc2)c2cccc(C(F)(F)F)c21,96.0,<rdkit.Chem.rdchem.Mol object at 0x000001F2C84EE7A0>
OCCn1nc(-c2ccc(O)cc2)c2cccc(Cl)c21,410.0,<rdkit.Chem.rdchem.Mol object at 0x000001F2C84EE810>
OC[C@@H]1CCCN1CCOc1ccc([C@@H]2Oc3ccc(O)cc3S[C@@H]2c2ccc(O)cc2)cc1,3.9,<rdkit.Chem.rdchem.Mol object at 0x000001F2C84EE880>
OC[C@@]12CC=C[C@@H](C1)[C@H](c1ccc(O)cc1)CC2,550.0,<rdkit.Chem.rdchem.Mol object at 0x000001F2C84EE8F0>
OC[C@H]1CCCN1CCOc1ccc([C@@H]2Oc3ccc(O)cc3S[C@@H]2c2ccc(O)cc2)cc1,2.0,<rdkit.Chem.rdchem.Mol object at 0x000001F2C84EE960>
OC[C@H]1CC[C@H](c2ccc(O)cc2)CC1,2940.0,<rdkit.Chem.rdchem.Mol object at 0x000001F2C84EE9D0>
O[C@]1(C(F)(F)F)CCCC[C@H]1Nc1ccc(F)cc1,2500.0,<rdkit.Chem.rdchem.Mol object at 0x000001F2C84EEA40>
Oc1c(/C=N/c2cccc3cccnc23)sc2ccccc12,5150.58,<rdkit.Chem.rdchem.Mol object at 0x000001F2C84EEAB0>
Oc1c(Cl)cc(Cl)c(Cl)c1Cc1c(O)c(Cl)cc(Cl)c1Cl,2161.56,<rdkit.Chem.rdchem.Mol object at 0x000001F2C84EEB20>
Oc1c(Cl)cc(Cl)cc1Sc1cc(Cl)cc(Cl)c1O,3940.88,<rdkit.Chem.rdchem.Mol object at 0x000001F2C84EEB90>
Oc1cc(-c2ccco2)c2oc(-c3ccc(O)c(F)c3)nc2c1,1980.0,<rdkit.Chem.rdchem.Mol object at 0x000001F2C84EEC00>
Oc1cc(/C=C\F)c2oc(-c3ccc(O)c(F)c3)nc2c1,376.0,<rdkit.Chem.rdchem.Mol object at 0x000001F2C84EEC70>
Oc1cc(Br)c2oc(-c3ccc(O)c(C(F)(F)F)c3)nc2c1,1870.0,<rdkit.Chem.rdchem.Mol object at 0x000001F2C84EECE0>
Oc1cc(Br)c2oc(-c3ccc(O)c(F)c3)cc2c1,12.0,<rdkit.Chem.rdchem.Mol object at 0x000001F2C84EED50>
Oc1cc(Br)c2oc(-c3ccc(O)c(F)c3)nc2c1,260.0,<rdkit.Chem.rdchem.Mol object at 0x000001F2C84EEDC0>
Oc1cc(CSc2nnnn2-c2ccccc2)nc(Nc2ccc(F)cc2)n1,50000.0,<rdkit.Chem.rdchem.Mol object at 0x000001F2C84EEE30>
Oc1cc(F)c(-c2ccc3c(Cl)c(O)ccc3c2)c(F)c1,35.0,<rdkit.Chem.rdchem.Mol object at 0x000001F2C84EEEA0>
Oc1cc(F)c(-c2ccc3c(Cl)c(O)ccc3c2)cc1F,118.0,<rdkit.Chem.rdchem.Mol object at 0x000001F2C84EEF10>
Oc1cc(F)c(-c2ccc3cc(O)ccc3c2)c(F)c1,10.3,<rdkit.Chem.rdchem.Mol object at 0x000001F2C84EEF80>
Oc1cc(O)c2c(=S)n(-c3ccc(O)c(F)c3)cnc2c1,3080.0,<rdkit.Chem.rdchem.Mol object at 0x000001F2C84EEFF0>
Oc1ccc(-c2[nH]c(C(F)(F)F)nc2-c2ccccc2)cc1,403.0,<rdkit.Chem.rdchem.Mol object at 0x000001F2C84EF060>
Oc1ccc(-c2[nH]c3ccccc3c2-c2ccc(O)cc2)cc1,94.8,<rdkit.Chem.rdchem.Mol object at 0x000001F2C84EF0D0>
Oc1ccc(-c2[nH]c3ccccc3c2-c2ccccc2)cc1,8310.0,<rdkit.Chem.rdchem.Mol object at 0x000001F2C84EF140>
Oc1ccc(-c2c(-c3ccccc3)[nH]c3ccccc23)cc1,24.0,<rdkit.Chem.rdchem.Mol object at 0x000001F2C84EF1B0>
Oc1ccc(-c2c(Cl)c3cc(O)ccc3n2Cc2ccc(OCCN3CCCC3)cc2)cc1,4.0,<rdkit.Chem.rdchem.Mol object at 0x000001F2C84EF220>
Oc1ccc(-c2c(Cl)c3cc(O)ccc3n2Cc2ccc(OCCN3CCCCC3)cc2)cc1,24.0,<rdkit.Chem.rdchem.Mol object at 0x000001F2C84EF290>
Oc1ccc(-c2c(Cl)c3cc(O)ccc3n2Cc2ccc(OCCN3CCCCCC3)cc2)cc1,29.0,<rdkit.Chem.rdchem.Mol object at 0x000001F2C84EF300>
Oc1ccc(-c2c[se]cc2-c2ccc(OCCN3CCCC3)cc2Cl)c(Cl)c1,769.0,<rdkit.Chem.rdchem.Mol object at 0x000001F2C84EF370>
Oc1ccc(-c2c[se]cc2-c2ccc(OCCN3CCCCC3)c(F)c2)cc1F,69.0,<rdkit.Chem.rdchem.Mol object at 0x000001F2C84EF3E0>
Oc1ccc(-c2c[se]cc2-c2ccc(OCCN3CCCCC3)cc2)cc1,1589.0,<rdkit.Chem.rdchem.Mol object at 0x000001F2C84EF450>
Oc1ccc(-c2c[se]cc2-c2ccc(OCCN3CCCCC3)cc2Cl)c(Cl)c1,413.0,<rdkit.Chem.rdchem.Mol object at 0x000001F2C84EF4C0>
Oc1ccc(-c2cc(-c3ccc(OCCN4CCCC4)cc3)c(-c3ccc(O)cc3)[se]2)cc1,974.0,<rdkit.Chem.rdchem.Mol object at 0x000001F2C84EF530>
Oc1ccc(-c2cc(-c3ccc(OCCN4CCCCC4)cc3)c(-c3ccc(O)cc3)[se]2)cc1,779.0,<rdkit.Chem.rdchem.Mol object at 0x000001F2C84EF5A0>
Oc1ccc(-c2cc(Br)c3cc(O)ccc3n2)cc1,212.0,<rdkit.Chem.rdchem.Mol object at 0x000001F2C84EF610>
Oc1ccc(-c2cc(Cl)c3c(Cl)c(O)ccc3c2)cc1,43.0,<rdkit.Chem.rdchem.Mol object at 0x000001F2C84EF680>
Oc1ccc(-c2cc(Cl)c3cc(O)ccc3c2)cc1,30.0,<rdkit.Chem.rdchem.Mol object at 0x000001F2C84EF6F0>
Oc1ccc(-c2cc(Cl)c3cc(O)ccc3n2)cc1,213.0,<rdkit.Chem.rdchem.Mol object at 0x000001F2C84EF760>
Oc1ccc(-c2cc(F)c3c(Cl)c(O)ccc3c2)cc1,40.0,<rdkit.Chem.rdchem.Mol object at 0x000001F2C84EF7D0>
Oc1ccc(-c2cc(F)c3c(Cl)c(O)ccc3c2)cc1F,125.0,<rdkit.Chem.rdchem.Mol object at 0x000001F2C84EF840>
Oc1ccc(-c2cc(F)c3cc(O)ccc3c2)cc1,22.0,<rdkit.Chem.rdchem.Mol object at 0x000001F2C84EF8B0>
Oc1ccc(-c2cc3cc(O)cc(Br)c3o2)cc1,1.5,<rdkit.Chem.rdchem.Mol object at 0x000001F2C84EF920>
Oc1ccc(-c2cc3cc(O)cc(Cl)c3o2)cc1,6.8,<rdkit.Chem.rdchem.Mol object at 0x000001F2C84EF990>
Oc1ccc(-c2cc3cc(O)ccc3o2)cc1,176.0,<rdkit.Chem.rdchem.Mol object at 0x000001F2C84EFA00>
Oc1ccc(-c2ccc(-c3ccc(OCCN4CCCC4)cc3)[se]2)cc1,1213.0,<rdkit.Chem.rdchem.Mol object at 0x000001F2C84EFA70>
Oc1ccc(-c2ccc(-c3ccc(OCCN4CCCC4)cc3Cl)[se]2)c(Cl)c1,415.0,<rdkit.Chem.rdchem.Mol object at 0x000001F2C84EFAE0>
Oc1ccc(-c2ccc(O)cc2)cc1,250000.0,<rdkit.Chem.rdchem.Mol object at 0x000001F2C84EFB50>
Oc1ccc(-c2ccc3c(-c4ccccc4)c(O)ccc3c2)cc1,1231.0,<rdkit.Chem.rdchem.Mol object at 0x000001F2C84EFBC0>
Oc1ccc(-c2ccc3c(Br)c(O)ccc3c2)cc1,266.0,<rdkit.Chem.rdchem.Mol object at 0x000001F2C84EFC30>
Oc1ccc(-c2ccc3c(Br)c(O)ccc3n2)cc1,1140.0,<rdkit.Chem.rdchem.Mol object at 0x000001F2C84EFCA0>
Oc1ccc(-c2ccc3c(Cl)c(O)ccc3c2)c(Cl)c1,36.0,<rdkit.Chem.rdchem.Mol object at 0x000001F2C84EFD10>
Oc1ccc(-c2ccc3c(Cl)c(O)ccc3c2)c(F)c1,58.0,<rdkit.Chem.rdchem.Mol object at 0x000001F2C84EFD80>
Oc1ccc(-c2ccc3c(Cl)c(O)ccc3c2)cc1,91.0,<rdkit.Chem.rdchem.Mol object at 0x000001F2C84EFDF0>
Oc1ccc(-c2ccc3c(Cl)c(O)ccc3c2)cc1Cl,356.0,<rdkit.Chem.rdchem.Mol object at 0x000001F2C84EFE60>
Oc1ccc(-c2ccc3c(Cl)c(O)ccc3c2)cc1F,143.0,<rdkit.Chem.rdchem.Mol object at 0x000001F2C84EFED0>
Oc1ccc(-c2ccc3c(Cl)c(O)ccc3n2)cc1,632.0,<rdkit.Chem.rdchem.Mol object at 0x000001F2C84EFF40>
Oc1ccc(-c2ccc3c(F)c(O)ccc3c2)cc1,77.0,<rdkit.Chem.rdchem.Mol object at 0x000001F2C84E4040>
Oc1ccc(-c2ccc3c(O)cccc3c2)cc1,22.0,<rdkit.Chem.rdchem.Mol object at 0x000001F2C84E40B0>
Oc1ccc(-c2ccc3cc(O)ccc3c2)c(Cl)c1,10.0,<rdkit.Chem.rdchem.Mol object at 0x000001F2C84E4120>
Oc1ccc(-c2ccc3cc(O)ccc3c2)c(F)c1,24.0,<rdkit.Chem.rdchem.Mol object at 0x000001F2C84E4190>
Oc1ccc(-c2ccc3cc(O)ccc3c2)cc1,211.0,<rdkit.Chem.rdchem.Mol object at 0x000001F2C84E4200>
Oc1ccc(-c2ccc3cc(O)ccc3n2)cc1,1775.0,<rdkit.Chem.rdchem.Mol object at 0x000001F2C84E4270>
Oc1ccc(-c2ccc3ccc(O)cc3c2)cc1,442.0,<rdkit.Chem.rdchem.Mol object at 0x000001F2C84E42E0>
Oc1ccc(-c2ccc3ccccc3c2)cc1,638.0,<rdkit.Chem.rdchem.Mol object at 0x000001F2C84E4350>
Oc1ccc(-c2coc3cc(O)cc(O)c3c2=S)cc1,55883.0,<rdkit.Chem.rdchem.Mol object at 0x000001F2C84E43C0>
Oc1ccc(-c2n[nH]c3cc(O)ccc23)c(O)c1,48.0,<rdkit.Chem.rdchem.Mol object at 0x000001F2C84E4430>
Oc1ccc(-c2nc(Cl)c(-c3ccccc3)c(Oc3ccc(OCCN4CCCC4)cc3)n2)cc1,1640.0,<rdkit.Chem.rdchem.Mol object at 0x000001F2C84E44A0>
Oc1ccc(-c2nc3cc(Cl)c(O)cc3o2)cc1,2765.0,<rdkit.Chem.rdchem.Mol object at 0x000001F2C84E4510>
Oc1ccc(-c2nc3cc(O)c(Br)cc3o2)cc1F,1210.0,<rdkit.Chem.rdchem.Mol object at 0x000001F2C84E4580>
Oc1ccc(-c2nc3cc(O)c(Cl)cc3o2)cc1,464.0,<rdkit.Chem.rdchem.Mol object at 0x000001F2C84E45F0>
Oc1ccc(-c2nc3cc(O)c(Cl)cc3o2)cc1F,1813.0,<rdkit.Chem.rdchem.Mol object at 0x000001F2C84E4660>
Oc1ccc(-c2nc3cc(O)cc(-c4ccccc4)c3o2)cc1,1300.0,<rdkit.Chem.rdchem.Mol object at 0x000001F2C84E46D0>
Oc1ccc(-c2nc3cc(O)cc(-c4ccco4)c3o2)cc1,809.0,<rdkit.Chem.rdchem.Mol object at 0x000001F2C84E4740>
Oc1ccc(-c2nc3cc(O)cc(-c4cccs4)c3o2)cc1,1030.0,<rdkit.Chem.rdchem.Mol object at 0x000001F2C84E47B0>
Oc1ccc(-c2nc3cc(O)cc(-c4nccs4)c3o2)cc1,1340.0,<rdkit.Chem.rdchem.Mol object at 0x000001F2C84E4820>
Oc1ccc(-c2nc3cc(O)cc(/C=C\Br)c3o2)c(F)c1,196.0,<rdkit.Chem.rdchem.Mol object at 0x000001F2C84E4890>
Oc1ccc(-c2nc3cc(O)cc(/C=C\Br)c3o2)cc1,4652.0,<rdkit.Chem.rdchem.Mol object at 0x000001F2C84E4900>
Oc1ccc(-c2nc3cc(O)cc(Br)c3o2)c(F)c1,47.0,<rdkit.Chem.rdchem.Mol object at 0x000001F2C84E4970>
Oc1ccc(-c2nc3cc(O)cc(Br)c3o2)cc1,155.0,<rdkit.Chem.rdchem.Mol object at 0x000001F2C84E49E0>
Oc1ccc(-c2nc3cc(O)cc(C4CCCC4)c3o2)cc1,1010.0,<rdkit.Chem.rdchem.Mol object at 0x000001F2C84E4A50>
Oc1ccc(-c2nc3cc(O)cc(CBr)c3o2)cc1,2975.0,<rdkit.Chem.rdchem.Mol object at 0x000001F2C84E4AC0>
Oc1ccc(-c2nc3cc(O)ccc3o2)c(Cl)c1,139.0,<rdkit.Chem.rdchem.Mol object at 0x000001F2C84E4B30>
Oc1ccc(-c2nc3cc(O)ccc3o2)c(O)c1,190.0,<rdkit.Chem.rdchem.Mol object at 0x000001F2C84E4BA0>
Oc1ccc(-c2nc3cc(O)ccc3o2)cc1,1227.0,<rdkit.Chem.rdchem.Mol object at 0x000001F2C84E4C10>
Oc1ccc(-c2nc3ccc(O)cc3o2)c(O)c1,82.0,<rdkit.Chem.rdchem.Mol object at 0x000001F2C84E4C80>
Oc1ccc(-c2nc3ccc(O)cc3o2)cc1,902.0,<rdkit.Chem.rdchem.Mol object at 0x000001F2C84E4CF0>
Oc1ccc(-c2nn(-c3cc(Cl)ccc3Cl)c3cc(O)ccc23)c(O)c1,15.0,<rdkit.Chem.rdchem.Mol object at 0x000001F2C84E4D60>
Oc1ccc(-c2nn(-c3cc(F)ccc3F)c3cc(O)ccc23)c(O)c1,31.0,<rdkit.Chem.rdchem.Mol object at 0x000001F2C84E4DD0>
Oc1ccc(-c2nn(-c3cccc(Cl)c3)c3cc(O)ccc23)c(O)c1,50.0,<rdkit.Chem.rdchem.Mol object at 0x000001F2C84E4E40>
Oc1ccc(-c2nn(-c3cccc(F)c3)c3cc(O)ccc23)c(O)c1,39.0,<rdkit.Chem.rdchem.Mol object at 0x000001F2C84E4EB0>
Oc1ccc(-c2nn(C3CCCC3)c3c(Cl)cccc23)cc1,18.0,<rdkit.Chem.rdchem.Mol object at 0x000001F2C84E4F20>
Oc1ccc(-c2nn(C3CCCC3)c3c(F)cccc23)cc1,18.0,<rdkit.Chem.rdchem.Mol object at 0x000001F2C84E4F90>
Oc1ccc(-c2nn(C3CCCCC3)c3c(Cl)cccc23)cc1,37.0,<rdkit.Chem.rdchem.Mol object at 0x000001F2C84E5000>
Oc1ccc(-c2nn(C3CCCCC3)c3cc(O)ccc23)c(O)c1,443.0,<rdkit.Chem.rdchem.Mol object at 0x000001F2C84E5070>
Oc1ccc(-c2nn(CC(F)(F)F)c3cc(O)ccc23)c(O)c1,165.0,<rdkit.Chem.rdchem.Mol object at 0x000001F2C84E50E0>
Oc1ccc(-c2nn(Cc3ccccc3)c3c(C(F)(F)F)cccc23)cc1,196.0,<rdkit.Chem.rdchem.Mol object at 0x000001F2C84E5150>
Oc1ccc(-c2nn(Cc3ccccc3)c3c(Cl)cccc23)cc1,105.0,<rdkit.Chem.rdchem.Mol object at 0x000001F2C84E51C0>
Oc1ccc(-c2noc(C(F)(F)F)c2-c2ccccc2)cc1,8.5,<rdkit.Chem.rdchem.Mol object at 0x000001F2C84E5230>
Oc1ccc(-c2noc3cc(O)ccc23)c(O)c1,24.0,<rdkit.Chem.rdchem.Mol object at 0x000001F2C84E52A0>
Oc1ccc(-c2noc3cc(O)ccc23)cc1,815.0,<rdkit.Chem.rdchem.Mol object at 0x000001F2C84E5310>
Oc1ccc(-c2noc3ccc(O)cc23)c(O)c1,4068.0,<rdkit.Chem.rdchem.Mol object at 0x000001F2C84E5380>
Oc1ccc(-c2noc3ccc(O)cc23)cc1,819.0,<rdkit.Chem.rdchem.Mol object at 0x000001F2C84E53F0>
Oc1ccc(-c2noc3ccccc23)c(O)c1,6100.0,<rdkit.Chem.rdchem.Mol object at 0x000001F2C84E5460>
Oc1ccc(-c2sc3cc(O)ccc3c2Oc2ccc(/C=C/c3c[nH]cn3)cc2)cc1,32.0,<rdkit.Chem.rdchem.Mol object at 0x000001F2C84E54D0>
Oc1ccc(-c2sc3cc(O)ccc3c2Oc2ccc(/C=C/c3nnn[nH]3)cc2)cc1,219.0,<rdkit.Chem.rdchem.Mol object at 0x000001F2C84E5540>
Oc1ccc(-c2sc3cc(O)ccc3c2Oc2ccc(OCCN3CCCCC3)cc2)cc1,7.8,<rdkit.Chem.rdchem.Mol object at 0x000001F2C84E55B0>
Oc1ccc(-n2c(-c3ccccc3)nc3ccccc32)cc1,1800.0,<rdkit.Chem.rdchem.Mol object at 0x000001F2C84E5620>
Oc1ccc(-n2c(-c3ccccc3Cl)nc3ccccc32)cc1,1730.0,<rdkit.Chem.rdchem.Mol object at 0x000001F2C84E5690>
Oc1ccc(-n2c(-c3cccs3)nc3ccccc32)cc1,6260.0,<rdkit.Chem.rdchem.Mol object at 0x000001F2C84E5700>
Oc1ccc(-n2cnc3cc(O)cc(O)c3c2=S)cc1,2636.0,<rdkit.Chem.rdchem.Mol object at 0x000001F2C84E5770>
Oc1ccc(-n2cnc3cc(O)cc(O)c3c2=S)nc1,27569.0,<rdkit.Chem.rdchem.Mol object at 0x000001F2C84E57E0>
Oc1ccc(/C=N/c2ccc(N3CCOCC3)cc2)c(O)c1,30385.19,<rdkit.Chem.rdchem.Mol object at 0x000001F2C84E5850>
Oc1ccc(C(c2ccc(O)cc2)(C(F)(F)F)C(F)(F)F)cc1,40.2,<rdkit.Chem.rdchem.Mol object at 0x000001F2C84E58C0>
Oc1ccc(C(c2ccc(O)cc2)C(Br)(Br)Br)cc1,14.6,<rdkit.Chem.rdchem.Mol object at 0x000001F2C84E5930>
Oc1ccc(C(c2ccc(O)cc2)C(Cl)(Cl)Cl)cc1,43.4,<rdkit.Chem.rdchem.Mol object at 0x000001F2C84E59A0>
Oc1ccc(C(c2ccc(O)cc2)C(F)(F)F)cc1,181.0,<rdkit.Chem.rdchem.Mol object at 0x000001F2C84E5A10>
Oc1ccc(C2(c3ccc(O)cc3)CCCC2)cc1,170.0,<rdkit.Chem.rdchem.Mol object at 0x000001F2C84E5A80>
Oc1ccc(C2(c3ccc(O)cc3)CCCCC2)cc1,520.0,<rdkit.Chem.rdchem.Mol object at 0x000001F2C84E5AF0>
Oc1ccc(C2=C(c3ccc(/C=C/c4ccccc4)cc3)c3ccc(F)cc3OCC2)cc1,22440.0,<rdkit.Chem.rdchem.Mol object at 0x000001F2C84E5B60>
Oc1ccc(C2=C(c3ccc(OCCN4CCC4)cc3)c3ccccc3OCC2)cc1,1.9,<rdkit.Chem.rdchem.Mol object at 0x000001F2C84E5BD0>
Oc1ccc(C2=C(c3ccc(OCCN4CCCC4)cc3)CCOc3cc(F)ccc32)cc1,5.57,<rdkit.Chem.rdchem.Mol object at 0x000001F2C84E5C40>
Oc1ccc(C2=C(c3ccc(OCCN4CCCC4)cc3)c3ccc(F)cc3OCC2)cc1,10.4,<rdkit.Chem.rdchem.Mol object at 0x000001F2C84E5CB0>
Oc1ccc(C2=C(c3ccc(OCCN4CCCC4)cc3)c3ccc(O)cc3OCC2)cc1,8.4,<rdkit.Chem.rdchem.Mol object at 0x000001F2C84E5D20>
Oc1ccc(C2=C(c3ccc(OCCN4CCCCC4)cc3)Oc3ccc(O)cc3S2)cc1,3.3499999999999996,<rdkit.Chem.rdchem.Mol object at 0x000001F2C84E5D90>
Oc1ccc(C2=C(c3ccc(OCCN4CCCCC4)cc3)c3ccc(F)cc3OCC2)cc1,6.5,<rdkit.Chem.rdchem.Mol object at 0x000001F2C84E5E00>
Oc1ccc(C2=C(c3ccc(O[C@H]4CCN(CCCF)C4)cc3)c3cc(O)ccc3CCC2)cc1,22.0,<rdkit.Chem.rdchem.Mol object at 0x000001F2C84E5E70>
Oc1ccc(C2=C(c3ccc(O[C@H]4CCN(CCCF)C4)cc3)c3ccc(O)cc3CCC2)c(F)c1,3.0,<rdkit.Chem.rdchem.Mol object at 0x000001F2C84E5EE0>
Oc1ccc(C2=C(c3ccc(O[C@H]4CCN(CCCF)C4)cc3)c3ccc(O)cc3CCC2)cc1,3.0,<rdkit.Chem.rdchem.Mol object at 0x000001F2C84E5F50>
Oc1ccc(C2=COc3cc(O)ccc3C2)cc1,1000000.0,<rdkit.Chem.rdchem.Mol object at 0x000001F2C84E5FC0>
Oc1ccc(C2=Cc3cc(O)ccc3C23Cc2ccc(OCCN4CCCCC4)cc2C3)cc1,1.0,<rdkit.Chem.rdchem.Mol object at 0x000001F2C84E6030>
Oc1ccc(C2=Cc3cc(O)ccc3C23Cc2ccccc2C3)cc1,4.3,<rdkit.Chem.rdchem.Mol object at 0x000001F2C84E60A0>
Oc1ccc(C2=Nc3c(O)cc(O)cc3OC2)cc1,33000.0,<rdkit.Chem.rdchem.Mol object at 0x000001F2C84E6110>
Oc1ccc(C2=Nc3ccc(O)cc3OC2)cc1,16000.0,<rdkit.Chem.rdchem.Mol object at 0x000001F2C84E6180>
Oc1ccc(C2CN(Cc3ccccc3)Cc3cc(O)ccc32)cc1,20.1,<rdkit.Chem.rdchem.Mol object at 0x000001F2C84E61F0>
Oc1ccc(C2Cc3ccc(O)cc3N(CC3CC3)C2)cc1,1630.0,<rdkit.Chem.rdchem.Mol object at 0x000001F2C84E6260>
Oc1ccc(C2c3sc(O)nc3SC3C4CCC(C4)C23)cc1,50000.0,<rdkit.Chem.rdchem.Mol object at 0x000001F2C84E62D0>
Oc1ccc(CCNc2nc(SCCCc3ccc(Cl)cc3)nc(N3CCNCC3)n2)cc1,80.0,<rdkit.Chem.rdchem.Mol object at 0x000001F2C84E6340>
Oc1ccc(CNc2nc(Cl)nc3scc(-c4ccccc4)c23)cc1,65.0,<rdkit.Chem.rdchem.Mol object at 0x000001F2C84E63B0>
Oc1ccc(C[C@H]2Sc3cc(O)ccc3O[C@H]2c2ccc(OCCN3CCCCC3)cc2)cc1,2.7,<rdkit.Chem.rdchem.Mol object at 0x000001F2C84E6420>
Oc1ccc(Cc2ccc(O)cc2)cc1,5713.5,<rdkit.Chem.rdchem.Mol object at 0x000001F2C84E6490>
Oc1ccc(Oc2ccc(O)cc2)cc1,60000.0,<rdkit.Chem.rdchem.Mol object at 0x000001F2C84E6500>
Oc1ccc(P(=S)(c2ccccc2)c2ccccc2)cc1,20000.0,<rdkit.Chem.rdchem.Mol object at 0x000001F2C84E6570>
Oc1ccc(P(=[Se])(c2ccccc2)c2ccccc2)cc1,20000.0,<rdkit.Chem.rdchem.Mol object at 0x000001F2C84E65E0>
Oc1ccc([C@@H]2Cc3ccc(O)cc3O[C@@H]2c2ccc(OCCN3CCCCC3)cc2)cc1,6.7,<rdkit.Chem.rdchem.Mol object at 0x000001F2C84E6650>
Oc1ccc([C@@H]2Sc3c(Cl)cc(O)cc3O[C@@H]2c2ccc(OCCN3CCCCC3)cc2)cc1,0.51,<rdkit.Chem.rdchem.Mol object at 0x000001F2C84E66C0>
Oc1ccc([C@@H]2Sc3c(F)cc(O)cc3O[C@@H]2c2ccc(OCCN3CCCCC3)cc2)cc1,0.5,<rdkit.Chem.rdchem.Mol object at 0x000001F2C84E6730>
Oc1ccc([C@@H]2Sc3c(O)cc(O)cc3O[C@@H]2c2ccc(OCCN3CCCCC3)cc2)cc1,25.0,<rdkit.Chem.rdchem.Mol object at 0x000001F2C84E67A0>
Oc1ccc([C@@H]2Sc3c(ccc(O)c3Cl)O[C@@H]2c2ccc(OCCN3CCCCC3)cc2)cc1,2.4,<rdkit.Chem.rdchem.Mol object at 0x000001F2C84E6810>
Oc1ccc([C@@H]2Sc3c(ccc(O)c3F)O[C@@H]2c2ccc(OCCN3CCCCC3)cc2)cc1,0.8,<rdkit.Chem.rdchem.Mol object at 0x000001F2C84E6880>
Oc1ccc([C@@H]2Sc3cc(Cl)c(O)cc3O[C@@H]2c2ccc(OCCN3CCCCC3)cc2)cc1,23.1,<rdkit.Chem.rdchem.Mol object at 0x000001F2C84E68F0>
Oc1ccc([C@@H]2Sc3cc(O)c(Cl)cc3O[C@@H]2c2ccc(OCCN3CCCCC3)cc2)cc1,5.4,<rdkit.Chem.rdchem.Mol object at 0x000001F2C84E6960>
Oc1ccc([C@@H]2Sc3cc(O)c(F)cc3O[C@@H]2c2ccc(OCCN3CCCCC3)cc2)cc1,13.5,<rdkit.Chem.rdchem.Mol object at 0x000001F2C84E69D0>
Oc1ccc([C@@H]2Sc3cc(O)cc(Cl)c3O[C@@H]2c2ccc(OCCN3CCCCC3)cc2)cc1,5.3,<rdkit.Chem.rdchem.Mol object at 0x000001F2C84E6A40>
Oc1ccc([C@@H]2Sc3cc(O)ccc3O[C@@H]2c2ccc(OCCN3CCCCC3)cc2)cc1,23.0,<rdkit.Chem.rdchem.Mol object at 0x000001F2C84E6AB0>
Oc1ccc([C@@H]2Sc3cc(O)ccc3O[C@H]2c2ccc(OCCN3CCCCC3)cc2)cc1,6.3,<rdkit.Chem.rdchem.Mol object at 0x000001F2C84E6B20>
Oc1ccc([C@@H]2Sc3ccc(O)cc3O[C@@H]2c2ccc(OCCN3CCCCC3)cc2)cc1,1.7000000000000002,<rdkit.Chem.rdchem.Mol object at 0x000001F2C84E6B90>
Oc1ccc([C@@H]2Sc3ccccc3O[C@@H]2c2ccc(OCCN3CCCCC3)cc2)cc1,10.0,<rdkit.Chem.rdchem.Mol object at 0x000001F2C84E6C00>
Oc1ccc([C@H]2CCc3ccc(O)cc3O2)cc1,26200.0,<rdkit.Chem.rdchem.Mol object at 0x000001F2C84E6C70>
Oc1ccc([C@H]2COc3cc(O)ccc3C2)cc1,5876.0,<rdkit.Chem.rdchem.Mol object at 0x000001F2C84E6CE0>
Oc1ccc([C@H]2Sc3c(ccc(O)c3F)O[C@H]2c2ccc(OCCN3CCCCC3)cc2)cc1,1.0,<rdkit.Chem.rdchem.Mol object at 0x000001F2C84E6D50>
Oc1ccc([C@H]2Sc3cc(O)ccc3O[C@H]2CCCN2CCCCC2)cc1,0.7,<rdkit.Chem.rdchem.Mol object at 0x000001F2C84E6DC0>
Oc1ccc([C@H]2Sc3cc(O)ccc3O[C@H]2c2ccc(C3=CCNCC3)cc2)cc1,1.4,<rdkit.Chem.rdchem.Mol object at 0x000001F2C84E6E30>
Oc1ccc([C@H]2Sc3cc(O)ccc3O[C@H]2c2ccc(C3CCNCC3)cc2)cc1,1.7,<rdkit.Chem.rdchem.Mol object at 0x000001F2C84E6EA0>
Oc1ccc([C@H]2Sc3cc(O)ccc3O[C@H]2c2ccc(CCCN3CCCCC3)cc2)cc1,1.4,<rdkit.Chem.rdchem.Mol object at 0x000001F2C84E6F10>
Oc1ccc([C@H]2Sc3cc(O)ccc3O[C@H]2c2ccc(CN3CCCCC3)cc2)cc1,155.0,<rdkit.Chem.rdchem.Mol object at 0x000001F2C84E6F80>
Oc1ccc([C@H]2Sc3cc(O)ccc3O[C@H]2c2ccc(COCCN3CCCCC3)cc2)cc1,2.3,<rdkit.Chem.rdchem.Mol object at 0x000001F2C84E6FF0>
Oc1ccc([C@H]2Sc3cc(O)ccc3O[C@H]2c2ccc(N3CCCNCC3)cc2)cc1,3.6,<rdkit.Chem.rdchem.Mol object at 0x000001F2C84E7060>
Oc1ccc([C@H]2Sc3cc(O)ccc3O[C@H]2c2ccc(N3CCNCC3)cc2)cc1,4.4,<rdkit.Chem.rdchem.Mol object at 0x000001F2C84E70D0>
Oc1ccc([C@H]2Sc3cc(O)ccc3O[C@H]2c2ccc(OCCCN3CCCC3)cc2)cc1,1.7,<rdkit.Chem.rdchem.Mol object at 0x000001F2C84E7140>
Oc1ccc([C@H]2Sc3cc(O)ccc3O[C@H]2c2ccc(OCCN3C4CCC3CC4)cc2)cc1,0.9,<rdkit.Chem.rdchem.Mol object at 0x000001F2C84E71B0>
Oc1ccc([C@H]2Sc3cc(O)ccc3O[C@H]2c2ccc(OCCN3C4CCCC3CC4)cc2)cc1,0.6,<rdkit.Chem.rdchem.Mol object at 0x000001F2C84E7220>
Oc1ccc([C@H]2Sc3cc(O)ccc3O[C@H]2c2ccc(OCCN3C4CCCC3CCC4)cc2)cc1,0.6,<rdkit.Chem.rdchem.Mol object at 0x000001F2C84E7290>
Oc1ccc([C@H]2Sc3cc(O)ccc3O[C@H]2c2ccc(OCCN3CC4(CCC4)C3)cc2)cc1,0.4,<rdkit.Chem.rdchem.Mol object at 0x000001F2C84E7300>
Oc1ccc([C@H]2Sc3cc(O)ccc3O[C@H]2c2ccc(OCCN3CC4CC3CO4)cc2)cc1,0.7,<rdkit.Chem.rdchem.Mol object at 0x000001F2C84E7370>
Oc1ccc([C@H]2Sc3cc(O)ccc3O[C@H]2c2ccc(OCCN3CC4CC4C3)cc2)cc1,0.7,<rdkit.Chem.rdchem.Mol object at 0x000001F2C84E73E0>
Oc1ccc([C@H]2Sc3cc(O)ccc3O[C@H]2c2ccc(OCCN3CC4CC5CC(C4)CC3C5)cc2)cc1,0.6,<rdkit.Chem.rdchem.Mol object at 0x000001F2C84E7450>
Oc1ccc([C@H]2Sc3cc(O)ccc3O[C@H]2c2ccc(OCCN3CC4CCC3CC4)cc2)cc1,1.3,<rdkit.Chem.rdchem.Mol object at 0x000001F2C84E74C0>
Oc1ccc([C@H]2Sc3cc(O)ccc3O[C@H]2c2ccc(OCCN3CC4CCC4C3)cc2)cc1,0.8,<rdkit.Chem.rdchem.Mol object at 0x000001F2C84E7530>
Oc1ccc([C@H]2Sc3cc(O)ccc3O[C@H]2c2ccc(OCCN3CCC(F)(F)CC3)cc2)cc1,16.0,<rdkit.Chem.rdchem.Mol object at 0x000001F2C84E75A0>
Oc1ccc([C@H]2Sc3cc(O)ccc3O[C@H]2c2ccc(OCCN3CCC(F)CC3)cc2)cc1,2.5,<rdkit.Chem.rdchem.Mol object at 0x000001F2C84E7610>
Oc1ccc([C@H]2Sc3cc(O)ccc3O[C@H]2c2ccc(OCCN3CCC(O)CC3)cc2)cc1,1.8,<rdkit.Chem.rdchem.Mol object at 0x000001F2C84E7680>
Oc1ccc([C@H]2Sc3cc(O)ccc3O[C@H]2c2ccc(OCCN3CCC4(CC3)OCCO4)cc2)cc1,2.0,<rdkit.Chem.rdchem.Mol object at 0x000001F2C84E76F0>
Oc1ccc([C@H]2Sc3cc(O)ccc3O[C@H]2c2ccc(OCCN3CCC4(CCCC4)CC3)cc2)cc1,1.2,<rdkit.Chem.rdchem.Mol object at 0x000001F2C84E7760>
Oc1ccc([C@H]2Sc3cc(O)ccc3O[C@H]2c2ccc(OCCN3CCCC3)cc2)cc1,2.6,<rdkit.Chem.rdchem.Mol object at 0x000001F2C84E77D0>
Oc1ccc([C@H]2Sc3cc(O)ccc3O[C@H]2c2ccc(OCCN3CCCCC3)cc2)cc1,0.8,<rdkit.Chem.rdchem.Mol object at 0x000001F2C84E7840>
Oc1ccc([C@H]2Sc3cc(O)ccc3O[C@H]2c2ccc(OCCN3CCSCC3)cc2)cc1,1.5,<rdkit.Chem.rdchem.Mol object at 0x000001F2C84E78B0>
Oc1ccc([C@H]2Sc3cc(O)ccc3O[C@H]2c2ccc(OCCN3CC[C@@H](F)C3)cc2)cc1,0.5,<rdkit.Chem.rdchem.Mol object at 0x000001F2C84E7920>
Oc1ccc([C@H]2Sc3cc(O)ccc3O[C@H]2c2ccc(OCCN3CC[C@@H](O)C3)cc2)cc1,1.7,<rdkit.Chem.rdchem.Mol object at 0x000001F2C84E7990>
Oc1ccc([C@H]2Sc3cc(O)ccc3O[C@H]2c2ccc(OCCN3CC[C@@H]4C[C@@H]43)cc2)cc1,0.5,<rdkit.Chem.rdchem.Mol object at 0x000001F2C84E7A00>
Oc1ccc([C@H]2Sc3cc(O)ccc3O[C@H]2c2ccc(OCCN3CC[C@H]4C[C@H]43)cc2)cc1,0.6,<rdkit.Chem.rdchem.Mol object at 0x000001F2C84E7A70>
Oc1ccc([C@H]2Sc3cc(O)ccc3O[C@H]2c2ccc(OCCN3C[C@H]4CCCC[C@H]4C3)cc2)cc1,1.0,<rdkit.Chem.rdchem.Mol object at 0x000001F2C84E7AE0>
Oc1ccc([C@H]2Sc3cc(O)ccc3O[C@H]2c2ccc(OCCN3C[C@H]4CCC[C@H]4C3)cc2)cc1,0.3,<rdkit.Chem.rdchem.Mol object at 0x000001F2C84E7B50>
Oc1ccc([C@H]2Sc3cc(O)ccc3S[C@H]2c2ccc(OCCN3CCCC3)c(Br)c2)cc1,4.0,<rdkit.Chem.rdchem.Mol object at 0x000001F2C84E7BC0>
Oc1ccc([C@H]2Sc3cc(O)ccc3S[C@H]2c2ccc(OCCN3CCCC3)cc2)cc1,18.0,<rdkit.Chem.rdchem.Mol object at 0x000001F2C84E7C30>
Oc1ccc([C@H]2Sc3cc(O)ccc3S[C@H]2c2ccc(OCCN3CCCCC3)c(Br)c2)cc1,5.0,<rdkit.Chem.rdchem.Mol object at 0x000001F2C84E7CA0>
Oc1ccc([C@H]2Sc3cc(O)ccc3S[C@H]2c2ccc(OCCN3CCCCC3)cc2)cc1,21.0,<rdkit.Chem.rdchem.Mol object at 0x000001F2C84E7D10>
Oc1ccc([C@H]2[C@@H](c3ccc(OCCN4CCCCC4)cc3)Oc3cc(O)ccc3[C@@H]2O)cc1,929.0,<rdkit.Chem.rdchem.Mol object at 0x000001F2C84E7D80>
Oc1ccc2c(-c3cc(Br)c(O)cc3O)noc2c1,30.0,<rdkit.Chem.rdchem.Mol object at 0x000001F2C84E7DF0>
Oc1ccc2c(-c3cc(Cl)c(O)cc3O)noc2c1,33.0,<rdkit.Chem.rdchem.Mol object at 0x000001F2C84E7E60>
Oc1ccc2c(-c3ccc(O)c(Br)c3)noc2c1,183.0,<rdkit.Chem.rdchem.Mol object at 0x000001F2C84E7ED0>
Oc1ccc2c(-c3ccc(O)c(Cl)c3)noc2c1,273.0,<rdkit.Chem.rdchem.Mol object at 0x000001F2C84E7F40>
Oc1ccc2c(-c3ccc(O)c(F)c3)noc2c1,161.0,<rdkit.Chem.rdchem.Mol object at 0x000001F2C84D4040>
Oc1ccc2c(-c3ccc4c(Br)c(O)ccc4c3)noc2c1,360.0,<rdkit.Chem.rdchem.Mol object at 0x000001F2C84D40B0>
Oc1ccc2c(-c3ccc4c(O)cccc4c3)noc2c1,24.0,<rdkit.Chem.rdchem.Mol object at 0x000001F2C84D4120>
Oc1ccc2c(-c3cccc4c(O)cccc34)noc2c1,6.0,<rdkit.Chem.rdchem.Mol object at 0x000001F2C84D4190>
Oc1ccc2c(-c3cccc4ccc(O)cc34)noc2c1,1727.0,<rdkit.Chem.rdchem.Mol object at 0x000001F2C84D4200>
Oc1ccc2c(-c3ccccc3O)noc2c1,3000.0,<rdkit.Chem.rdchem.Mol object at 0x000001F2C84D4270>
Oc1ccc2c(-c3nc4cc(F)c(O)cc4o3)cccc2c1,434.0,<rdkit.Chem.rdchem.Mol object at 0x000001F2C84D42E0>
Oc1ccc2c(-c3nc4cc(O)ccc4o3)cccc2c1,153.0,<rdkit.Chem.rdchem.Mol object at 0x000001F2C84D4350>
Oc1ccc2c(-c3nc4ccc(O)cc4o3)cccc2c1,35.0,<rdkit.Chem.rdchem.Mol object at 0x000001F2C84D43C0>
Oc1ccc2c(-c3noc4cc(O)ccc34)cccc2c1,49.0,<rdkit.Chem.rdchem.Mol object at 0x000001F2C84D4430>
Oc1ccc2c(Oc3ccc(OCCN4CCCCC4)cc3)c(-c3ccc(Br)cc3)sc2c1,27.0,<rdkit.Chem.rdchem.Mol object at 0x000001F2C84D44A0>
Oc1ccc2c(Oc3ccc(OCCN4CCCCC4)cc3)c(-c3ccc(F)cc3)sc2c1,17.2,<rdkit.Chem.rdchem.Mol object at 0x000001F2C84D4510>
Oc1ccc2c(Oc3ccc(OCCN4CCCCC4)cc3)c(-c3ccc(NCCCl)cc3)sc2c1,35.6,<rdkit.Chem.rdchem.Mol object at 0x000001F2C84D4580>
Oc1ccc2c(Oc3ccc(OCCN4CCCCC4)cc3)c(-c3ccccc3)sc2c1,10.9,<rdkit.Chem.rdchem.Mol object at 0x000001F2C84D45F0>
Oc1ccc2c(c1)C(c1ccc(OCCN3CCCCC3)cc1)c1c(sc3cc(O)ccc13)C2,26.95,<rdkit.Chem.rdchem.Mol object at 0x000001F2C84D4660>
Oc1ccc2c(c1)C(c1ccc(O[C@H]3CCN(CCCF)C3)cc1)=C(c1ccc(F)cc1Cl)CCC2,68.0,<rdkit.Chem.rdchem.Mol object at 0x000001F2C84D46D0>
Oc1ccc2c(c1)C(c1ccc(O[C@H]3CCN(CCCF)C3)cc1)=C(c1ccc3[nH]ccc3c1)CCC2,139.0,<rdkit.Chem.rdchem.Mol object at 0x000001F2C84D4740>
Oc1ccc2c(c1)C1=C(c3cc(O)ccc3OCC1)C(c1ccc(OCCN3CC(CF)C3)cc1)O2,1.7200000000000002,<rdkit.Chem.rdchem.Mol object at 0x000001F2C84D47B0>
Oc1ccc2c(c1)C=C(c1ccccc1)C21Cc2ccccc2C1,24.0,<rdkit.Chem.rdchem.Mol object at 0x000001F2C84D4820>
Oc1ccc2c(c1)CC1(C2)C(c2ccccc2)=Cc2ccccc21,58.0,<rdkit.Chem.rdchem.Mol object at 0x000001F2C84D4890>
Oc1ccc2c(c1)CC1Oc3cc(O)ccc3N=C21,5600.0,<rdkit.Chem.rdchem.Mol object at 0x000001F2C84D4900>
Oc1ccc2c(c1)CCC(c1ccccc1)C2c1ccc(OCCN2CCCC2)cc1,0.5,<rdkit.Chem.rdchem.Mol object at 0x000001F2C84D4970>
Oc1ccc2c(c1)CCC1Oc3cc(O)ccc3N=C21,6000.0,<rdkit.Chem.rdchem.Mol object at 0x000001F2C84D49E0>
Oc1ccc2c(c1)CCCC(C1=CCC(F)(F)CC1)=C2c1ccc(O[C@H]2CCN(CCCF)C2)cc1,19.0,<rdkit.Chem.rdchem.Mol object at 0x000001F2C84D4A50>
Oc1ccc2c(c1)CCCC(C1=CCNCC1)=C2c1ccc(O[C@H]2CCN(CCCF)C2)cc1,341.0,<rdkit.Chem.rdchem.Mol object at 0x000001F2C84D4AC0>
Oc1ccc2c(c1)CCCC(C1=CCOCC1)=C2c1ccc(O[C@H]2CCN(CCCF)C2)cc1,48.0,<rdkit.Chem.rdchem.Mol object at 0x000001F2C84D4B30>
Oc1ccc2c(c1)CCCC(C1CCC(F)(F)CC1)=C2c1ccc(O[C@H]2CCN(CCCF)C2)cc1,543.0,<rdkit.Chem.rdchem.Mol object at 0x000001F2C84D4BA0>
Oc1ccc2c(c1)CCCC(C1CCC(O)CC1)=C2c1ccc(O[C@H]2CCN(CCCF)C2)cc1,15.5,<rdkit.Chem.rdchem.Mol object at 0x000001F2C84D4C10>
Oc1ccc2c(c1)CCCC(C1CCC3(CC1)OCCO3)=C2c1ccc(O[C@H]2CCN(CCCF)C2)cc1,187.0,<rdkit.Chem.rdchem.Mol object at 0x000001F2C84D4C80>
Oc1ccc2c(c1)CCCC(C1CCOCC1)=C2c1ccc(O[C@H]2CCN(CCCF)C2)cc1,29.0,<rdkit.Chem.rdchem.Mol object at 0x000001F2C84D4CF0>
Oc1ccc2c(c1)CCCC(c1cc(F)c(Cl)cc1Cl)=C2c1ccc(O[C@H]2CCN(CCCF)C2)cc1,159.0,<rdkit.Chem.rdchem.Mol object at 0x000001F2C84D4D60>
Oc1ccc2c(c1)CCCC(c1cc(F)c(OC(F)(F)F)c(F)c1)=C2c1ccc(O[C@H]2CCN(CCCF)C2)cc1,645.0,<rdkit.Chem.rdchem.Mol object at 0x000001F2C84D4DD0>
Oc1ccc2c(c1)CCCC(c1cc(F)c(OC(F)F)c(F)c1)=C2c1ccc(O[C@H]2CCN(CCCF)C2)cc1,363.0,<rdkit.Chem.rdchem.Mol object at 0x000001F2C84D4E40>
Oc1ccc2c(c1)CCCC(c1ccc(C(F)(F)F)cc1)=C2c1ccc(O[C@H]2CCN(CCCF)C2)cc1,185.0,<rdkit.Chem.rdchem.Mol object at 0x000001F2C84D4EB0>
Oc1ccc2c(c1)CCCC(c1ccc(C(F)(F)F)nc1)=C2c1ccc(O[C@H]2CCN(CCCF)C2)cc1,109.0,<rdkit.Chem.rdchem.Mol object at 0x000001F2C84D4F20>
Oc1ccc2c(c1)CCCC(c1ccc(C(F)(F)F)nc1Cl)=C2c1ccc(O[C@H]2CCN(CCCF)C2)cc1,141.0,<rdkit.Chem.rdchem.Mol object at 0x000001F2C84D4F90>
Oc1ccc2c(c1)CCCC(c1ccc(C(F)(F)F)nc1F)=C2c1ccc(O[C@H]2CCN(CCCF)C2)cc1,290.0,<rdkit.Chem.rdchem.Mol object at 0x000001F2C84D5000>
Oc1ccc2c(c1)CCCC(c1ccc(C(F)F)cc1)=C2c1ccc(O[C@H]2CCN(CCCF)C2)cc1,64.0,<rdkit.Chem.rdchem.Mol object at 0x000001F2C84D5070>
Oc1ccc2c(c1)CCCC(c1ccc(C3COC3)cc1)=C2c1ccc(O[C@H]2CCN(CCCF)C2)cc1,198.0,<rdkit.Chem.rdchem.Mol object at 0x000001F2C84D50E0>
Oc1ccc2c(c1)CCCC(c1ccc(Cl)c(Cl)c1)=C2c1ccc(O[C@H]2CCN(CCCF)C2)cc1,651.0,<rdkit.Chem.rdchem.Mol object at 0x000001F2C84D5150>
Oc1ccc2c(c1)CCCC(c1ccc(Cl)c(F)c1)=C2c1ccc(O[C@H]2CCN(CCCF)C2)cc1,63.0,<rdkit.Chem.rdchem.Mol object at 0x000001F2C84D51C0>
Oc1ccc2c(c1)CCCC(c1ccc(Cl)cc1Cl)=C2c1ccc(C=C2CN(CCCF)C2)cc1,0.2,<rdkit.Chem.rdchem.Mol object at 0x000001F2C84D5230>
Oc1ccc2c(c1)CCCC(c1ccc(Cl)cc1Cl)=C2c1ccc(O[C@H]2CCN(CCCF)C2)cc1,21.0,<rdkit.Chem.rdchem.Mol object at 0x000001F2C84D52A0>
Oc1ccc2c(c1)CCCC(c1ccc(Cl)cc1F)=C2c1ccc(O[C@H]2CCN(CCCF)C2)cc1,24.0,<rdkit.Chem.rdchem.Mol object at 0x000001F2C84D5310>
Oc1ccc2c(c1)CCCC(c1ccc(Cl)nc1)=C2c1ccc(O[C@H]2CCN(CCCF)C2)cc1,347.0,<rdkit.Chem.rdchem.Mol object at 0x000001F2C84D5380>
Oc1ccc2c(c1)CCCC(c1ccc(Cl)nc1Cl)=C2c1ccc(O[C@H]2CCN(CCCF)C2)cc1,164.0,<rdkit.Chem.rdchem.Mol object at 0x000001F2C84D53F0>
Oc1ccc2c(c1)CCCC(c1ccc(F)cc1C(F)(F)F)=C2c1ccc(O[C@H]2CCN(CCCF)C2)cc1,99.0,<rdkit.Chem.rdchem.Mol object at 0x000001F2C84D5460>
Oc1ccc2c(c1)CCCC(c1ccc(F)cc1Cl)=C2c1ccc(O[C@H]2CCN(CCCF)C2)cc1,21.0,<rdkit.Chem.rdchem.Mol object at 0x000001F2C84D54D0>
Oc1ccc2c(c1)CCCC(c1ccc(N3CCCC3)cc1)=C2c1ccc(O[C@H]2CCN(CCCF)C2)cc1,4.0,<rdkit.Chem.rdchem.Mol object at 0x000001F2C84D5540>
Oc1ccc2c(c1)CCCC(c1ccc(N3CCCCC3)c(F)c1F)=C2c1ccc(O[C@H]2CCN(CCCF)C2)cc1,15.0,<rdkit.Chem.rdchem.Mol object at 0x000001F2C84D55B0>
Oc1ccc2c(c1)CCCC(c1ccc(N3CCOCC3)cc1)=C2c1ccc(O[C@H]2CCN(CCCF)C2)cc1,75.0,<rdkit.Chem.rdchem.Mol object at 0x000001F2C84D5620>
Oc1ccc2c(c1)CCCC(c1ccc(O)nc1F)=C2c1ccc(O[C@H]2CCN(CCCF)C2)cc1,1072.0,<rdkit.Chem.rdchem.Mol object at 0x000001F2C84D5690>
Oc1ccc2c(c1)CCCC(c1ccc(OC(F)(F)F)c(Cl)c1)=C2c1ccc(O[C@H]2CCN(CCCF)C2)cc1,1641.0,<rdkit.Chem.rdchem.Mol object at 0x000001F2C84D5700>
Oc1ccc2c(c1)CCCC(c1ccc(OC(F)(F)F)cc1)=C2c1ccc(O[C@H]2CCN(CCCF)C2)cc1,679.0,<rdkit.Chem.rdchem.Mol object at 0x000001F2C84D5770>
Oc1ccc2c(c1)CCCC(c1ccc(OC(F)(F)F)cc1Cl)=C2c1ccc(O[C@H]2CCN(CCCF)C2)cc1,134.0,<rdkit.Chem.rdchem.Mol object at 0x000001F2C84D57E0>
Oc1ccc2c(c1)CCCC(c1ccc(OC(F)(F)F)cc1F)=C2c1ccc(O[C@H]2CCN(CCCF)C2)cc1,163.0,<rdkit.Chem.rdchem.Mol object at 0x000001F2C84D5850>
Oc1ccc2c(c1)CCCC(c1ccc(OC(F)F)c(F)c1)=C2c1ccc(O[C@H]2CCN(CCCF)C2)cc1,127.0,<rdkit.Chem.rdchem.Mol object at 0x000001F2C84D58C0>
Oc1ccc2c(c1)CCCC(c1ccc(OC(F)F)cc1)=C2c1ccc(O[C@H]2CCN(CCCF)C2)cc1,90.0,<rdkit.Chem.rdchem.Mol object at 0x000001F2C84D5930>
Oc1ccc2c(c1)CCCC(c1ccc(OC(F)F)cc1F)=C2c1ccc(O[C@H]2CCN(CCCF)C2)cc1,25.0,<rdkit.Chem.rdchem.Mol object at 0x000001F2C84D59A0>
Oc1ccc2c(c1)CCCC(c1ccc(OC(F)F)nc1)=C2c1ccc(O[C@H]2CCN(CCCF)C2)cc1,93.0,<rdkit.Chem.rdchem.Mol object at 0x000001F2C84D5A10>
Oc1ccc2c(c1)CCCC(c1ccc(OCC(F)(F)F)cc1)=C2c1ccc(O[C@H]2CCN(CCCF)C2)cc1,714.0,<rdkit.Chem.rdchem.Mol object at 0x000001F2C84D5A80>
Oc1ccc2c(c1)CCCC(c1ccc(OCC(F)F)cc1F)=C2c1ccc(O[C@H]2CCN(CCCF)C2)cc1,321.0,<rdkit.Chem.rdchem.Mol object at 0x000001F2C84D5AF0>
Oc1ccc2c(c1)CCCC(c1ccc(OCCF)cc1)=C2c1ccc(O[C@H]2CCN(CCCF)C2)cc1,44.0,<rdkit.Chem.rdchem.Mol object at 0x000001F2C84D5B60>
Oc1ccc2c(c1)CCCC(c1ccc(S(F)(F)(F)(F)F)cc1)=C2c1ccc(O[C@H]2CCN(CCCF)C2)cc1,981.0,<rdkit.Chem.rdchem.Mol object at 0x000001F2C84D5BD0>
Oc1ccc2c(c1)CCCC(c1ccc(SC(F)(F)F)cc1)=C2c1ccc(O[C@H]2CCN(CCCF)C2)cc1,322.0,<rdkit.Chem.rdchem.Mol object at 0x000001F2C84D5C40>
Oc1ccc2c(c1)CCCC(c1ccc(SC(F)F)cc1)=C2c1ccc(O[C@H]2CCN(CCCF)C2)cc1,53.0,<rdkit.Chem.rdchem.Mol object at 0x000001F2C84D5CB0>
Oc1ccc2c(c1)CCCC(c1ccc3[nH]ccc3c1)=C2c1ccc(O[C@H]2CCN(CCCF)C2)cc1,10.0,<rdkit.Chem.rdchem.Mol object at 0x000001F2C84D5D20>
Oc1ccc2c(c1)CCCC(c1ccc3[nH]ncc3c1)=C2c1ccc(O[C@H]2CCN(CCCF)C2)cc1,431.0,<rdkit.Chem.rdchem.Mol object at 0x000001F2C84D5D90>
Oc1ccc2c(c1)CCCC(c1ccc3c(c1)CCCN3)=C2c1ccc(O[C@H]2CCN(CCCF)C2)cc1,40.0,<rdkit.Chem.rdchem.Mol object at 0x000001F2C84D5E00>
Oc1ccc2c(c1)CCCC(c1ccc3c(c1)CCN3)=C2c1ccc(O[C@H]2CCN(CCCF)C2)cc1,26.0,<rdkit.Chem.rdchem.Mol object at 0x000001F2C84D5E70>
Oc1ccc2c(c1)CCCC(c1ccc3c(c1)NCCC3)=C2c1ccc(O[C@H]2CCN(CCCF)C2)cc1,63.0,<rdkit.Chem.rdchem.Mol object at 0x000001F2C84D5EE0>
Oc1ccc2c(c1)CCCC(c1ccc3c(c1)NCCO3)=C2c1ccc(O[C@H]2CCN(CCCF)C2)cc1,3844.0,<rdkit.Chem.rdchem.Mol object at 0x000001F2C84D5F50>
Oc1ccc2c(c1)CCCC(c1ccc3c(c1)OC(F)(F)C(F)(F)O3)=C2c1ccc(O[C@H]2CCN(CCCF)C2)cc1,124.0,<rdkit.Chem.rdchem.Mol object at 0x000001F2C84D5FC0>
Oc1ccc2c(c1)CCCC(c1ccc3c(c1)OC(F)(F)O3)=C2c1ccc(O[C@H]2CCN(CCCF)C2)cc1,28.0,<rdkit.Chem.rdchem.Mol object at 0x000001F2C84D6030>
Oc1ccc2c(c1)CCCC(c1ccc3c(c1)OCCO3)=C2c1ccc(O[C@H]2CCN(CCCF)C2)cc1,6.0,<rdkit.Chem.rdchem.Mol object at 0x000001F2C84D60A0>
Oc1ccc2c(c1)CCCC(c1ccc3cc[nH]c3c1)=C2c1ccc(O[C@H]2CCN(CCCF)C2)cc1,26.0,<rdkit.Chem.rdchem.Mol object at 0x000001F2C84D6110>
Oc1ccc2c(c1)CCCC(c1ccc3cnoc3c1)=C2c1ccc(O[C@H]2CCN(CCCF)C2)cc1,74.0,<rdkit.Chem.rdchem.Mol object at 0x000001F2C84D6180>
Oc1ccc2c(c1)CCCC(c1ccc3ncoc3c1)=C2c1ccc(O[C@H]2CCN(CCCF)C2)cc1,3097.0,<rdkit.Chem.rdchem.Mol object at 0x000001F2C84D61F0>
Oc1ccc2c(c1)CCCC(c1ccc3ncsc3c1)=C2c1ccc(O[C@H]2CCN(CCCF)C2)cc1,538.0,<rdkit.Chem.rdchem.Mol object at 0x000001F2C84D6260>
Oc1ccc2c(c1)CCCC(c1ccc3nonc3c1)=C2c1ccc(O[C@H]2CCN(CCCF)C2)cc1,38.0,<rdkit.Chem.rdchem.Mol object at 0x000001F2C84D62D0>
Oc1ccc2c(c1)CCCC(c1ccc3nsnc3c1)=C2c1ccc(O[C@H]2CCN(CCCF)C2)cc1,34.0,<rdkit.Chem.rdchem.Mol object at 0x000001F2C84D6340>
Oc1ccc2c(c1)CCCC(c1ccc3occc3c1)=C2c1ccc(O[C@H]2CCN(CCCF)C2)cc1,4.0,<rdkit.Chem.rdchem.Mol object at 0x000001F2C84D63B0>
Oc1ccc2c(c1)CCCC(c1ccc3ocnc3c1)=C2c1ccc(O[C@H]2CCN(CCCF)C2)cc1,5.0,<rdkit.Chem.rdchem.Mol object at 0x000001F2C84D6420>
Oc1ccc2c(c1)CCCC(c1ccc3oncc3c1)=C2c1ccc(O[C@H]2CCN(CCCF)C2)cc1,2414.0,<rdkit.Chem.rdchem.Mol object at 0x000001F2C84D6490>
Oc1ccc2c(c1)CCCC(c1ccc3scnc3c1)=C2c1ccc(O[C@H]2CCN(CCCF)C2)cc1,435.0,<rdkit.Chem.rdchem.Mol object at 0x000001F2C84D6500>
Oc1ccc2c(c1)CCCC(c1ccc3sncc3c1)=C2c1ccc(O[C@H]2CCN(CCCF)C2)cc1,586.0,<rdkit.Chem.rdchem.Mol object at 0x000001F2C84D6570>
Oc1ccc2c(c1)CCCC(c1cccc(Cl)c1F)=C2c1ccc(O[C@H]2CCN(CCCF)C2)cc1,53.0,<rdkit.Chem.rdchem.Mol object at 0x000001F2C84D65E0>
Oc1ccc2c(c1)CCCC(c1cccc(F)c1Cl)=C2c1ccc(O[C@H]2CCN(CCCF)C2)cc1,8.0,<rdkit.Chem.rdchem.Mol object at 0x000001F2C84D6650>
Oc1ccc2c(c1)CCCC(c1cccc3[nH]ccc13)=C2c1ccc(O[C@H]2CCN(CCCF)C2)cc1,9.0,<rdkit.Chem.rdchem.Mol object at 0x000001F2C84D66C0>
Oc1ccc2c(c1)CCCC(c1cccc3ncccc13)=C2c1ccc(O[C@H]2CCN(CCCF)C2)cc1,132.0,<rdkit.Chem.rdchem.Mol object at 0x000001F2C84D6730>
Oc1ccc2c(c1)CCCC(c1ccccc1)=C2c1ccc(O[C@H]2CCN(CCCF)C2)cc1,57.0,<rdkit.Chem.rdchem.Mol object at 0x000001F2C84D67A0>
Oc1ccc2c(c1)CCCC(c1ccccc1C(F)(F)F)=C2c1ccc(O[C@H]2CCN(CCCF)C2)cc1,39.0,<rdkit.Chem.rdchem.Mol object at 0x000001F2C84D6810>
Oc1ccc2c(c1)CCCC(c1ccccc1Cl)=C2c1ccc(O[C@H]2CCN(CCCF)C2)cc1,24.0,<rdkit.Chem.rdchem.Mol object at 0x000001F2C84D6880>
Oc1ccc2c(c1)CCCC(c1cccnc1)=C2c1ccc(O[C@H]2CCN(CCCF)C2)cc1,117.0,<rdkit.Chem.rdchem.Mol object at 0x000001F2C84D68F0>
Oc1ccc2c(c1)CCCC(c1ccncc1)=C2c1ccc(O[C@H]2CCN(CCCF)C2)cc1,47.0,<rdkit.Chem.rdchem.Mol object at 0x000001F2C84D6960>
Oc1ccc2c(c1)CCCC(c1ccncc1F)=C2c1ccc(O[C@H]2CCN(CCCF)C2)cc1,7.0,<rdkit.Chem.rdchem.Mol object at 0x000001F2C84D69D0>
Oc1ccc2c(c1)CCCC(c1cnc(C(F)(F)F)nc1)=C2c1ccc(O[C@H]2CCN(CCCF)C2)cc1,964.0,<rdkit.Chem.rdchem.Mol object at 0x000001F2C84D6A40>
Oc1ccc2c(c1)CCCC(c1cnc3[nH]ccc3c1)=C2c1ccc(O[C@H]2CCN(CCCF)C2)cc1,26.0,<rdkit.Chem.rdchem.Mol object at 0x000001F2C84D6AB0>
Oc1ccc2c(c1)CCCC(c1cncc(Cl)c1)=C2c1ccc(O[C@H]2CCN(CCCF)C2)cc1,172.0,<rdkit.Chem.rdchem.Mol object at 0x000001F2C84D6B20>
Oc1ccc2c(c1)CCCC(c1cncc(F)c1)=C2c1ccc(O[C@H]2CCN(CCCF)C2)cc1,190.0,<rdkit.Chem.rdchem.Mol object at 0x000001F2C84D6B90>
Oc1ccc2c(c1)CCCC(c1cnoc1)=C2c1ccc(O[C@H]2CCN(CCCF)C2)cc1,89.0,<rdkit.Chem.rdchem.Mol object at 0x000001F2C84D6C00>
Oc1ccc2c(c1)CCN(Cc1ccc3c(c1)OCO3)C2c1ccc(OCCN2CCCC2)cc1,9.2,<rdkit.Chem.rdchem.Mol object at 0x000001F2C84D6C70>
Oc1ccc2c(c1)CCN(Cc1ccccc1)C2c1ccc(OCCN2CCCC2)cc1,4.7,<rdkit.Chem.rdchem.Mol object at 0x000001F2C84D6CE0>
Oc1ccc2c(c1)CCN(c1ccccc1)C2C1CCCCC1,29.8,<rdkit.Chem.rdchem.Mol object at 0x000001F2C84D6D50>
Oc1ccc2c(c1)CCN(c1ccccc1)C2CC1CCCCC1,53.1,<rdkit.Chem.rdchem.Mol object at 0x000001F2C84D6DC0>
Oc1ccc2c(c1)CCN(c1ccccc1)C2Cc1ccccc1,6.7,<rdkit.Chem.rdchem.Mol object at 0x000001F2C84D6E30>
Oc1ccc2c(c1)CCN(c1ccccc1)C2c1ccc(F)cc1,285.0,<rdkit.Chem.rdchem.Mol object at 0x000001F2C84D6EA0>
Oc1ccc2c(c1)CCN(c1ccccc1)C2c1ccc(N2CCN3CCCCC3C2)cc1,43.1,<rdkit.Chem.rdchem.Mol object at 0x000001F2C84D6F10>
Oc1ccc2c(c1)CCN(c1ccccc1)C2c1ccc(OCCN2CCCC2)cc1,11.5,<rdkit.Chem.rdchem.Mol object at 0x000001F2C84D6F80>
Oc1ccc2c(c1)CCN(c1ccccc1)C2c1ccc(OCCN2CCCCC2)cc1,17.75,<rdkit.Chem.rdchem.Mol object at 0x000001F2C84D6FF0>
Oc1ccc2c(c1)CCN(c1ccccc1)C2c1ccccc1,30.7,<rdkit.Chem.rdchem.Mol object at 0x000001F2C84D7060>
Oc1ccc2c(c1)CCN(c1ccccc1)C2c1cccs1,50.0,<rdkit.Chem.rdchem.Mol object at 0x000001F2C84D70D0>
Oc1ccc2c(c1)CC[C@H](c1ccccc1)[C@@H]2c1ccc(OCCN2CCCC2)cc1,2.25,<rdkit.Chem.rdchem.Mol object at 0x000001F2C84D7140>
Oc1ccc2c(c1)CO[C@H](c1ccccc1)[C@@H]2c1ccc(OCCN2CCCC2)cc1,2.4,<rdkit.Chem.rdchem.Mol object at 0x000001F2C84D71B0>
Oc1ccc2c(c1)CS[C@H](c1ccccc1)[C@@H]2c1ccc(OCCN2CCCC2)cc1,0.6,<rdkit.Chem.rdchem.Mol object at 0x000001F2C84D7220>
Oc1ccc2c(c1)OC(c1ccc(OCCN3CC(CF)C3)cc1)C1=C2CCOc2cc(O)ccc21,0.045,<rdkit.Chem.rdchem.Mol object at 0x000001F2C84D7290>
Oc1ccc2c(c1)OC(c1ccc(OCCN3CC(CF)C3)cc1)C1=C2CCOc2ccc(O)cc21,5.1049999999999995,<rdkit.Chem.rdchem.Mol object at 0x000001F2C84D7300>
Oc1ccc2c(c1)OC(c1ccc(OCCN3CCCCC3)cc1)C1=C2CCCOc2cc(O)ccc21,23.0,<rdkit.Chem.rdchem.Mol object at 0x000001F2C84D7370>
Oc1ccc2c(c1)OC(c1ccc(OCCN3CCCCC3)cc1)C1=C2CCOc2cc(O)ccc21,6.64,<rdkit.Chem.rdchem.Mol object at 0x000001F2C84D73E0>
Oc1ccc2c(c1)OC(c1ccc(OCCN3CC[C@@H](CF)C3)cc1)C1=C2CCOc2cc(O)ccc21,0.076,<rdkit.Chem.rdchem.Mol object at 0x000001F2C84D7450>
Oc1ccc2c(c1)OCCC1=C2C(c2ccc(OCCN3CC(CF)C3)cc2)Oc2ccc(O)cc21,0.0225,<rdkit.Chem.rdchem.Mol object at 0x000001F2C84D74C0>
Oc1ccc2c(c1)OCCC1=C2[C@@H](c2ccc(OCCN3CCCCC3)cc2)Oc2ccccc21,5.8,<rdkit.Chem.rdchem.Mol object at 0x000001F2C84D7530>
Oc1ccc2c(c1)OCCC1=C2[C@@H](c2ccc(OCCN3CCCCCC3)cc2)Oc2cc(F)ccc21,3.3,<rdkit.Chem.rdchem.Mol object at 0x000001F2C84D75A0>
Oc1ccc2c(c1)OCCC1=C2[C@@H](c2ccc(OCCN3CCCCCC3)cc2)Oc2ccccc21,11.0,<rdkit.Chem.rdchem.Mol object at 0x000001F2C84D7610>
Oc1ccc2c(c1)OCCC1=C2[C@H](c2ccc(OCCN3CCCCC3)cc2)Oc2ccccc21,4.2,<rdkit.Chem.rdchem.Mol object at 0x000001F2C84D7680>
Oc1ccc2c(c1)OCCC1=C2[C@H](c2ccc(OCCN3CCCCCC3)cc2)Oc2cc(F)ccc21,5.0,<rdkit.Chem.rdchem.Mol object at 0x000001F2C84D76F0>
Oc1ccc2c(c1)OCCC1=C2[C@H](c2ccc(OCCN3CCCCCC3)cc2)Oc2ccccc21,4.5,<rdkit.Chem.rdchem.Mol object at 0x000001F2C84D7760>
Oc1ccc2c(c1)O[C@@H](c1ccc(OCCCN3CCCCC3)cc1)C1=C2CCOc2cc(O)ccc21,55.0,<rdkit.Chem.rdchem.Mol object at 0x000001F2C84D77D0>
Oc1ccc2c(c1)O[C@@H](c1ccc(OCCN3CC(CF)C3)cc1)C1=C2CCOc2cc(O)ccc21,0.055,<rdkit.Chem.rdchem.Mol object at 0x000001F2C84D7840>
Oc1ccc2c(c1)O[C@@H](c1ccc(OCCN3CCCC3)cc1)C1=C2CCOc2cc(O)ccc21,2.5,<rdkit.Chem.rdchem.Mol object at 0x000001F2C84D78B0>
Oc1ccc2c(c1)O[C@@H](c1ccc(OCCN3CCCCC3)cc1)C1=C2CCOc2cc(O)ccc21,3.4,<rdkit.Chem.rdchem.Mol object at 0x000001F2C84D7920>
Oc1ccc2c(c1)O[C@@H](c1ccc(OCCN3CCCCC3)cc1)C1=C2CCOc2ccccc21,6.3,<rdkit.Chem.rdchem.Mol object at 0x000001F2C84D7990>
Oc1ccc2c(c1)O[C@@H](c1ccc(OCCN3CCCCC3)cc1)C1=C2COc2cc(O)ccc21,0.61,<rdkit.Chem.rdchem.Mol object at 0x000001F2C84D7A00>
Oc1ccc2c(c1)O[C@@H](c1ccc(OCCN3CCCCCC3)cc1)C1=C2CCOc2cc(O)ccc21,2.4,<rdkit.Chem.rdchem.Mol object at 0x000001F2C84D7A70>
Oc1ccc2c(c1)O[C@@H](c1ccc(OCCN3CCCCCC3)cc1)C1=C2CCOc2ccccc21,4.0,<rdkit.Chem.rdchem.Mol object at 0x000001F2C84D7AE0>
Oc1ccc2c(c1)O[C@@H](c1ccc(OCCN3CCOCC3)cc1)C1=C2CCOc2cc(O)ccc21,10.0,<rdkit.Chem.rdchem.Mol object at 0x000001F2C84D7B50>
Oc1ccc2c(c1)O[C@@H](c1ccc(OCCN3CCSCC3)cc1)C1=C2CCOc2cc(O)ccc21,111.0,<rdkit.Chem.rdchem.Mol object at 0x000001F2C84D7BC0>
Oc1ccc2c(c1)O[C@@H](c1cccc(OCCN3CCCCC3)c1)C1=C2CCOc2cc(O)ccc21,190.0,<rdkit.Chem.rdchem.Mol object at 0x000001F2C84D7C30>
Oc1ccc2c(c1)O[C@@H](c1cccc(OCCN3CCSCC3)c1)C1=C2CCOc2cc(O)ccc21,1000.0,<rdkit.Chem.rdchem.Mol object at 0x000001F2C84D7CA0>
Oc1ccc2c(c1)O[C@H](c1ccc(OCCCN3CCCCC3)cc1)C1=C2CCOc2cc(O)ccc21,22.0,<rdkit.Chem.rdchem.Mol object at 0x000001F2C84D7D10>
Oc1ccc2c(c1)O[C@H](c1ccc(OCCN3CC(CF)C3)cc1)C1=C2CCOc2cc(O)ccc21,0.059,<rdkit.Chem.rdchem.Mol object at 0x000001F2C84D7D80>
Oc1ccc2c(c1)O[C@H](c1ccc(OCCN3CCCC3)cc1)C1=C2CCOc2cc(O)ccc21,1.2,<rdkit.Chem.rdchem.Mol object at 0x000001F2C84D7DF0>
Oc1ccc2c(c1)O[C@H](c1ccc(OCCN3CCCCC3)cc1)C1=C2CCOc2cc(O)ccc21,1.1,<rdkit.Chem.rdchem.Mol object at 0x000001F2C84D7E60>
Oc1ccc2c(c1)O[C@H](c1ccc(OCCN3CCCCC3)cc1)C1=C2CCOc2ccccc21,100.0,<rdkit.Chem.rdchem.Mol object at 0x000001F2C84D7ED0>
Oc1ccc2c(c1)O[C@H](c1ccc(OCCN3CCCCC3)cc1)C1=C2COc2cc(O)ccc21,51.0,<rdkit.Chem.rdchem.Mol object at 0x000001F2C84D7F40>
Oc1ccc2c(c1)O[C@H](c1ccc(OCCN3CCCCCC3)cc1)C1=C2CCOc2cc(O)ccc21,2.2,<rdkit.Chem.rdchem.Mol object at 0x000001F2C84D3F40>
Oc1ccc2c(c1)O[C@H](c1ccc(OCCN3CCCCCC3)cc1)C1=C2CCOc2ccccc21,85.0,<rdkit.Chem.rdchem.Mol object at 0x000001F2C84D3ED0>
Oc1ccc2c(c1)O[C@H](c1ccc(OCCN3CCOCC3)cc1)C1=C2CCOc2cc(O)ccc21,1.6,<rdkit.Chem.rdchem.Mol object at 0x000001F2C84D3E60>
Oc1ccc2c(c1)O[C@H](c1ccc(OCCN3CCSCC3)cc1)C1=C2CCOc2cc(O)ccc21,1.2,<rdkit.Chem.rdchem.Mol object at 0x000001F2C84D3D80>
Oc1ccc2c(c1)O[C@H](c1cccc(OCCN3CCCCC3)c1)C1=C2CCOc2cc(O)ccc21,150.0,<rdkit.Chem.rdchem.Mol object at 0x000001F2C84D3D10>
Oc1ccc2c(c1)O[C@H](c1cccc(OCCN3CCSCC3)c1)C1=C2CCOc2cc(O)ccc21,1000.0,<rdkit.Chem.rdchem.Mol object at 0x000001F2C84D3DF0>
Oc1ccc2c(c1)SC(c1ccc(F)cc1)C(c1ccc(OCCN3CCCCC3)cc1)O2,3.8,<rdkit.Chem.rdchem.Mol object at 0x000001F2C84D3CA0>
Oc1ccc2c(c1)SC(c1ccccc1)C(c1ccc(OCCN3CCCCC3)cc1)O2,11.9,<rdkit.Chem.rdchem.Mol object at 0x000001F2C84D3C30>
Oc1ccc2c(c1)S[C@@H](c1ccccc1)[C@@H](c1ccc(OCCN3CCCCC3)cc1)O2,6.2,<rdkit.Chem.rdchem.Mol object at 0x000001F2C84D3AE0>
Oc1ccc2c(c1)S[C@@H](c1ccccc1O)[C@@H](c1ccc(OCCN3CCCCC3)cc1)O2,1.3,<rdkit.Chem.rdchem.Mol object at 0x000001F2C84D3BC0>
Oc1ccc2c(c1)S[C@H](C1CCCC1)[C@H](c1ccc(OCCN3CCCCC3)cc1)O2,2.5,<rdkit.Chem.rdchem.Mol object at 0x000001F2C84D3B50>
Oc1ccc2c(c1)S[C@H](C1CCCCC1)[C@H](c1ccc(OCCN3CCCCC3)cc1)O2,2.6,<rdkit.Chem.rdchem.Mol object at 0x000001F2C84D3A70>
Oc1ccc2c(c1)S[C@H](C1CCCCCC1)[C@H](c1ccc(OCCN3CCCCC3)cc1)O2,7.5,<rdkit.Chem.rdchem.Mol object at 0x000001F2C84D3A00>
Oc1ccc2c(c1)S[C@H](CC1CCCC1)[C@H](c1ccc(OCCN3CCCCC3)cc1)O2,3.0,<rdkit.Chem.rdchem.Mol object at 0x000001F2C84D3990>
Oc1ccc2c(c1)S[C@H](CC1CCCCC1)[C@H](c1ccc(OCCN3CCCCC3)cc1)O2,3.9,<rdkit.Chem.rdchem.Mol object at 0x000001F2C84D3920>
Oc1ccc2c(c1)S[C@H](Cc1ccccc1)[C@H](c1ccc(OCCN3CCCCC3)cc1)O2,7.4,<rdkit.Chem.rdchem.Mol object at 0x000001F2C84D38B0>
Oc1ccc2c(c1)S[C@H](c1cccnc1)[C@H](c1ccc(OCCN3CCCCC3)cc1)O2,542.0,<rdkit.Chem.rdchem.Mol object at 0x000001F2C84D3840>
Oc1ccc2c(c1)S[C@H](c1ccco1)[C@H](c1ccc(OCCN3CCCCC3)cc1)O2,35.0,<rdkit.Chem.rdchem.Mol object at 0x000001F2C84D3680>
Oc1ccc2c(c1)S[C@H](c1cccs1)[C@H](c1ccc(OCCN3CCCCC3)cc1)O2,8.8,<rdkit.Chem.rdchem.Mol object at 0x000001F2C84D37D0>
Oc1ccc2c(c1)S[C@H](c1ccncc1)[C@H](c1ccc(OCCN3CCCCC3)cc1)O2,490.0,<rdkit.Chem.rdchem.Mol object at 0x000001F2C84D36F0>
Oc1ccc2c(c1)sc1c3cc(O)ccc3n(Cc3ccc(OCCN4CCCC4)cc3)c21,6.0,<rdkit.Chem.rdchem.Mol object at 0x000001F2C84D3760>
Oc1ccc2c(c1)sc1c3cc(O)ccc3n(Cc3ccc(OCCN4CCCCC4)cc3)c21,2.84,<rdkit.Chem.rdchem.Mol object at 0x000001F2C84D3610>
Oc1ccc2c(c1)sc1c3cc(O)ccc3n(Cc3ccc(OCCN4CCCCCC4)cc3)c21,3.34,<rdkit.Chem.rdchem.Mol object at 0x000001F2C84D35A0>
Oc1ccc2c(c1)sc1c3cc(O)ccc3n(Cc3ccc(OCCN4CCOCC4)cc3)c21,10.0,<rdkit.Chem.rdchem.Mol object at 0x000001F2C84D3530>
Oc1ccc2c(c1)sc1c3ccccc3n(Cc3ccc(OCCN4CCCC4)cc3)c21,27.2,<rdkit.Chem.rdchem.Mol object at 0x000001F2C84D33E0>
Oc1ccc2c(c1)sc1c3ccccc3n(Cc3ccc(OCCN4CCCCC4)cc3)c21,39.0,<rdkit.Chem.rdchem.Mol object at 0x000001F2C84D34C0>
Oc1ccc2c(c1)sc1c3ccccc3n(Cc3ccc(OCCN4CCCCCC4)cc3)c21,18.0,<rdkit.Chem.rdchem.Mol object at 0x000001F2C84D3450>
Oc1ccc2c(c1)sc1c3ccccc3n(Cc3ccc(OCCN4CCOCC4)cc3)c21,126.0,<rdkit.Chem.rdchem.Mol object at 0x000001F2C84D3370>
Oc1ccc2c(c1F)CCCC(c1ccc(C(F)(F)F)cc1)=C2c1ccc(O[C@H]2CCN(CCCF)C2)cc1,170.0,<rdkit.Chem.rdchem.Mol object at 0x000001F2C84D3300>
Oc1ccc2c(c1F)CCCC(c1ccc(Cl)cc1Cl)=C2c1ccc(O[C@H]2CCN(CCCF)C2)cc1,23.0,<rdkit.Chem.rdchem.Mol object at 0x000001F2C84D3290>
Oc1ccc2c(c1F)CCCC(c1ccc(Cl)cc1F)=C2c1ccc(O[C@H]2CCN(CCCF)C2)cc1,56.0,<rdkit.Chem.rdchem.Mol object at 0x000001F2C84D3220>
Oc1ccc2c(c1F)CCCC(c1ccc(F)cc1C(F)(F)F)=C2c1ccc(O[C@H]2CCN(CCCF)C2)cc1,71.0,<rdkit.Chem.rdchem.Mol object at 0x000001F2C84D30D0>
Oc1ccc2c(c1F)CCCC(c1ccc(OC(F)(F)F)cc1)=C2c1ccc(O[C@H]2CCN(CCCF)C2)cc1,242.0,<rdkit.Chem.rdchem.Mol object at 0x000001F2C84D31B0>
Oc1ccc2c(c1F)CCCC(c1ccc(OC(F)(F)F)cc1Cl)=C2c1ccc(O[C@H]2CCN(CCCF)C2)cc1,187.0,<rdkit.Chem.rdchem.Mol object at 0x000001F2C84D3140>
Oc1ccc2c(c1F)CCCC(c1ccc(OC(F)(F)F)cc1F)=C2c1ccc(O[C@H]2CCN(CCCF)C2)cc1,110.0,<rdkit.Chem.rdchem.Mol object at 0x000001F2C84D3060>
Oc1ccc2c(c1F)CCCC(c1ccc(OC(F)F)c(F)c1)=C2c1ccc(O[C@H]2CCN(CCCF)C2)cc1,113.0,<rdkit.Chem.rdchem.Mol object at 0x000001F2C84D2FF0>
Oc1ccc2c(c1F)CCCC(c1ccc(OC(F)F)cc1)=C2c1ccc(O[C@H]2CCN(CCCF)C2)cc1,57.0,<rdkit.Chem.rdchem.Mol object at 0x000001F2C84D2EA0>
Oc1ccc2c(c1F)CCCC(c1ccc(OC(F)F)cc1F)=C2c1ccc(O[C@H]2CCN(CCCF)C2)cc1,27.0,<rdkit.Chem.rdchem.Mol object at 0x000001F2C84D2F80>
Oc1ccc2c(c1F)CCCC(c1ccc(SC(F)(F)F)cc1)=C2c1ccc(O[C@H]2CCN(CCCF)C2)cc1,169.0,<rdkit.Chem.rdchem.Mol object at 0x000001F2C84D2F10>
Oc1ccc2c(c1F)CCCC(c1cccc(F)c1Cl)=C2c1ccc(O[C@H]2CCN(CCCF)C2)cc1,24.0,<rdkit.Chem.rdchem.Mol object at 0x000001F2C84D2E30>
Oc1ccc2c3c(cnc2c1)-c1ccc(C(F)(F)F)cc1O[C@@H]3c1ccc(OCCN2CC(CF)C2)cc1,6.3,<rdkit.Chem.rdchem.Mol object at 0x000001F2C84D2D50>
Oc1ccc2cc(-c3cc(F)c(O)c(F)c3)ccc2c1,92.0,<rdkit.Chem.rdchem.Mol object at 0x000001F2C84D2CE0>
Oc1ccc2cc(-c3cc(F)c(O)c(F)c3)ccc2c1Cl,519.0,<rdkit.Chem.rdchem.Mol object at 0x000001F2C84D2DC0>
Oc1ccc2cc(-c3cc(F)c(O)cc3F)ccc2c1,27.0,<rdkit.Chem.rdchem.Mol object at 0x000001F2C84D2C70>
Oc1ccc2cc(-c3ccc(O)c(Cl)c3)ccc2c1,107.0,<rdkit.Chem.rdchem.Mol object at 0x000001F2C84D2C00>
Oc1ccc2cc(-c3ccc(O)c(F)c3)cc(F)c2c1,21.0,<rdkit.Chem.rdchem.Mol object at 0x000001F2C84D2B90>
Oc1ccc2cc(-c3ccc(O)c(F)c3)ccc2c1,92.0,<rdkit.Chem.rdchem.Mol object at 0x000001F2C84D2B20>
Oc1ccc2cc(-c3ccccc3)ccc2c1,1345.0,<rdkit.Chem.rdchem.Mol object at 0x000001F2C84D29D0>
Oc1ccc2cc(-c3ccccc3O)ccc2c1,5000.0,<rdkit.Chem.rdchem.Mol object at 0x000001F2C84D2AB0>
Oc1ccc2cc(-c3nc4cc(O)ccc4o3)ccc2c1,3800.0,<rdkit.Chem.rdchem.Mol object at 0x000001F2C84D2A40>
Oc1ccc2cc(-c3nc4ccc(O)cc4o3)ccc2c1,780.0,<rdkit.Chem.rdchem.Mol object at 0x000001F2C84D2960>
Oc1ccc2cc(-c3noc4cc(O)ccc34)ccc2c1,8.0,<rdkit.Chem.rdchem.Mol object at 0x000001F2C84D27A0>
Oc1ccc2cc(-c3noc4ccc(O)cc34)ccc2c1,463.0,<rdkit.Chem.rdchem.Mol object at 0x000001F2C84D2730>
Oc1ccc2ccc(-c3ccccc3)cc2c1,3405.0,<rdkit.Chem.rdchem.Mol object at 0x000001F2C84D2880>
Oc1ccc2nc(-c3cc(F)c(O)c(F)c3)cc(Br)c2c1,783.0,<rdkit.Chem.rdchem.Mol object at 0x000001F2C84D26C0>
Oc1ccc2nc(-c3ccc(O)c(Cl)c3)oc2c1,5000.0,<rdkit.Chem.rdchem.Mol object at 0x000001F2C84D2810>
Oc1ccc2nc(-c3ccc(O)c(F)c3)cc(-c3ccccc3)c2c1,1815.0,<rdkit.Chem.rdchem.Mol object at 0x000001F2C84D28F0>
Oc1ccc2nc(-c3ccc(O)c(F)c3)cc(Br)c2c1,283.0,<rdkit.Chem.rdchem.Mol object at 0x000001F2C84D2650>
Oc1ccc2nc(-c3ccc(O)c(F)c3)cc(Cl)c2c1,246.0,<rdkit.Chem.rdchem.Mol object at 0x000001F2C84D25E0>
Oc1ccc2nc(-c3ccc(O)c(F)c3)oc2c1,8430.0,<rdkit.Chem.rdchem.Mol object at 0x000001F2C84D2570>
Oc1ccc2nc(-c3ccc(O)c(O)c3)oc2c1,2410.0,<rdkit.Chem.rdchem.Mol object at 0x000001F2C84D2500>
Oc1ccc2nc(-c3ccc(O)c4ccccc34)oc2c1,1900.0,<rdkit.Chem.rdchem.Mol object at 0x000001F2C84D2490>
Oc1ccc2nc(-c3cccc(O)c3O)oc2c1,2353.0,<rdkit.Chem.rdchem.Mol object at 0x000001F2C84D2420>
Oc1ccc2nc(-c3cccc4c(Br)c(O)ccc34)oc2c1,373.0,<rdkit.Chem.rdchem.Mol object at 0x000001F2C84D23B0>
Oc1ccc2nc(-c3cccc4c(O)cccc34)oc2c1,117.0,<rdkit.Chem.rdchem.Mol object at 0x000001F2C84D21F0>
Oc1ccc2nc(-c3cccc4ccccc34)oc2c1,1880.0,<rdkit.Chem.rdchem.Mol object at 0x000001F2C84D2340>
Oc1ccc2oc(-c3ccc(O)c(Cl)c3)nc2c1,5280.0,<rdkit.Chem.rdchem.Mol object at 0x000001F2C84D2260>
Oc1ccc2oc(-c3ccc(O)c(F)c3)nc2c1,1570.0,<rdkit.Chem.rdchem.Mol object at 0x000001F2C84D22D0>
Oc1ccc2oc(-c3cccc(O)c3O)nc2c1,5110.0,<rdkit.Chem.rdchem.Mol object at 0x000001F2C84D2180>
Oc1cccc(-c2ccc3c(O)cccc3c2)c1,1452.0,<rdkit.Chem.rdchem.Mol object at 0x000001F2C84D2110>
Oc1cccc(-c2ccc3cc(O)ccc3c2)c1,230.0,<rdkit.Chem.rdchem.Mol object at 0x000001F2C84D20A0>
Oc1cccc(-c2ccc3ccc(O)cc3c2)c1,2642.0,<rdkit.Chem.rdchem.Mol object at 0x000001F2C84D2030>
Oc1cccc(C2=C(Cl)c3cc(O)ccc3O[C@H]2c2ccc(OCCN3CC(CF)C3)cc2)c1,0.01,<rdkit.Chem.rdchem.Mol object at 0x000001F2C84D1FC0>
Oc1cccc(C2=C(c3ccc(OCCN4CCCC4)cc3)c3ccc(F)cc3OCC2)c1,14.0,<rdkit.Chem.rdchem.Mol object at 0x000001F2C84D1EE0>
Oc1cccc(C2=C(c3ccc(O[C@H]4CCN(CCCF)C4)cc3)c3cc(O)ccc3CCC2)c1,22.0,<rdkit.Chem.rdchem.Mol object at 0x000001F2C84D1E00>
Oc1cccc(C2=C(c3ccc(O[C@H]4CCN(CCCF)C4)cc3)c3ccc(O)cc3CCC2)c1,3.0,<rdkit.Chem.rdchem.Mol object at 0x000001F2C84D1E70>
Oc1cccc(C2=Cc3cc(O)ccc3C23Cc2ccccc2C3)c1,31.5,<rdkit.Chem.rdchem.Mol object at 0x000001F2C84D1F50>
Oc1cccc(C2=Cc3cc(O)ccc3O[C@H]2c2ccc(OCCN3CC(CF)C3)cc2)c1,0.5,<rdkit.Chem.rdchem.Mol object at 0x000001F2C84D1D90>
Oc1cccc(C2=Cc3ccc(O)cc3C23Cc2ccccc2C3)c1,31.0,<rdkit.Chem.rdchem.Mol object at 0x000001F2C84D1D20>
Oc1cccc(C2Sc3cc(O)ccc3OC2c2ccc(OCCN3CCCCC3)cc2)c1,3.0,<rdkit.Chem.rdchem.Mol object at 0x000001F2C84D1C40>
Oc1cccc(CN(CC2(c3ccccc3F)CCCC2)c2ccc(OCCN3CCCCC3)cc2)c1Cl,8.0,<rdkit.Chem.rdchem.Mol object at 0x000001F2C84D1BD0>
Oc1cccc(CN(CC2(c3ccccc3F)CCCC2)c2ccccc2)c1Cl,15.0,<rdkit.Chem.rdchem.Mol object at 0x000001F2C84D1CB0>
Oc1cccc(CN(CCCN2CCCCC2)CC2(c3ccccc3F)CCCC2)c1Cl,960.0,<rdkit.Chem.rdchem.Mol object at 0x000001F2C84D1B60>
Oc1cccc(CN(CCN2CCCCC2)CC2(c3ccccc3F)CCCC2)c1Cl,10000.0,<rdkit.Chem.rdchem.Mol object at 0x000001F2C84D1AF0>
Oc1cccc(CN(CCOCCN2CCCCC2)CC2(c3ccccc3F)CCCC2)c1Cl,83.0,<rdkit.Chem.rdchem.Mol object at 0x000001F2C84D1A80>
Oc1cccc(N2CCc3cc(O)ccc3C2c2ccc(N3CCN(C4CCCC4)CC3)cc2)c1,71.3,<rdkit.Chem.rdchem.Mol object at 0x000001F2C84D1930>
Oc1cccc(N2CCc3cc(O)ccc3C2c2ccc(N3CCN(C4CCCCC4)CC3)cc2)c1,99.4,<rdkit.Chem.rdchem.Mol object at 0x000001F2C84D1A10>
Oc1cccc(N2CCc3cc(O)ccc3C2c2ccc(N3CCN(CC4CC4)CC3)cc2)c1,122.0,<rdkit.Chem.rdchem.Mol object at 0x000001F2C84D19A0>
Oc1cccc(O)c1,250000.0,<rdkit.Chem.rdchem.Mol object at 0x000001F2C84D18C0>
Oc1cccc([C@H]2Sc3cc(O)ccc3O[C@H]2c2ccc(OCCN3CCCC3)cc2)c1,0.95,<rdkit.Chem.rdchem.Mol object at 0x000001F2C84D1850>
Oc1cccc([C@H]2Sc3cc(O)ccc3O[C@H]2c2ccc(OCCN3CCCCC3)cc2)c1,4.05,<rdkit.Chem.rdchem.Mol object at 0x000001F2C84D17E0>
Oc1cccc([C@H]2Sc3cc(O)ccc3O[C@H]2c2ccc(OCCN3CCOCC3)cc2)c1,3.8,<rdkit.Chem.rdchem.Mol object at 0x000001F2C84D1770>
Oc1cccc([C@H]2Sc3cc(O)ccc3O[C@H]2c2ccc(OCCNC3CCCCCC3)cc2)c1,1.2,<rdkit.Chem.rdchem.Mol object at 0x000001F2C84D1700>
Oc1cccc([C@H]2Sc3cc(O)ccc3S[C@H]2c2ccc(OCCN3CCCCC3)c(Br)c2)c1,4.0,<rdkit.Chem.rdchem.Mol object at 0x000001F2C84D1690>
Oc1cccc([C@H]2Sc3cc(O)ccc3S[C@H]2c2ccc(OCCN3CCCCC3)cc2)c1,15.0,<rdkit.Chem.rdchem.Mol object at 0x000001F2C84D1620>
Oc1ccccc1,250000.0,<rdkit.Chem.rdchem.Mol object at 0x000001F2C84D1460>
Oc1nc2cc3c(cc2cc1CN(Cc1cccs1)Cc1nnnn1Cc1ccco1)OCCO3,50000.0,<rdkit.Chem.rdchem.Mol object at 0x000001F2C84D15B0>
[C-]#[N+]c1ccccc1-c1sc2cc(O)ccc2c1Oc1ccc(/C=C/C(=O)O)cc1,1304.5,<rdkit.Chem.rdchem.Mol object at 0x000001F2C84D1540>
[O-][S+]1c2cc(O)ccc2O[C@H](c2ccc(OCCN3CCCCC3)cc2)[C@@H]1c1ccc(O)cc1,100000.0,<rdkit.Chem.rdchem.Mol object at 0x000001F2C84D13F0>
[O-][n+]1ccc(C2=C(c3ccc(O[C@H]4CCN(CCCF)C4)cc3)c3ccc(O)cc3CCC2)cc1,444.0,<rdkit.Chem.rdchem.Mol object at 0x000001F2C84D14D0>
c1ccc(-c2[nH]c3ccccc3c2-c2ccccc2)cc1,6950.0,<rdkit.Chem.rdchem.Mol object at 0x000001F2C84D1380>
c1ccc(C2=C(c3ccc(OCCN4CCC4)cc3)c3ccccc3OCC2)cc1,8.77,<rdkit.Chem.rdchem.Mol object at 0x000001F2C84D1310>
c1ccc(Cn2c(-c3nc4ccccc4[nH]3)cc3ccccc32)cc1,259.16,<rdkit.Chem.rdchem.Mol object at 0x000001F2C84D12A0>
c1ccc(OCc2nnc3sc(C4COc5ccccc5O4)nn23)cc1,9549.84,<rdkit.Chem.rdchem.Mol object at 0x000001F2C84D1230>
c1ccc2[nH]c(C3=Nc4cccc5cccc(c45)N3)cc2c1,201.81,<rdkit.Chem.rdchem.Mol object at 0x000001F2C84D11C0>
